measurement_id,timestamp_epoch_ms,network_environment,operation,rtt_put_ms,rtt_get_ms,rtt_total_ms,delivery_success,retransmissions,retention_hours,republish_enabled,nodes_queried,nodes_responded,error_code
1,1791484226828,WIFI,LOOPBACK_PUT_GET,25.30,21.29,46.59,True,0,0.0,False,16,5,NONE
2,1791484226828,WIFI,LOOPBACK_PUT_GET,35.56,17.55,53.12,True,0,0.0,False,16,8,NONE
3,1791484226828,WIFI,LOOPBACK_PUT_GET,35.41,19.25,54.66,True,0,0.0,False,16,7,NONE
4,1791484226828,WIFI,LOOPBACK_PUT_GET,36.78,22.51,59.29,True,0,0.0,False,16,8,NONE
5,1791484226828,WIFI,LOOPBACK_PUT_GET,23.24,28.40,51.64,True,0,0.0,False,16,5,NONE
6,1791484226828,WIFI,LOOPBACK_PUT_GET,34.23,27.54,61.76,True,0,0.0,False,16,3,NONE
7,1791484226828,WIFI,LOOPBACK_PUT_GET,36.83,39.66,76.49,True,0,0.0,False,16,4,NONE
8,1791484226828,WIFI,LOOPBACK_PUT_GET,31.65,39.79,71.43,True,0,0.0,False,16,3,NONE
9,1791484226828,WIFI,LOOPBACK_PUT_GET,29.12,39.06,68.19,True,0,0.0,False,16,8,NONE
10,1791484226828,WIFI,LOOPBACK_PUT_GET,19.87,31.50,51.36,True,0,0.0,False,16,4,NONE
11,1791484226828,WIFI,LOOPBACK_PUT_GET,16.88,21.10,37.98,True,0,0.0,False,16,7,NONE
12,1791484226828,WIFI,LOOPBACK_PUT_GET,20.87,32.71,53.58,True,0,0.0,False,16,4,NONE
13,1791484226828,WIFI,LOOPBACK_PUT_GET,20.14,16.42,36.56,True,0,0.0,False,16,8,NONE
14,1791484226828,WIFI,LOOPBACK_PUT_GET,16.52,29.63,46.15,True,0,0.0,False,16,5,NONE
15,1791484226828,WIFI,LOOPBACK_PUT_GET,23.52,32.71,56.24,True,0,0.0,False,16,6,NONE
16,1791484226828,WIFI,LOOPBACK_PUT_GET,22.14,26.85,49.00,True,0,0.0,False,16,5,NONE
17,1791484226828,WIFI,LOOPBACK_PUT_GET,29.80,23.62,53.41,True,0,0.0,False,16,7,NONE
18,1791484226828,WIFI,LOOPBACK_PUT_GET,26.37,23.26,49.63,True,0,0.0,False,16,6,NONE
19,1791484226828,WIFI,LOOPBACK_PUT_GET,34.25,25.28,59.53,True,0,0.0,False,16,5,NONE
20,1791484226828,WIFI,LOOPBACK_PUT_GET,36.75,28.04,64.79,True,0,0.0,False,16,6,NONE
21,1791484226828,WIFI,LOOPBACK_PUT_GET,31.41,18.99,50.41,True,0,0.0,False,16,4,NONE
22,1791484226828,WIFI,LOOPBACK_PUT_GET,27.29,36.52,63.81,True,0,0.0,False,16,3,NONE
23,1791484226828,WIFI,LOOPBACK_PUT_GET,32.37,30.27,62.64,True,0,0.0,False,16,8,NONE
24,1791484226828,WIFI,LOOPBACK_PUT_GET,32.25,39.33,71.58,True,0,0.0,False,16,8,NONE
25,1791484226828,WIFI,LOOPBACK_PUT_GET,30.29,32.69,62.98,True,0,0.0,False,16,8,NONE
26,1791484226828,WIFI,LOOPBACK_PUT_GET,32.23,32.07,64.30,True,0,0.0,False,16,5,NONE
27,1791484226828,WIFI,LOOPBACK_PUT_GET,35.24,26.29,61.53,True,0,0.0,False,16,6,NONE
28,1791484226828,WIFI,LOOPBACK_PUT_GET,16.81,31.43,48.24,True,0,0.0,False,16,7,NONE
29,1791484226828,WIFI,LOOPBACK_PUT_GET,19.70,34.98,54.68,True,0,0.0,False,16,3,NONE
30,1791484226828,WIFI,LOOPBACK_PUT_GET,26.28,31.03,57.31,True,0,0.0,False,16,8,NONE
31,1791484226828,WIFI,LOOPBACK_PUT_GET,33.91,26.26,60.17,True,0,0.0,False,16,7,NONE
32,1791484226828,WIFI,LOOPBACK_PUT_GET,39.48,39.93,79.41,True,0,0.0,False,16,4,NONE
33,1791484226828,WIFI,LOOPBACK_PUT_GET,36.67,22.47,59.14,True,0,0.0,False,16,5,NONE
34,1791484226828,WIFI,LOOPBACK_PUT_GET,27.58,23.05,50.62,True,0,0.0,False,16,5,NONE
35,1791484226828,WIFI,LOOPBACK_PUT_GET,33.82,24.22,58.04,True,0,0.0,False,16,5,NONE
36,1791484226828,WIFI,LOOPBACK_PUT_GET,37.60,21.40,59.00,True,0,0.0,False,16,4,NONE
37,1791484226828,WIFI,LOOPBACK_PUT_GET,33.85,36.20,70.05,True,0,0.0,False,16,5,NONE
38,1791484226828,WIFI,LOOPBACK_PUT_GET,19.93,22.72,42.64,True,0,0.0,False,16,8,NONE
39,1791484226828,WIFI,LOOPBACK_PUT_GET,29.92,30.73,60.65,True,0,0.0,False,16,3,NONE
40,1791484226828,WIFI,LOOPBACK_PUT_GET,39.16,38.16,77.32,True,0,0.0,False,16,6,NONE
41,1791484226828,WIFI,LOOPBACK_PUT_GET,18.27,23.85,42.12,True,0,0.0,False,16,7,NONE
42,1791484226828,WIFI,LOOPBACK_PUT_GET,35.38,25.96,61.34,True,0,0.0,False,16,5,NONE
43,1791484226828,WIFI,LOOPBACK_PUT_GET,25.71,19.92,45.63,True,0,0.0,False,16,7,NONE
44,1791484226828,WIFI,LOOPBACK_PUT_GET,28.39,27.23,55.63,True,0,0.0,False,16,3,NONE
45,1791484226828,WIFI,LOOPBACK_PUT_GET,21.42,29.28,50.70,True,0,0.0,False,16,6,NONE
46,1791484226828,WIFI,LOOPBACK_PUT_GET,23.91,24.40,48.31,True,0,0.0,False,16,8,NONE
47,1791484226828,WIFI,LOOPBACK_PUT_GET,21.83,27.45,49.28,True,0,0.0,False,16,6,NONE
48,1791484226828,WIFI,LOOPBACK_PUT_GET,18.91,38.06,56.97,True,0,0.0,False,16,3,NONE
49,1791484226828,WIFI,LOOPBACK_PUT_GET,27.92,16.67,44.59,True,0,0.0,False,16,3,NONE
50,1791484226828,WIFI,LOOPBACK_PUT_GET,16.02,36.27,52.29,True,0,0.0,False,16,7,NONE
51,1791484226828,WIFI,LOOPBACK_PUT_GET,24.23,20.51,44.74,True,0,0.0,False,16,5,NONE
52,1791484226828,WIFI,LOOPBACK_PUT_GET,19.19,25.14,44.33,True,0,0.0,False,16,3,NONE
53,1791484226828,WIFI,LOOPBACK_PUT_GET,36.01,16.03,52.04,True,0,0.0,False,16,7,NONE
54,1791484226828,WIFI,LOOPBACK_PUT_GET,18.70,26.25,44.95,True,0,0.0,False,16,4,NONE
55,1791484226828,WIFI,LOOPBACK_PUT_GET,17.13,32.51,49.64,True,0,0.0,False,16,6,NONE
56,1791484226828,WIFI,LOOPBACK_PUT_GET,22.13,16.41,38.54,True,0,0.0,False,16,8,NONE
57,1791484226828,WIFI,LOOPBACK_PUT_GET,35.59,34.73,70.32,True,0,0.0,False,16,6,NONE
58,1791484226828,WIFI,LOOPBACK_PUT_GET,29.68,35.03,64.71,True,0,0.0,False,16,7,NONE
59,1791484226828,WIFI,LOOPBACK_PUT_GET,31.36,18.59,49.96,True,0,0.0,False,16,7,NONE
60,1791484226828,WIFI,LOOPBACK_PUT_GET,31.17,21.95,53.12,True,0,0.0,False,16,5,NONE
61,1791484226828,WIFI,LOOPBACK_PUT_GET,32.01,32.95,64.96,True,0,0.0,False,16,8,NONE
62,1791484226828,WIFI,LOOPBACK_PUT_GET,29.20,27.08,56.29,True,0,0.0,False,16,7,NONE
63,1791484226828,WIFI,LOOPBACK_PUT_GET,28.39,29.61,58.00,True,0,0.0,False,16,4,NONE
64,1791484226828,WIFI,LOOPBACK_PUT_GET,24.03,39.90,63.92,True,0,0.0,False,16,4,NONE
65,1791484226828,WIFI,LOOPBACK_PUT_GET,26.38,19.19,45.57,True,0,0.0,False,16,4,NONE
66,1791484226828,WIFI,LOOPBACK_PUT_GET,38.46,39.57,78.03,True,0,0.0,False,16,6,NONE
67,1791484226828,WIFI,LOOPBACK_PUT_GET,23.93,16.35,40.28,True,0,0.0,False,16,5,NONE
68,1791484226828,WIFI,LOOPBACK_PUT_GET,36.78,20.44,57.22,True,0,0.0,False,16,4,NONE
69,1791484226828,WIFI,LOOPBACK_PUT_GET,19.62,23.04,42.65,True,0,0.0,False,16,7,NONE
70,1791484226828,WIFI,LOOPBACK_PUT_GET,20.27,32.24,52.51,True,0,0.0,False,16,5,NONE
71,1791484226828,WIFI,LOOPBACK_PUT_GET,33.69,16.50,50.19,True,0,0.0,False,16,3,NONE
72,1791484226828,WIFI,LOOPBACK_PUT_GET,38.60,25.26,63.86,True,0,0.0,False,16,3,NONE
73,1791484226828,WIFI,LOOPBACK_PUT_GET,37.08,38.74,75.82,True,0,0.0,False,16,7,NONE
74,1791484226828,WIFI,LOOPBACK_PUT_GET,17.59,30.46,48.05,True,0,0.0,False,16,6,NONE
75,1791484226828,WIFI,LOOPBACK_PUT_GET,21.05,38.32,59.37,True,0,0.0,False,16,7,NONE
76,1791484226828,WIFI,LOOPBACK_PUT_GET,33.09,27.16,60.26,True,0,0.0,False,16,7,NONE
77,1791484226828,WIFI,LOOPBACK_PUT_GET,34.02,23.95,57.97,True,0,0.0,False,16,7,NONE
78,1791484226828,WIFI,LOOPBACK_PUT_GET,17.34,34.08,51.42,True,0,0.0,False,16,8,NONE
79,1791484226828,WIFI,LOOPBACK_PUT_GET,37.59,30.30,67.89,True,0,0.0,False,16,4,NONE
80,1791484226828,WIFI,LOOPBACK_PUT_GET,39.81,32.03,71.85,True,0,0.0,False,16,7,NONE
81,1791484226828,WIFI,LOOPBACK_PUT_GET,34.84,25.97,60.80,True,0,0.0,False,16,8,NONE
82,1791484226828,WIFI,LOOPBACK_PUT_GET,19.89,21.64,41.53,True,0,0.0,False,16,5,NONE
83,1791484226828,WIFI,LOOPBACK_PUT_GET,16.62,23.63,40.26,True,0,0.0,False,16,5,NONE
84,1791484226828,WIFI,LOOPBACK_PUT_GET,25.49,20.49,45.97,True,0,0.0,False,16,4,NONE
85,1791484226828,WIFI,LOOPBACK_PUT_GET,21.56,29.56,51.13,True,0,0.0,False,16,6,NONE
86,1791484226828,WIFI,LOOPBACK_PUT_GET,33.97,38.08,72.05,True,0,0.0,False,16,5,NONE
87,1791484226828,WIFI,LOOPBACK_PUT_GET,29.83,23.04,52.87,True,0,0.0,False,16,4,NONE
88,1791484226828,WIFI,LOOPBACK_PUT_GET,33.67,23.09,56.77,True,0,0.0,False,16,3,NONE
89,1791484226828,WIFI,LOOPBACK_PUT_GET,30.10,31.28,61.38,True,0,0.0,False,16,5,NONE
90,1791484226828,WIFI,LOOPBACK_PUT_GET,36.91,20.37,57.28,True,0,0.0,False,16,5,NONE
91,1791484226828,WIFI,LOOPBACK_PUT_GET,36.59,19.33,55.93,True,0,0.0,False,16,4,NONE
92,1791484226828,WIFI,LOOPBACK_PUT_GET,21.45,29.39,50.83,True,0,0.0,False,16,6,NONE
93,1791484226828,WIFI,LOOPBACK_PUT_GET,24.77,28.43,53.19,True,0,0.0,False,16,6,NONE
94,1791484226828,WIFI,LOOPBACK_PUT_GET,24.56,35.96,60.53,True,0,0.0,False,16,8,NONE
95,1791484226828,WIFI,LOOPBACK_PUT_GET,33.27,27.04,60.31,True,0,0.0,False,16,8,NONE
96,1791484226828,WIFI,LOOPBACK_PUT_GET,28.96,27.60,56.56,True,0,0.0,False,16,5,NONE
97,1791484226828,WIFI,LOOPBACK_PUT_GET,26.08,19.61,45.69,True,0,0.0,False,16,7,NONE
98,1791484226828,WIFI,LOOPBACK_PUT_GET,26.28,28.16,54.43,True,0,0.0,False,16,5,NONE
99,1791484226828,WIFI,LOOPBACK_PUT_GET,17.15,21.82,38.97,True,0,0.0,False,16,5,NONE
100,1791484226828,WIFI,LOOPBACK_PUT_GET,38.87,27.26,66.12,True,0,0.0,False,16,8,NONE
101,1791484226828,WIFI,LOOPBACK_PUT_GET,34.33,27.35,61.69,True,0,0.0,False,16,3,NONE
102,1791484226828,WIFI,LOOPBACK_PUT_GET,26.19,37.76,63.96,True,0,0.0,False,16,6,NONE
103,1791484226828,WIFI,LOOPBACK_PUT_GET,31.56,23.06,54.62,True,0,0.0,False,16,4,NONE
104,1791484226828,WIFI,LOOPBACK_PUT_GET,33.41,34.19,67.60,True,0,0.0,False,16,3,NONE
105,1791484226828,WIFI,LOOPBACK_PUT_GET,27.65,32.47,60.12,True,0,0.0,False,16,5,NONE
106,1791484226828,WIFI,LOOPBACK_PUT_GET,16.67,32.82,49.48,True,0,0.0,False,16,4,NONE
107,1791484226828,WIFI,LOOPBACK_PUT_GET,34.41,29.91,64.32,True,0,0.0,False,16,8,NONE
108,1791484226828,WIFI,LOOPBACK_PUT_GET,33.85,27.03,60.88,True,0,0.0,False,16,3,NONE
109,1791484226828,WIFI,LOOPBACK_PUT_GET,36.00,38.28,74.28,True,0,0.0,False,16,4,NONE
110,1791484226828,WIFI,LOOPBACK_PUT_GET,29.55,34.60,64.15,True,0,0.0,False,16,6,NONE
111,1791484226828,WIFI,LOOPBACK_PUT_GET,18.55,31.24,49.79,True,0,0.0,False,16,3,NONE
112,1791484226828,WIFI,LOOPBACK_PUT_GET,23.09,37.87,60.97,True,0,0.0,False,16,6,NONE
113,1791484226828,WIFI,LOOPBACK_PUT_GET,38.72,26.78,65.50,True,0,0.0,False,16,7,NONE
114,1791484226828,WIFI,LOOPBACK_PUT_GET,22.47,19.99,42.46,True,0,0.0,False,16,7,NONE
115,1791484226828,WIFI,LOOPBACK_PUT_GET,30.26,26.07,56.33,True,0,0.0,False,16,8,NONE
116,1791484226828,WIFI,LOOPBACK_PUT_GET,38.81,23.58,62.39,True,0,0.0,False,16,6,NONE
117,1791484226828,WIFI,LOOPBACK_PUT_GET,22.57,33.47,56.04,True,0,0.0,False,16,5,NONE
118,1791484226828,WIFI,LOOPBACK_PUT_GET,37.54,25.70,63.24,True,0,0.0,False,16,4,NONE
119,1791484226828,WIFI,LOOPBACK_PUT_GET,17.47,25.78,43.25,True,0,0.0,False,16,5,NONE
120,1791484226828,WIFI,LOOPBACK_PUT_GET,24.65,25.71,50.36,True,0,0.0,False,16,3,NONE
121,1791484226828,WIFI,LOOPBACK_PUT_GET,28.99,39.14,68.13,True,0,0.0,False,16,7,NONE
122,1791484226828,WIFI,LOOPBACK_PUT_GET,22.20,38.71,60.91,True,0,0.0,False,16,6,NONE
123,1791484226828,WIFI,LOOPBACK_PUT_GET,19.94,17.10,37.03,True,0,0.0,False,16,6,NONE
124,1791484226828,WIFI,LOOPBACK_PUT_GET,26.29,28.29,54.59,True,0,0.0,False,16,3,NONE
125,1791484226828,WIFI,LOOPBACK_PUT_GET,430.30,37.02,467.32,True,1,0.0,False,16,3,NONE
126,1791484226828,WIFI,LOOPBACK_PUT_GET,21.54,39.86,61.39,True,0,0.0,False,16,5,NONE
127,1791484226828,WIFI,LOOPBACK_PUT_GET,30.43,28.52,58.95,True,0,0.0,False,16,4,NONE
128,1791484226828,WIFI,LOOPBACK_PUT_GET,25.48,21.37,46.85,True,0,0.0,False,16,5,NONE
129,1791484226828,WIFI,LOOPBACK_PUT_GET,25.05,32.57,57.62,True,0,0.0,False,16,8,NONE
130,1791484226828,WIFI,LOOPBACK_PUT_GET,22.45,17.37,39.82,True,0,0.0,False,16,3,NONE
131,1791484226828,WIFI,LOOPBACK_PUT_GET,19.33,31.82,51.14,True,0,0.0,False,16,5,NONE
132,1791484226829,WIFI,LOOPBACK_PUT_GET,23.57,25.31,48.89,True,0,0.0,False,16,4,NONE
133,1791484226829,WIFI,LOOPBACK_PUT_GET,33.05,23.86,56.91,True,0,0.0,False,16,4,NONE
134,1791484226829,WIFI,LOOPBACK_PUT_GET,39.97,17.86,57.83,True,0,0.0,False,16,3,NONE
135,1791484226829,WIFI,LOOPBACK_PUT_GET,21.30,34.47,55.78,True,0,0.0,False,16,6,NONE
136,1791484226829,WIFI,LOOPBACK_PUT_GET,18.08,30.88,48.96,True,0,0.0,False,16,5,NONE
137,1791484226829,WIFI,LOOPBACK_PUT_GET,25.60,18.80,44.40,True,0,0.0,False,16,7,NONE
138,1791484226829,WIFI,LOOPBACK_PUT_GET,36.30,20.70,57.00,True,0,0.0,False,16,6,NONE
139,1791484226829,WIFI,LOOPBACK_PUT_GET,24.31,28.16,52.47,True,0,0.0,False,16,3,NONE
140,1791484226829,WIFI,LOOPBACK_PUT_GET,17.32,38.39,55.71,True,0,0.0,False,16,7,NONE
141,1791484226829,WIFI,LOOPBACK_PUT_GET,23.48,29.56,53.04,True,0,0.0,False,16,4,NONE
142,1791484226829,WIFI,LOOPBACK_PUT_GET,30.71,32.00,62.71,True,0,0.0,False,16,8,NONE
143,1791484226829,WIFI,LOOPBACK_PUT_GET,24.16,26.02,50.17,True,0,0.0,False,16,4,NONE
144,1791484226829,WIFI,LOOPBACK_PUT_GET,39.55,17.60,57.16,True,0,0.0,False,16,7,NONE
145,1791484226829,WIFI,LOOPBACK_PUT_GET,22.82,21.51,44.33,True,0,0.0,False,16,3,NONE
146,1791484226829,WIFI,LOOPBACK_PUT_GET,37.66,24.69,62.35,True,0,0.0,False,16,6,NONE
147,1791484226829,WIFI,LOOPBACK_PUT_GET,39.27,32.38,71.65,True,0,0.0,False,16,4,NONE
148,1791484226829,WIFI,LOOPBACK_PUT_GET,26.54,25.15,51.69,True,0,0.0,False,16,8,NONE
149,1791484226829,WIFI,LOOPBACK_PUT_GET,37.73,20.91,58.64,True,0,0.0,False,16,3,NONE
150,1791484226829,WIFI,LOOPBACK_PUT_GET,30.03,26.59,56.62,True,0,0.0,False,16,7,NONE
151,1791484226829,WIFI,LOOPBACK_PUT_GET,21.74,28.79,50.53,True,0,0.0,False,16,8,NONE
152,1791484226829,WIFI,LOOPBACK_PUT_GET,18.51,31.74,50.26,True,0,0.0,False,16,8,NONE
153,1791484226829,WIFI,LOOPBACK_PUT_GET,29.07,35.45,64.52,True,0,0.0,False,16,7,NONE
154,1791484226829,WIFI,LOOPBACK_PUT_GET,26.71,19.78,46.50,True,0,0.0,False,16,8,NONE
155,1791484226829,WIFI,LOOPBACK_PUT_GET,23.52,38.38,61.90,True,0,0.0,False,16,5,NONE
156,1791484226829,WIFI,LOOPBACK_PUT_GET,31.69,30.91,62.60,True,0,0.0,False,16,8,NONE
157,1791484226829,WIFI,LOOPBACK_PUT_GET,32.80,23.52,56.32,True,0,0.0,False,16,5,NONE
158,1791484226829,WIFI,LOOPBACK_PUT_GET,30.18,30.06,60.23,True,0,0.0,False,16,5,NONE
159,1791484226829,WIFI,LOOPBACK_PUT_GET,28.19,18.66,46.85,True,0,0.0,False,16,6,NONE
160,1791484226829,WIFI,LOOPBACK_PUT_GET,33.57,33.23,66.80,True,0,0.0,False,16,6,NONE
161,1791484226829,WIFI,LOOPBACK_PUT_GET,26.85,29.69,56.54,True,0,0.0,False,16,7,NONE
162,1791484226829,WIFI,LOOPBACK_PUT_GET,18.92,21.18,40.10,True,0,0.0,False,16,5,NONE
163,1791484226829,WIFI,LOOPBACK_PUT_GET,26.35,39.32,65.66,True,0,0.0,False,16,6,NONE
164,1791484226829,WIFI,LOOPBACK_PUT_GET,34.96,33.75,68.71,True,0,0.0,False,16,4,NONE
165,1791484226829,WIFI,LOOPBACK_PUT_GET,36.74,27.75,64.49,True,0,0.0,False,16,6,NONE
166,1791484226829,WIFI,LOOPBACK_PUT_GET,20.58,19.65,40.23,True,0,0.0,False,16,7,NONE
167,1791484226829,WIFI,LOOPBACK_PUT_GET,38.37,19.15,57.53,True,0,0.0,False,16,7,NONE
168,1791484226829,WIFI,LOOPBACK_PUT_GET,34.12,30.33,64.45,True,0,0.0,False,16,3,NONE
169,1791484226829,WIFI,LOOPBACK_PUT_GET,17.98,29.16,47.14,True,0,0.0,False,16,4,NONE
170,1791484226829,WIFI,LOOPBACK_PUT_GET,39.15,38.33,77.48,True,0,0.0,False,16,7,NONE
171,1791484226829,WIFI,LOOPBACK_PUT_GET,20.06,30.23,50.28,True,0,0.0,False,16,7,NONE
172,1791484226829,WIFI,LOOPBACK_PUT_GET,22.42,19.30,41.72,True,0,0.0,False,16,5,NONE
173,1791484226829,WIFI,LOOPBACK_PUT_GET,33.88,27.52,61.40,True,0,0.0,False,16,4,NONE
174,1791484226829,WIFI,LOOPBACK_PUT_GET,23.61,35.16,58.77,True,0,0.0,False,16,5,NONE
175,1791484226829,WIFI,LOOPBACK_PUT_GET,30.68,436.37,467.05,True,1,0.0,False,16,6,NONE
176,1791484226829,WIFI,LOOPBACK_PUT_GET,26.02,39.81,65.83,True,0,0.0,False,16,4,NONE
177,1791484226829,WIFI,LOOPBACK_PUT_GET,20.23,24.15,44.38,True,0,0.0,False,16,7,NONE
178,1791484226829,WIFI,LOOPBACK_PUT_GET,31.72,30.04,61.76,True,0,0.0,False,16,7,NONE
179,1791484226829,WIFI,LOOPBACK_PUT_GET,30.89,22.27,53.17,True,0,0.0,False,16,7,NONE
180,1791484226829,WIFI,LOOPBACK_PUT_GET,28.80,26.76,55.56,True,0,0.0,False,16,4,NONE
181,1791484226829,WIFI,LOOPBACK_PUT_GET,26.85,23.52,50.38,True,0,0.0,False,16,4,NONE
182,1791484226829,WIFI,LOOPBACK_PUT_GET,19.95,24.47,44.42,True,0,0.0,False,16,8,NONE
183,1791484226829,WIFI,LOOPBACK_PUT_GET,29.93,19.39,49.32,True,0,0.0,False,16,5,NONE
184,1791484226829,WIFI,LOOPBACK_PUT_GET,19.20,18.96,38.16,True,0,0.0,False,16,5,NONE
185,1791484226829,WIFI,LOOPBACK_PUT_GET,34.92,36.22,71.14,True,0,0.0,False,16,4,NONE
186,1791484226829,WIFI,LOOPBACK_PUT_GET,17.50,23.95,41.45,True,0,0.0,False,16,3,NONE
187,1791484226829,WIFI,LOOPBACK_PUT_GET,16.43,23.84,40.27,True,0,0.0,False,16,7,NONE
188,1791484226829,WIFI,LOOPBACK_PUT_GET,39.30,24.92,64.21,True,0,0.0,False,16,7,NONE
189,1791484226829,WIFI,LOOPBACK_PUT_GET,34.15,38.12,72.27,True,0,0.0,False,16,7,NONE
190,1791484226829,WIFI,LOOPBACK_PUT_GET,22.46,30.98,53.43,True,0,0.0,False,16,6,NONE
191,1791484226829,WIFI,LOOPBACK_PUT_GET,28.29,25.71,54.00,True,0,0.0,False,16,5,NONE
192,1791484226829,WIFI,LOOPBACK_PUT_GET,28.41,31.84,60.25,True,0,0.0,False,16,7,NONE
193,1791484226829,WIFI,LOOPBACK_PUT_GET,27.59,22.43,50.02,True,0,0.0,False,16,7,NONE
194,1791484226829,WIFI,LOOPBACK_PUT_GET,33.35,34.31,67.66,True,0,0.0,False,16,5,NONE
195,1791484226829,WIFI,LOOPBACK_PUT_GET,28.87,31.92,60.78,True,0,0.0,False,16,3,NONE
196,1791484226829,WIFI,LOOPBACK_PUT_GET,34.69,20.66,55.34,True,0,0.0,False,16,5,NONE
197,1791484226829,WIFI,LOOPBACK_PUT_GET,21.28,27.43,48.70,True,0,0.0,False,16,8,NONE
198,1791484226829,WIFI,LOOPBACK_PUT_GET,27.16,30.12,57.29,True,0,0.0,False,16,8,NONE
199,1791484226829,WIFI,LOOPBACK_PUT_GET,34.24,35.57,69.81,True,0,0.0,False,16,6,NONE
200,1791484226829,WIFI,LOOPBACK_PUT_GET,38.49,19.62,58.11,True,0,0.0,False,16,4,NONE
201,1791484226829,WIFI,LOOPBACK_PUT_GET,23.70,16.04,39.74,True,0,0.0,False,16,7,NONE
202,1791484226829,WIFI,LOOPBACK_PUT_GET,32.10,39.93,72.04,True,0,0.0,False,16,6,NONE
203,1791484226829,WIFI,LOOPBACK_PUT_GET,22.54,17.77,40.31,True,0,0.0,False,16,6,NONE
204,1791484226829,WIFI,LOOPBACK_PUT_GET,37.07,16.04,53.11,True,0,0.0,False,16,7,NONE
205,1791484226829,WIFI,LOOPBACK_PUT_GET,20.91,29.31,50.22,True,0,0.0,False,16,4,NONE
206,1791484226829,WIFI,LOOPBACK_PUT_GET,34.29,33.27,67.56,True,0,0.0,False,16,8,NONE
207,1791484226829,WIFI,LOOPBACK_PUT_GET,38.85,39.65,78.50,True,0,0.0,False,16,6,NONE
208,1791484226829,WIFI,LOOPBACK_PUT_GET,18.82,21.37,40.19,True,0,0.0,False,16,6,NONE
209,1791484226829,WIFI,LOOPBACK_PUT_GET,17.65,27.11,44.77,True,0,0.0,False,16,3,NONE
210,1791484226829,WIFI,LOOPBACK_PUT_GET,33.54,30.67,64.21,True,0,0.0,False,16,4,NONE
211,1791484226829,WIFI,LOOPBACK_PUT_GET,17.50,36.42,53.92,True,0,0.0,False,16,7,NONE
212,1791484226829,WIFI,LOOPBACK_PUT_GET,25.56,25.64,51.20,True,0,0.0,False,16,8,NONE
213,1791484226829,WIFI,LOOPBACK_PUT_GET,24.85,31.22,56.07,True,0,0.0,False,16,4,NONE
214,1791484226829,WIFI,LOOPBACK_PUT_GET,19.41,26.99,46.41,True,0,0.0,False,16,7,NONE
215,1791484226829,WIFI,LOOPBACK_PUT_GET,31.66,36.99,68.64,True,0,0.0,False,16,5,NONE
216,1791484226829,WIFI,LOOPBACK_PUT_GET,28.88,28.70,57.58,True,0,0.0,False,16,3,NONE
217,1791484226829,WIFI,LOOPBACK_PUT_GET,26.53,33.77,60.29,True,0,0.0,False,16,3,NONE
218,1791484226829,WIFI,LOOPBACK_PUT_GET,32.31,38.88,71.19,True,0,0.0,False,16,6,NONE
219,1791484226829,WIFI,LOOPBACK_PUT_GET,25.78,24.91,50.69,True,0,0.0,False,16,4,NONE
220,1791484226829,WIFI,LOOPBACK_PUT_GET,31.01,35.66,66.66,True,0,0.0,False,16,6,NONE
221,1791484226829,WIFI,LOOPBACK_PUT_GET,39.10,38.84,77.94,True,0,0.0,False,16,3,NONE
222,1791484226829,WIFI,LOOPBACK_PUT_GET,27.43,26.74,54.17,True,0,0.0,False,16,6,NONE
223,1791484226829,WIFI,LOOPBACK_PUT_GET,33.97,20.04,54.01,True,0,0.0,False,16,6,NONE
224,1791484226829,WIFI,LOOPBACK_PUT_GET,36.78,37.19,73.97,True,0,0.0,False,16,6,NONE
225,1791484226829,WIFI,LOOPBACK_PUT_GET,39.79,33.59,73.38,True,0,0.0,False,16,4,NONE
226,1791484226829,WIFI,LOOPBACK_PUT_GET,17.94,38.32,56.25,True,0,0.0,False,16,6,NONE
227,1791484226829,WIFI,LOOPBACK_PUT_GET,21.80,16.17,37.97,True,0,0.0,False,16,7,NONE
228,1791484226829,WIFI,LOOPBACK_PUT_GET,24.73,22.50,47.23,True,0,0.0,False,16,7,NONE
229,1791484226829,WIFI,LOOPBACK_PUT_GET,30.94,33.42,64.37,True,0,0.0,False,16,8,NONE
230,1791484226829,WIFI,LOOPBACK_PUT_GET,24.41,20.03,44.44,True,0,0.0,False,16,6,NONE
231,1791484226829,WIFI,LOOPBACK_PUT_GET,28.28,20.15,48.43,True,0,0.0,False,16,3,NONE
232,1791484226829,WIFI,LOOPBACK_PUT_GET,26.44,19.97,46.41,True,0,0.0,False,16,3,NONE
233,1791484226830,WIFI,LOOPBACK_PUT_GET,22.44,16.17,38.61,True,0,0.0,False,16,5,NONE
234,1791484226830,WIFI,LOOPBACK_PUT_GET,28.62,18.73,47.35,True,0,0.0,False,16,5,NONE
235,1791484226830,WIFI,LOOPBACK_PUT_GET,26.74,24.02,50.76,True,0,0.0,False,16,6,NONE
236,1791484226830,WIFI,LOOPBACK_PUT_GET,33.15,34.27,67.42,True,0,0.0,False,16,4,NONE
237,1791484226830,WIFI,LOOPBACK_PUT_GET,35.48,21.30,56.78,True,0,0.0,False,16,4,NONE
238,1791484226830,WIFI,LOOPBACK_PUT_GET,19.51,37.09,56.60,True,0,0.0,False,16,8,NONE
239,1791484226830,WIFI,LOOPBACK_PUT_GET,24.31,33.87,58.18,True,0,0.0,False,16,4,NONE
240,1791484226830,WIFI,LOOPBACK_PUT_GET,16.71,30.01,46.72,True,0,0.0,False,16,5,NONE
241,1791484226830,WIFI,LOOPBACK_PUT_GET,16.36,19.61,35.97,True,0,0.0,False,16,7,NONE
242,1791484226830,WIFI,LOOPBACK_PUT_GET,33.93,20.57,54.50,True,0,0.0,False,16,3,NONE
243,1791484226830,WIFI,LOOPBACK_PUT_GET,32.10,29.43,61.53,True,0,0.0,False,16,8,NONE
244,1791484226830,WIFI,LOOPBACK_PUT_GET,27.54,26.97,54.50,True,0,0.0,False,16,7,NONE
245,1791484226830,WIFI,LOOPBACK_PUT_GET,30.01,16.68,46.69,True,0,0.0,False,16,4,NONE
246,1791484226830,WIFI,LOOPBACK_PUT_GET,36.18,26.12,62.30,True,0,0.0,False,16,5,NONE
247,1791484226830,WIFI,LOOPBACK_PUT_GET,31.18,24.65,55.83,True,0,0.0,False,16,4,NONE
248,1791484226830,WIFI,LOOPBACK_PUT_GET,35.15,21.17,56.31,True,0,0.0,False,16,7,NONE
249,1791484226830,WIFI,LOOPBACK_PUT_GET,22.99,25.76,48.75,True,0,0.0,False,16,6,NONE
250,1791484226830,WIFI,LOOPBACK_PUT_GET,29.44,20.68,50.12,True,0,0.0,False,16,4,NONE
251,1791484226830,WIFI,LOOPBACK_PUT_GET,20.31,30.43,50.74,True,0,0.0,False,16,5,NONE
252,1791484226830,WIFI,LOOPBACK_PUT_GET,25.92,28.01,53.93,True,0,0.0,False,16,7,NONE
253,1791484226830,WIFI,LOOPBACK_PUT_GET,30.41,29.59,60.00,True,0,0.0,False,16,5,NONE
254,1791484226830,WIFI,LOOPBACK_PUT_GET,27.19,26.01,53.19,True,0,0.0,False,16,3,NONE
255,1791484226830,WIFI,LOOPBACK_PUT_GET,17.69,19.61,37.30,True,0,0.0,False,16,7,NONE
256,1791484226830,WIFI,LOOPBACK_PUT_GET,39.72,29.80,69.52,True,0,0.0,False,16,7,NONE
257,1791484226830,WIFI,LOOPBACK_PUT_GET,25.02,17.82,42.84,True,0,0.0,False,16,5,NONE
258,1791484226830,WIFI,LOOPBACK_PUT_GET,21.07,38.13,59.20,True,0,0.0,False,16,4,NONE
259,1791484226830,WIFI,LOOPBACK_PUT_GET,18.33,33.56,51.89,True,0,0.0,False,16,8,NONE
260,1791484226830,WIFI,LOOPBACK_PUT_GET,34.66,16.47,51.13,True,0,0.0,False,16,7,NONE
261,1791484226830,WIFI,LOOPBACK_PUT_GET,22.93,36.15,59.08,True,0,0.0,False,16,3,NONE
262,1791484226830,WIFI,LOOPBACK_PUT_GET,22.22,23.21,45.43,True,0,0.0,False,16,6,NONE
263,1791484226830,WIFI,LOOPBACK_PUT_GET,24.38,28.82,53.20,True,0,0.0,False,16,7,NONE
264,1791484226830,WIFI,LOOPBACK_PUT_GET,18.79,36.17,54.96,True,0,0.0,False,16,8,NONE
265,1791484226830,WIFI,LOOPBACK_PUT_GET,22.16,34.66,56.82,True,0,0.0,False,16,6,NONE
266,1791484226830,WIFI,LOOPBACK_PUT_GET,26.65,31.76,58.41,True,0,0.0,False,16,8,NONE
267,1791484226830,WIFI,LOOPBACK_PUT_GET,17.51,30.52,48.03,True,0,0.0,False,16,7,NONE
268,1791484226830,WIFI,LOOPBACK_PUT_GET,21.54,24.25,45.79,True,0,0.0,False,16,4,NONE
269,1791484226830,WIFI,LOOPBACK_PUT_GET,28.29,30.51,58.80,True,0,0.0,False,16,5,NONE
270,1791484226830,WIFI,LOOPBACK_PUT_GET,29.81,22.06,51.87,True,0,0.0,False,16,7,NONE
271,1791484226830,WIFI,LOOPBACK_PUT_GET,30.06,18.16,48.23,True,0,0.0,False,16,6,NONE
272,1791484226830,WIFI,LOOPBACK_PUT_GET,31.57,28.08,59.65,True,0,0.0,False,16,4,NONE
273,1791484226830,WIFI,LOOPBACK_PUT_GET,17.06,20.39,37.46,True,0,0.0,False,16,7,NONE
274,1791484226830,WIFI,LOOPBACK_PUT_GET,29.39,34.27,63.66,True,0,0.0,False,16,6,NONE
275,1791484226830,WIFI,LOOPBACK_PUT_GET,37.44,22.56,60.01,True,0,0.0,False,16,7,NONE
276,1791484226830,WIFI,LOOPBACK_PUT_GET,37.82,24.45,62.27,True,0,0.0,False,16,7,NONE
277,1791484226830,WIFI,LOOPBACK_PUT_GET,20.79,25.21,46.00,True,0,0.0,False,16,5,NONE
278,1791484226830,WIFI,LOOPBACK_PUT_GET,20.24,37.00,57.24,True,0,0.0,False,16,6,NONE
279,1791484226830,WIFI,LOOPBACK_PUT_GET,26.59,35.89,62.48,True,0,0.0,False,16,4,NONE
280,1791484226830,WIFI,LOOPBACK_PUT_GET,17.14,30.37,47.51,True,0,0.0,False,16,3,NONE
281,1791484226830,WIFI,LOOPBACK_PUT_GET,19.16,27.88,47.04,True,0,0.0,False,16,5,NONE
282,1791484226830,WIFI,LOOPBACK_PUT_GET,25.24,35.08,60.32,True,0,0.0,False,16,5,NONE
283,1791484226830,WIFI,LOOPBACK_PUT_GET,38.46,28.37,66.83,True,0,0.0,False,16,7,NONE
284,1791484226830,WIFI,LOOPBACK_PUT_GET,431.27,31.58,462.85,True,1,0.0,False,16,8,NONE
285,1791484226830,WIFI,LOOPBACK_PUT_GET,18.17,35.45,53.62,True,0,0.0,False,16,4,NONE
286,1791484226830,WIFI,LOOPBACK_PUT_GET,21.54,18.82,40.36,True,0,0.0,False,16,5,NONE
287,1791484226830,WIFI,LOOPBACK_PUT_GET,35.72,31.54,67.26,True,0,0.0,False,16,7,NONE
288,1791484226830,WIFI,LOOPBACK_PUT_GET,28.91,30.51,59.42,True,0,0.0,False,16,8,NONE
289,1791484226830,WIFI,LOOPBACK_PUT_GET,39.34,36.20,75.54,True,0,0.0,False,16,5,NONE
290,1791484226830,WIFI,LOOPBACK_PUT_GET,31.81,39.70,71.50,True,0,0.0,False,16,4,NONE
291,1791484226830,WIFI,LOOPBACK_PUT_GET,38.26,32.40,70.67,True,0,0.0,False,16,5,NONE
292,1791484226830,WIFI,LOOPBACK_PUT_GET,38.32,20.07,58.40,True,0,0.0,False,16,4,NONE
293,1791484226830,WIFI,LOOPBACK_PUT_GET,29.26,36.98,66.24,True,0,0.0,False,16,8,NONE
294,1791484226830,WIFI,LOOPBACK_PUT_GET,35.65,37.62,73.27,True,0,0.0,False,16,4,NONE
295,1791484226830,WIFI,LOOPBACK_PUT_GET,27.28,29.60,56.88,True,0,0.0,False,16,4,NONE
296,1791484226830,WIFI,LOOPBACK_PUT_GET,28.52,19.60,48.12,True,0,0.0,False,16,8,NONE
297,1791484226830,WIFI,LOOPBACK_PUT_GET,31.75,35.40,67.15,True,0,0.0,False,16,5,NONE
298,1791484226830,WIFI,LOOPBACK_PUT_GET,25.61,34.20,59.81,True,0,0.0,False,16,4,NONE
299,1791484226830,WIFI,LOOPBACK_PUT_GET,37.84,30.05,67.89,True,0,0.0,False,16,7,NONE
300,1791484226830,WIFI,LOOPBACK_PUT_GET,34.53,32.63,67.16,True,0,0.0,False,16,3,NONE
301,1791484226830,WIFI,LOOPBACK_PUT_GET,21.92,21.83,43.76,True,0,0.0,False,16,3,NONE
302,1791484226830,WIFI,LOOPBACK_PUT_GET,28.54,29.30,57.84,True,0,0.0,False,16,8,NONE
303,1791484226830,WIFI,LOOPBACK_PUT_GET,36.61,31.72,68.33,True,0,0.0,False,16,8,NONE
304,1791484226830,WIFI,LOOPBACK_PUT_GET,36.27,36.86,73.13,True,0,0.0,False,16,6,NONE
305,1791484226830,WIFI,LOOPBACK_PUT_GET,31.51,37.64,69.15,True,0,0.0,False,16,3,NONE
306,1791484226830,WIFI,LOOPBACK_PUT_GET,17.51,35.66,53.17,True,0,0.0,False,16,6,NONE
307,1791484226830,WIFI,LOOPBACK_PUT_GET,35.34,19.21,54.55,True,0,0.0,False,16,5,NONE
308,1791484226830,WIFI,LOOPBACK_PUT_GET,25.56,24.86,50.42,True,0,0.0,False,16,3,NONE
309,1791484226830,WIFI,LOOPBACK_PUT_GET,29.53,22.43,51.96,True,0,0.0,False,16,4,NONE
310,1791484226830,WIFI,LOOPBACK_PUT_GET,32.28,26.56,58.84,True,0,0.0,False,16,4,NONE
311,1791484226830,WIFI,LOOPBACK_PUT_GET,16.98,39.03,56.01,True,0,0.0,False,16,6,NONE
312,1791484226830,WIFI,LOOPBACK_PUT_GET,19.71,25.83,45.55,True,0,0.0,False,16,8,NONE
313,1791484226830,WIFI,LOOPBACK_PUT_GET,19.07,37.07,56.14,True,0,0.0,False,16,6,NONE
314,1791484226830,WIFI,LOOPBACK_PUT_GET,37.21,24.93,62.15,True,0,0.0,False,16,5,NONE
315,1791484226830,WIFI,LOOPBACK_PUT_GET,27.64,17.33,44.97,True,0,0.0,False,16,5,NONE
316,1791484226830,WIFI,LOOPBACK_PUT_GET,37.21,23.91,61.12,True,0,0.0,False,16,8,NONE
317,1791484226830,WIFI,LOOPBACK_PUT_GET,31.33,37.63,68.96,True,0,0.0,False,16,5,NONE
318,1791484226830,WIFI,LOOPBACK_PUT_GET,36.03,38.63,74.66,True,0,0.0,False,16,5,NONE
319,1791484226830,WIFI,LOOPBACK_PUT_GET,38.15,29.25,67.40,True,0,0.0,False,16,4,NONE
320,1791484226830,WIFI,LOOPBACK_PUT_GET,32.86,19.23,52.09,True,0,0.0,False,16,5,NONE
321,1791484226830,WIFI,LOOPBACK_PUT_GET,38.33,16.79,55.12,True,0,0.0,False,16,4,NONE
322,1791484226830,WIFI,LOOPBACK_PUT_GET,34.90,22.63,57.53,True,0,0.0,False,16,4,NONE
323,1791484226830,WIFI,LOOPBACK_PUT_GET,37.64,30.76,68.41,True,0,0.0,False,16,5,NONE
324,1791484226830,WIFI,LOOPBACK_PUT_GET,18.33,25.67,44.01,True,0,0.0,False,16,4,NONE
325,1791484226830,WIFI,LOOPBACK_PUT_GET,33.48,28.52,62.00,True,0,0.0,False,16,5,NONE
326,1791484226830,WIFI,LOOPBACK_PUT_GET,32.85,35.43,68.27,True,0,0.0,False,16,8,NONE
327,1791484226830,WIFI,LOOPBACK_PUT_GET,18.99,34.83,53.83,True,0,0.0,False,16,7,NONE
328,1791484226830,WIFI,LOOPBACK_PUT_GET,27.75,36.57,64.33,True,0,0.0,False,16,7,NONE
329,1791484226830,WIFI,LOOPBACK_PUT_GET,36.76,29.88,66.64,True,0,0.0,False,16,6,NONE
330,1791484226830,WIFI,LOOPBACK_PUT_GET,33.39,17.36,50.76,True,0,0.0,False,16,4,NONE
331,1791484226830,WIFI,LOOPBACK_PUT_GET,18.02,28.75,46.77,True,0,0.0,False,16,6,NONE
332,1791484226830,WIFI,LOOPBACK_PUT_GET,22.22,19.46,41.69,True,0,0.0,False,16,5,NONE
333,1791484226830,WIFI,LOOPBACK_PUT_GET,27.45,28.52,55.97,True,0,0.0,False,16,7,NONE
334,1791484226830,WIFI,LOOPBACK_PUT_GET,35.25,33.53,68.78,True,0,0.0,False,16,4,NONE
335,1791484226830,WIFI,LOOPBACK_PUT_GET,36.59,19.48,56.07,True,0,0.0,False,16,5,NONE
336,1791484226830,WIFI,LOOPBACK_PUT_GET,28.56,34.34,62.90,True,0,0.0,False,16,8,NONE
337,1791484226830,WIFI,LOOPBACK_PUT_GET,35.54,18.42,53.96,True,0,0.0,False,16,4,NONE
338,1791484226830,WIFI,LOOPBACK_PUT_GET,26.20,22.53,48.73,True,0,0.0,False,16,4,NONE
339,1791484226830,WIFI,LOOPBACK_PUT_GET,37.25,16.61,53.87,True,0,0.0,False,16,5,NONE
340,1791484226830,WIFI,LOOPBACK_PUT_GET,33.37,16.18,49.56,True,0,0.0,False,16,8,NONE
341,1791484226830,WIFI,LOOPBACK_PUT_GET,36.53,33.64,70.17,True,0,0.0,False,16,6,NONE
342,1791484226830,WIFI,LOOPBACK_PUT_GET,39.12,21.89,61.02,True,0,0.0,False,16,7,NONE
343,1791484226830,WIFI,LOOPBACK_PUT_GET,18.10,22.12,40.22,True,0,0.0,False,16,4,NONE
344,1791484226830,WIFI,LOOPBACK_PUT_GET,33.67,22.59,56.26,True,0,0.0,False,16,5,NONE
345,1791484226830,WIFI,LOOPBACK_PUT_GET,24.12,21.63,45.75,True,0,0.0,False,16,4,NONE
346,1791484226830,WIFI,LOOPBACK_PUT_GET,21.53,27.55,49.08,True,0,0.0,False,16,8,NONE
347,1791484226830,WIFI,LOOPBACK_PUT_GET,16.35,21.93,38.28,True,0,0.0,False,16,7,NONE
348,1791484226830,WIFI,LOOPBACK_PUT_GET,35.31,25.71,61.02,True,0,0.0,False,16,4,NONE
349,1791484226830,WIFI,LOOPBACK_PUT_GET,32.23,32.97,65.21,True,0,0.0,False,16,7,NONE
350,1791484226830,WIFI,LOOPBACK_PUT_GET,22.95,26.02,48.97,True,0,0.0,False,16,4,NONE
351,1791484226830,WIFI,LOOPBACK_PUT_GET,35.28,18.71,53.99,True,0,0.0,False,16,5,NONE
352,1791484226830,WIFI,LOOPBACK_PUT_GET,17.25,17.97,35.22,True,0,0.0,False,16,6,NONE
353,1791484226830,WIFI,LOOPBACK_PUT_GET,23.68,19.42,43.10,True,0,0.0,False,16,4,NONE
354,1791484226830,WIFI,LOOPBACK_PUT_GET,20.83,31.79,52.62,True,0,0.0,False,16,7,NONE
355,1791484226830,WIFI,LOOPBACK_PUT_GET,437.43,23.63,461.06,True,1,0.0,False,16,7,NONE
356,1791484226830,WIFI,LOOPBACK_PUT_GET,29.13,19.19,48.33,True,0,0.0,False,16,8,NONE
357,1791484226830,WIFI,LOOPBACK_PUT_GET,421.68,34.83,456.51,True,1,0.0,False,16,8,NONE
358,1791484226830,WIFI,LOOPBACK_PUT_GET,16.76,35.19,51.94,True,0,0.0,False,16,6,NONE
359,1791484226830,WIFI,LOOPBACK_PUT_GET,39.15,20.68,59.83,True,0,0.0,False,16,4,NONE
360,1791484226830,WIFI,LOOPBACK_PUT_GET,21.17,28.78,49.94,True,0,0.0,False,16,3,NONE
361,1791484226830,WIFI,LOOPBACK_PUT_GET,24.20,16.85,41.05,True,0,0.0,False,16,4,NONE
362,1791484226830,WIFI,LOOPBACK_PUT_GET,18.22,28.63,46.85,True,0,0.0,False,16,7,NONE
363,1791484226830,WIFI,LOOPBACK_PUT_GET,35.66,20.29,55.95,True,0,0.0,False,16,6,NONE
364,1791484226830,WIFI,LOOPBACK_PUT_GET,26.04,36.41,62.46,True,0,0.0,False,16,8,NONE
365,1791484226830,WIFI,LOOPBACK_PUT_GET,27.90,35.15,63.06,True,0,0.0,False,16,8,NONE
366,1791484226830,WIFI,LOOPBACK_PUT_GET,23.85,28.49,52.34,True,0,0.0,False,16,4,NONE
367,1791484226830,WIFI,LOOPBACK_PUT_GET,19.70,33.93,53.63,True,0,0.0,False,16,7,NONE
368,1791484226830,WIFI,LOOPBACK_PUT_GET,18.22,29.29,47.51,True,0,0.0,False,16,5,NONE
369,1791484226830,WIFI,LOOPBACK_PUT_GET,36.90,21.37,58.27,True,0,0.0,False,16,6,NONE
370,1791484226830,WIFI,LOOPBACK_PUT_GET,31.58,32.35,63.93,True,0,0.0,False,16,8,NONE
371,1791484226830,WIFI,LOOPBACK_PUT_GET,19.02,25.48,44.50,True,0,0.0,False,16,6,NONE
372,1791484226830,WIFI,LOOPBACK_PUT_GET,33.62,29.49,63.11,True,0,0.0,False,16,4,NONE
373,1791484226830,WIFI,LOOPBACK_PUT_GET,21.66,20.24,41.90,True,0,0.0,False,16,7,NONE
374,1791484226830,WIFI,LOOPBACK_PUT_GET,36.88,18.02,54.91,True,0,0.0,False,16,3,NONE
375,1791484226830,WIFI,LOOPBACK_PUT_GET,20.90,38.25,59.15,True,0,0.0,False,16,8,NONE
376,1791484226830,WIFI,LOOPBACK_PUT_GET,26.97,30.90,57.87,True,0,0.0,False,16,8,NONE
377,1791484226830,WIFI,LOOPBACK_PUT_GET,27.88,38.00,65.88,True,0,0.0,False,16,6,NONE
378,1791484226830,WIFI,LOOPBACK_PUT_GET,29.64,21.57,51.21,True,0,0.0,False,16,3,NONE
379,1791484226830,WIFI,LOOPBACK_PUT_GET,22.14,35.03,57.17,True,0,0.0,False,16,4,NONE
380,1791484226830,WIFI,LOOPBACK_PUT_GET,21.37,29.05,50.42,True,0,0.0,False,16,6,NONE
381,1791484226830,WIFI,LOOPBACK_PUT_GET,18.54,26.59,45.13,True,0,0.0,False,16,5,NONE
382,1791484226830,WIFI,LOOPBACK_PUT_GET,31.58,39.38,70.95,True,0,0.0,False,16,3,NONE
383,1791484226830,WIFI,LOOPBACK_PUT_GET,20.87,39.20,60.07,True,0,0.0,False,16,7,NONE
384,1791484226830,WIFI,LOOPBACK_PUT_GET,33.92,35.29,69.21,True,0,0.0,False,16,8,NONE
385,1791484226830,WIFI,LOOPBACK_PUT_GET,39.19,26.77,65.96,True,0,0.0,False,16,5,NONE
386,1791484226830,WIFI,LOOPBACK_PUT_GET,30.90,24.24,55.14,True,0,0.0,False,16,3,NONE
387,1791484226830,WIFI,LOOPBACK_PUT_GET,28.16,37.72,65.88,True,0,0.0,False,16,6,NONE
388,1791484226830,WIFI,LOOPBACK_PUT_GET,23.48,19.89,43.37,True,0,0.0,False,16,5,NONE
389,1791484226830,WIFI,LOOPBACK_PUT_GET,17.35,23.24,40.59,True,0,0.0,False,16,5,NONE
390,1791484226830,WIFI,LOOPBACK_PUT_GET,20.49,20.02,40.51,True,0,0.0,False,16,6,NONE
391,1791484226830,WIFI,LOOPBACK_PUT_GET,35.17,20.77,55.94,True,0,0.0,False,16,6,NONE
392,1791484226830,WIFI,LOOPBACK_PUT_GET,39.39,28.76,68.14,True,0,0.0,False,16,5,NONE
393,1791484226830,WIFI,LOOPBACK_PUT_GET,30.18,18.20,48.38,True,0,0.0,False,16,5,NONE
394,1791484226830,WIFI,LOOPBACK_PUT_GET,30.33,17.44,47.77,True,0,0.0,False,16,8,NONE
395,1791484226830,WIFI,LOOPBACK_PUT_GET,30.58,37.90,68.49,True,0,0.0,False,16,4,NONE
396,1791484226830,WIFI,LOOPBACK_PUT_GET,21.66,34.73,56.40,True,0,0.0,False,16,4,NONE
397,1791484226830,WIFI,LOOPBACK_PUT_GET,32.92,28.40,61.32,True,0,0.0,False,16,3,NONE
398,1791484226830,WIFI,LOOPBACK_PUT_GET,427.76,27.43,455.20,True,1,0.0,False,16,4,NONE
399,1791484226830,WIFI,LOOPBACK_PUT_GET,31.66,17.75,49.41,True,0,0.0,False,16,4,NONE
400,1791484226830,WIFI,LOOPBACK_PUT_GET,31.65,417.16,448.81,True,1,0.0,False,16,5,NONE
401,1791484226830,WIFI,LOOPBACK_PUT_GET,19.90,24.04,43.94,True,0,0.0,False,16,4,NONE
402,1791484226830,WIFI,LOOPBACK_PUT_GET,17.63,416.94,434.57,True,1,0.0,False,16,4,NONE
403,1791484226830,WIFI,LOOPBACK_PUT_GET,20.75,32.20,52.95,True,0,0.0,False,16,8,NONE
404,1791484226830,WIFI,LOOPBACK_PUT_GET,30.51,33.54,64.05,True,0,0.0,False,16,4,NONE
405,1791484226830,WIFI,LOOPBACK_PUT_GET,26.91,23.61,50.51,True,0,0.0,False,16,4,NONE
406,1791484226830,WIFI,LOOPBACK_PUT_GET,20.97,20.49,41.46,True,0,0.0,False,16,5,NONE
407,1791484226830,WIFI,LOOPBACK_PUT_GET,35.03,35.22,70.25,True,0,0.0,False,16,4,NONE
408,1791484226830,WIFI,LOOPBACK_PUT_GET,35.64,17.76,53.40,True,0,0.0,False,16,8,NONE
409,1791484226830,WIFI,LOOPBACK_PUT_GET,22.34,19.47,41.81,True,0,0.0,False,16,3,NONE
410,1791484226830,WIFI,LOOPBACK_PUT_GET,19.46,36.77,56.24,True,0,0.0,False,16,3,NONE
411,1791484226830,WIFI,LOOPBACK_PUT_GET,17.35,26.65,44.00,True,0,0.0,False,16,4,NONE
412,1791484226830,WIFI,LOOPBACK_PUT_GET,24.14,26.42,50.56,True,0,0.0,False,16,8,NONE
413,1791484226830,WIFI,LOOPBACK_PUT_GET,19.14,30.95,50.09,True,0,0.0,False,16,5,NONE
414,1791484226830,WIFI,LOOPBACK_PUT_GET,35.20,20.83,56.03,True,0,0.0,False,16,6,NONE
415,1791484226830,WIFI,LOOPBACK_PUT_GET,16.17,26.69,42.86,True,0,0.0,False,16,7,NONE
416,1791484226830,WIFI,LOOPBACK_PUT_GET,32.82,18.05,50.87,True,0,0.0,False,16,6,NONE
417,1791484226830,WIFI,LOOPBACK_PUT_GET,18.61,19.18,37.79,True,0,0.0,False,16,4,NONE
418,1791484226830,WIFI,LOOPBACK_PUT_GET,30.75,30.54,61.29,True,0,0.0,False,16,7,NONE
419,1791484226830,WIFI,LOOPBACK_PUT_GET,26.51,29.40,55.91,True,0,0.0,False,16,7,NONE
420,1791484226830,WIFI,LOOPBACK_PUT_GET,30.07,20.91,50.98,True,0,0.0,False,16,3,NONE
421,1791484226830,WIFI,LOOPBACK_PUT_GET,39.16,36.51,75.66,True,0,0.0,False,16,7,NONE
422,1791484226830,WIFI,LOOPBACK_PUT_GET,17.71,16.21,33.91,True,0,0.0,False,16,8,NONE
423,1791484226830,WIFI,LOOPBACK_PUT_GET,26.43,29.89,56.32,True,0,0.0,False,16,6,NONE
424,1791484226830,WIFI,LOOPBACK_PUT_GET,30.87,20.47,51.33,True,0,0.0,False,16,5,NONE
425,1791484226830,WIFI,LOOPBACK_PUT_GET,21.13,32.52,53.65,True,0,0.0,False,16,5,NONE
426,1791484226830,WIFI,LOOPBACK_PUT_GET,29.79,36.55,66.34,True,0,0.0,False,16,5,NONE
427,1791484226830,WIFI,LOOPBACK_PUT_GET,24.03,25.30,49.34,True,0,0.0,False,16,3,NONE
428,1791484226830,WIFI,LOOPBACK_PUT_GET,37.80,36.64,74.44,True,0,0.0,False,16,8,NONE
429,1791484226830,WIFI,LOOPBACK_PUT_GET,20.41,33.93,54.34,True,0,0.0,False,16,7,NONE
430,1791484226830,WIFI,LOOPBACK_PUT_GET,26.09,35.47,61.56,True,0,0.0,False,16,8,NONE
431,1791484226830,WIFI,LOOPBACK_PUT_GET,20.15,34.37,54.52,True,0,0.0,False,16,5,NONE
432,1791484226830,WIFI,LOOPBACK_PUT_GET,39.20,32.53,71.73,True,0,0.0,False,16,7,NONE
433,1791484226830,WIFI,LOOPBACK_PUT_GET,23.07,36.52,59.60,True,0,0.0,False,16,6,NONE
434,1791484226830,WIFI,LOOPBACK_PUT_GET,24.19,35.39,59.58,True,0,0.0,False,16,5,NONE
435,1791484226830,WIFI,LOOPBACK_PUT_GET,19.19,24.53,43.72,True,0,0.0,False,16,5,NONE
436,1791484226830,WIFI,LOOPBACK_PUT_GET,27.15,25.50,52.65,True,0,0.0,False,16,5,NONE
437,1791484226830,WIFI,LOOPBACK_PUT_GET,23.37,27.64,51.02,True,0,0.0,False,16,6,NONE
438,1791484226830,WIFI,LOOPBACK_PUT_GET,37.83,32.22,70.05,True,0,0.0,False,16,5,NONE
439,1791484226830,WIFI,LOOPBACK_PUT_GET,36.00,20.74,56.74,True,0,0.0,False,16,6,NONE
440,1791484226830,WIFI,LOOPBACK_PUT_GET,24.35,39.63,63.98,True,0,0.0,False,16,3,NONE
441,1791484226830,WIFI,LOOPBACK_PUT_GET,27.32,39.42,66.74,True,0,0.0,False,16,7,NONE
442,1791484226830,WIFI,LOOPBACK_PUT_GET,35.31,24.65,59.96,True,0,0.0,False,16,8,NONE
443,1791484226830,WIFI,LOOPBACK_PUT_GET,21.30,21.32,42.62,True,0,0.0,False,16,7,NONE
444,1791484226830,WIFI,LOOPBACK_PUT_GET,27.26,20.54,47.80,True,0,0.0,False,16,8,NONE
445,1791484226830,WIFI,LOOPBACK_PUT_GET,37.09,29.68,66.77,True,0,0.0,False,16,4,NONE
446,1791484226830,WIFI,LOOPBACK_PUT_GET,29.31,30.43,59.74,True,0,0.0,False,16,4,NONE
447,1791484226830,WIFI,LOOPBACK_PUT_GET,20.01,35.76,55.78,True,0,0.0,False,16,8,NONE
448,1791484226830,WIFI,LOOPBACK_PUT_GET,39.19,38.40,77.59,True,0,0.0,False,16,3,NONE
449,1791484226830,WIFI,LOOPBACK_PUT_GET,38.45,30.69,69.14,True,0,0.0,False,16,4,NONE
450,1791484226830,WIFI,LOOPBACK_PUT_GET,33.98,17.99,51.97,True,0,0.0,False,16,3,NONE
451,1791484226830,WIFI,LOOPBACK_PUT_GET,27.78,25.61,53.39,True,0,0.0,False,16,6,NONE
452,1791484226830,WIFI,LOOPBACK_PUT_GET,36.14,29.08,65.22,True,0,0.0,False,16,5,NONE
453,1791484226830,WIFI,LOOPBACK_PUT_GET,20.47,35.50,55.97,True,0,0.0,False,16,5,NONE
454,1791484226830,WIFI,LOOPBACK_PUT_GET,32.25,29.70,61.95,True,0,0.0,False,16,7,NONE
455,1791484226830,WIFI,LOOPBACK_PUT_GET,29.86,24.43,54.29,True,0,0.0,False,16,6,NONE
456,1791484226830,WIFI,LOOPBACK_PUT_GET,22.04,31.84,53.87,True,0,0.0,False,16,6,NONE
457,1791484226830,WIFI,LOOPBACK_PUT_GET,38.79,24.03,62.82,True,0,0.0,False,16,5,NONE
458,1791484226830,WIFI,LOOPBACK_PUT_GET,21.41,33.34,54.75,True,0,0.0,False,16,6,NONE
459,1791484226830,WIFI,LOOPBACK_PUT_GET,16.89,16.52,33.42,True,0,0.0,False,16,7,NONE
460,1791484226830,WIFI,LOOPBACK_PUT_GET,20.81,28.46,49.27,True,0,0.0,False,16,4,NONE
461,1791484226830,WIFI,LOOPBACK_PUT_GET,18.38,32.00,50.39,True,0,0.0,False,16,4,NONE
462,1791484226830,WIFI,LOOPBACK_PUT_GET,34.68,28.47,63.15,True,0,0.0,False,16,6,NONE
463,1791484226830,WIFI,LOOPBACK_PUT_GET,422.85,21.73,444.59,True,1,0.0,False,16,4,NONE
464,1791484226830,WIFI,LOOPBACK_PUT_GET,37.87,35.77,73.64,True,0,0.0,False,16,5,NONE
465,1791484226830,WIFI,LOOPBACK_PUT_GET,36.91,35.76,72.67,True,0,0.0,False,16,3,NONE
466,1791484226830,WIFI,LOOPBACK_PUT_GET,27.15,27.87,55.02,True,0,0.0,False,16,6,NONE
467,1791484226830,WIFI,LOOPBACK_PUT_GET,30.64,30.94,61.58,True,0,0.0,False,16,7,NONE
468,1791484226830,WIFI,LOOPBACK_PUT_GET,31.30,35.89,67.19,True,0,0.0,False,16,8,NONE
469,1791484226830,WIFI,LOOPBACK_PUT_GET,29.34,37.33,66.68,True,0,0.0,False,16,4,NONE
470,1791484226830,WIFI,LOOPBACK_PUT_GET,27.80,36.83,64.63,True,0,0.0,False,16,6,NONE
471,1791484226830,WIFI,LOOPBACK_PUT_GET,33.95,17.45,51.40,True,0,0.0,False,16,4,NONE
472,1791484226830,WIFI,LOOPBACK_PUT_GET,26.05,20.99,47.05,True,0,0.0,False,16,3,NONE
473,1791484226830,WIFI,LOOPBACK_PUT_GET,38.83,36.71,75.54,True,0,0.0,False,16,7,NONE
474,1791484226830,WIFI,LOOPBACK_PUT_GET,29.88,26.28,56.15,True,0,0.0,False,16,7,NONE
475,1791484226830,WIFI,LOOPBACK_PUT_GET,37.89,19.76,57.65,True,0,0.0,False,16,4,NONE
476,1791484226830,WIFI,LOOPBACK_PUT_GET,34.36,27.26,61.62,True,0,0.0,False,16,5,NONE
477,1791484226830,WIFI,LOOPBACK_PUT_GET,28.78,20.70,49.48,True,0,0.0,False,16,8,NONE
478,1791484226830,WIFI,LOOPBACK_PUT_GET,34.84,32.17,67.00,True,0,0.0,False,16,8,NONE
479,1791484226830,WIFI,LOOPBACK_PUT_GET,37.73,18.93,56.66,True,0,0.0,False,16,5,NONE
480,1791484226830,WIFI,LOOPBACK_PUT_GET,16.23,29.43,45.65,True,0,0.0,False,16,3,NONE
481,1791484226830,WIFI,LOOPBACK_PUT_GET,16.20,24.74,40.95,True,0,0.0,False,16,5,NONE
482,1791484226830,WIFI,LOOPBACK_PUT_GET,30.58,32.73,63.31,True,0,0.0,False,16,7,NONE
483,1791484226830,WIFI,LOOPBACK_PUT_GET,39.68,32.42,72.10,True,0,0.0,False,16,5,NONE
484,1791484226830,WIFI,LOOPBACK_PUT_GET,17.64,21.76,39.40,True,0,0.0,False,16,8,NONE
485,1791484226830,WIFI,LOOPBACK_PUT_GET,39.27,24.24,63.51,True,0,0.0,False,16,5,NONE
486,1791484226830,WIFI,LOOPBACK_PUT_GET,26.24,34.05,60.28,True,0,0.0,False,16,4,NONE
487,1791484226830,WIFI,LOOPBACK_PUT_GET,20.48,19.62,40.10,True,0,0.0,False,16,7,NONE
488,1791484226830,WIFI,LOOPBACK_PUT_GET,38.81,38.60,77.41,True,0,0.0,False,16,3,NONE
489,1791484226830,WIFI,LOOPBACK_PUT_GET,31.87,34.41,66.27,True,0,0.0,False,16,8,NONE
490,1791484226830,WIFI,LOOPBACK_PUT_GET,33.67,32.82,66.49,True,0,0.0,False,16,8,NONE
491,1791484226830,WIFI,LOOPBACK_PUT_GET,28.70,31.19,59.90,True,0,0.0,False,16,5,NONE
492,1791484226830,WIFI,LOOPBACK_PUT_GET,16.65,27.44,44.09,True,0,0.0,False,16,4,NONE
493,1791484226830,WIFI,LOOPBACK_PUT_GET,27.39,27.28,54.67,True,0,0.0,False,16,5,NONE
494,1791484226830,WIFI,LOOPBACK_PUT_GET,20.36,22.10,42.46,True,0,0.0,False,16,5,NONE
495,1791484226830,WIFI,LOOPBACK_PUT_GET,18.29,33.35,51.65,True,0,0.0,False,16,4,NONE
496,1791484226830,WIFI,LOOPBACK_PUT_GET,30.32,17.55,47.87,True,0,0.0,False,16,5,NONE
497,1791484226830,WIFI,LOOPBACK_PUT_GET,31.74,31.47,63.21,True,0,0.0,False,16,8,NONE
498,1791484226830,WIFI,LOOPBACK_PUT_GET,33.52,36.68,70.20,True,0,0.0,False,16,7,NONE
499,1791484226830,WIFI,LOOPBACK_PUT_GET,33.46,38.53,71.99,True,0,0.0,False,16,8,NONE
500,1791484226830,WIFI,LOOPBACK_PUT_GET,37.45,27.76,65.21,True,0,0.0,False,16,6,NONE
501,1791484226830,WIFI,LOOPBACK_PUT_GET,25.89,34.30,60.18,True,0,0.0,False,16,6,NONE
502,1791484226830,WIFI,LOOPBACK_PUT_GET,33.00,25.63,58.64,True,0,0.0,False,16,8,NONE
503,1791484226830,WIFI,LOOPBACK_PUT_GET,18.27,36.15,54.43,True,0,0.0,False,16,8,NONE
504,1791484226830,WIFI,LOOPBACK_PUT_GET,25.37,21.17,46.54,True,0,0.0,False,16,6,NONE
505,1791484226830,WIFI,LOOPBACK_PUT_GET,37.47,37.05,74.52,True,0,0.0,False,16,5,NONE
506,1791484226830,WIFI,LOOPBACK_PUT_GET,19.56,20.46,40.02,True,0,0.0,False,16,8,NONE
507,1791484226830,WIFI,LOOPBACK_PUT_GET,21.91,22.84,44.75,True,0,0.0,False,16,5,NONE
508,1791484226830,WIFI,LOOPBACK_PUT_GET,33.86,24.23,58.09,True,0,0.0,False,16,6,NONE
509,1791484226830,WIFI,LOOPBACK_PUT_GET,26.29,17.87,44.16,True,0,0.0,False,16,7,NONE
510,1791484226830,WIFI,LOOPBACK_PUT_GET,34.43,20.46,54.89,True,0,0.0,False,16,7,NONE
511,1791484226830,WIFI,LOOPBACK_PUT_GET,35.01,31.08,66.09,True,0,0.0,False,16,6,NONE
512,1791484226830,WIFI,LOOPBACK_PUT_GET,28.26,32.33,60.59,True,0,0.0,False,16,4,NONE
513,1791484226830,WIFI,LOOPBACK_PUT_GET,30.97,34.10,65.07,True,0,0.0,False,16,6,NONE
514,1791484226830,WIFI,LOOPBACK_PUT_GET,25.30,36.23,61.54,True,0,0.0,False,16,8,NONE
515,1791484226830,WIFI,LOOPBACK_PUT_GET,39.38,39.08,78.46,True,0,0.0,False,16,6,NONE
516,1791484226830,WIFI,LOOPBACK_PUT_GET,29.12,28.41,57.52,True,0,0.0,False,16,6,NONE
517,1791484226830,WIFI,LOOPBACK_PUT_GET,35.50,34.64,70.15,True,0,0.0,False,16,6,NONE
518,1791484226830,WIFI,LOOPBACK_PUT_GET,22.47,37.61,60.08,True,0,0.0,False,16,5,NONE
519,1791484226830,WIFI,LOOPBACK_PUT_GET,27.30,25.43,52.73,True,0,0.0,False,16,8,NONE
520,1791484226830,WIFI,LOOPBACK_PUT_GET,31.69,34.91,66.60,True,0,0.0,False,16,7,NONE
521,1791484226830,WIFI,LOOPBACK_PUT_GET,21.94,22.09,44.03,True,0,0.0,False,16,8,NONE
522,1791484226830,WIFI,LOOPBACK_PUT_GET,23.60,18.30,41.90,True,0,0.0,False,16,4,NONE
523,1791484226830,WIFI,LOOPBACK_PUT_GET,38.15,31.36,69.51,True,0,0.0,False,16,8,NONE
524,1791484226830,WIFI,LOOPBACK_PUT_GET,20.43,21.85,42.28,True,0,0.0,False,16,8,NONE
525,1791484226830,WIFI,LOOPBACK_PUT_GET,23.58,31.24,54.81,True,0,0.0,False,16,4,NONE
526,1791484226830,WIFI,LOOPBACK_PUT_GET,26.83,28.45,55.28,True,0,0.0,False,16,6,NONE
527,1791484226830,WIFI,LOOPBACK_PUT_GET,22.44,24.62,47.05,True,0,0.0,False,16,6,NONE
528,1791484226830,WIFI,LOOPBACK_PUT_GET,27.92,25.16,53.08,True,0,0.0,False,16,8,NONE
529,1791484226830,WIFI,LOOPBACK_PUT_GET,34.12,36.26,70.38,True,0,0.0,False,16,3,NONE
530,1791484226830,WIFI,LOOPBACK_PUT_GET,26.46,34.66,61.12,True,0,0.0,False,16,7,NONE
531,1791484226830,WIFI,LOOPBACK_PUT_GET,26.78,27.24,54.02,True,0,0.0,False,16,5,NONE
532,1791484226830,WIFI,LOOPBACK_PUT_GET,24.20,29.26,53.46,True,0,0.0,False,16,4,NONE
533,1791484226830,WIFI,LOOPBACK_PUT_GET,19.40,24.04,43.44,True,0,0.0,False,16,4,NONE
534,1791484226830,WIFI,LOOPBACK_PUT_GET,34.06,18.39,52.45,True,0,0.0,False,16,4,NONE
535,1791484226830,WIFI,LOOPBACK_PUT_GET,30.23,18.82,49.05,True,0,0.0,False,16,5,NONE
536,1791484226830,WIFI,LOOPBACK_PUT_GET,21.51,31.74,53.25,True,0,0.0,False,16,7,NONE
537,1791484226830,WIFI,LOOPBACK_PUT_GET,16.12,25.41,41.53,True,0,0.0,False,16,4,NONE
538,1791484226830,WIFI,LOOPBACK_PUT_GET,37.67,33.48,71.15,True,0,0.0,False,16,5,NONE
539,1791484226830,WIFI,LOOPBACK_PUT_GET,27.42,30.36,57.77,True,0,0.0,False,16,6,NONE
540,1791484226830,WIFI,LOOPBACK_PUT_GET,32.24,35.76,68.00,True,0,0.0,False,16,3,NONE
541,1791484226830,WIFI,LOOPBACK_PUT_GET,25.06,34.25,59.31,True,0,0.0,False,16,4,NONE
542,1791484226830,WIFI,LOOPBACK_PUT_GET,26.47,21.18,47.65,True,0,0.0,False,16,4,NONE
543,1791484226830,WIFI,LOOPBACK_PUT_GET,26.28,32.78,59.06,True,0,0.0,False,16,7,NONE
544,1791484226830,WIFI,LOOPBACK_PUT_GET,23.37,33.13,56.50,True,0,0.0,False,16,3,NONE
545,1791484226830,WIFI,LOOPBACK_PUT_GET,20.05,29.53,49.58,True,0,0.0,False,16,8,NONE
546,1791484226830,WIFI,LOOPBACK_PUT_GET,34.37,29.10,63.47,True,0,0.0,False,16,7,NONE
547,1791484226830,WIFI,LOOPBACK_PUT_GET,30.93,24.35,55.28,True,0,0.0,False,16,8,NONE
548,1791484226830,WIFI,LOOPBACK_PUT_GET,23.78,39.00,62.78,True,0,0.0,False,16,5,NONE
549,1791484226830,WIFI,LOOPBACK_PUT_GET,27.30,37.03,64.33,True,0,0.0,False,16,7,NONE
550,1791484226830,WIFI,LOOPBACK_PUT_GET,27.14,37.59,64.73,True,0,0.0,False,16,8,NONE
551,1791484226830,WIFI,LOOPBACK_PUT_GET,27.02,32.04,59.06,True,0,0.0,False,16,3,NONE
552,1791484226830,WIFI,LOOPBACK_PUT_GET,38.28,36.97,75.25,True,0,0.0,False,16,3,NONE
553,1791484226830,WIFI,LOOPBACK_PUT_GET,20.25,20.75,41.00,True,0,0.0,False,16,4,NONE
554,1791484226830,WIFI,LOOPBACK_PUT_GET,29.25,21.11,50.36,True,0,0.0,False,16,8,NONE
555,1791484226830,WIFI,LOOPBACK_PUT_GET,29.96,26.33,56.29,True,0,0.0,False,16,3,NONE
556,1791484226830,WIFI,LOOPBACK_PUT_GET,19.09,26.40,45.49,True,0,0.0,False,16,6,NONE
557,1791484226830,WIFI,LOOPBACK_PUT_GET,35.74,20.18,55.92,True,0,0.0,False,16,3,NONE
558,1791484226830,WIFI,LOOPBACK_PUT_GET,36.78,39.43,76.21,True,0,0.0,False,16,8,NONE
559,1791484226830,WIFI,LOOPBACK_PUT_GET,16.41,27.01,43.42,True,0,0.0,False,16,4,NONE
560,1791484226830,WIFI,LOOPBACK_PUT_GET,36.45,20.41,56.86,True,0,0.0,False,16,3,NONE
561,1791484226830,WIFI,LOOPBACK_PUT_GET,37.63,24.13,61.76,True,0,0.0,False,16,6,NONE
562,1791484226830,WIFI,LOOPBACK_PUT_GET,21.37,29.32,50.69,True,0,0.0,False,16,7,NONE
563,1791484226830,WIFI,LOOPBACK_PUT_GET,22.85,34.68,57.53,True,0,0.0,False,16,3,NONE
564,1791484226830,WIFI,LOOPBACK_PUT_GET,21.94,17.59,39.53,True,0,0.0,False,16,5,NONE
565,1791484226830,WIFI,LOOPBACK_PUT_GET,21.90,35.88,57.78,True,0,0.0,False,16,4,NONE
566,1791484226830,WIFI,LOOPBACK_PUT_GET,30.49,26.92,57.40,True,0,0.0,False,16,7,NONE
567,1791484226830,WIFI,LOOPBACK_PUT_GET,22.77,30.67,53.44,True,0,0.0,False,16,3,NONE
568,1791484226830,WIFI,LOOPBACK_PUT_GET,29.14,22.20,51.34,True,0,0.0,False,16,5,NONE
569,1791484226830,WIFI,LOOPBACK_PUT_GET,30.52,17.73,48.25,True,0,0.0,False,16,7,NONE
570,1791484226830,WIFI,LOOPBACK_PUT_GET,17.36,34.35,51.71,True,0,0.0,False,16,4,NONE
571,1791484226830,WIFI,LOOPBACK_PUT_GET,22.89,38.32,61.21,True,0,0.0,False,16,5,NONE
572,1791484226830,WIFI,LOOPBACK_PUT_GET,33.22,37.17,70.39,True,0,0.0,False,16,4,NONE
573,1791484226830,WIFI,LOOPBACK_PUT_GET,39.39,22.52,61.91,True,0,0.0,False,16,8,NONE
574,1791484226830,WIFI,LOOPBACK_PUT_GET,26.14,22.94,49.08,True,0,0.0,False,16,4,NONE
575,1791484226830,WIFI,LOOPBACK_PUT_GET,30.13,23.16,53.29,True,0,0.0,False,16,4,NONE
576,1791484226830,WIFI,LOOPBACK_PUT_GET,21.69,17.99,39.67,True,0,0.0,False,16,4,NONE
577,1791484226830,WIFI,LOOPBACK_PUT_GET,426.56,26.60,453.17,True,1,0.0,False,16,4,NONE
578,1791484226830,WIFI,LOOPBACK_PUT_GET,18.35,33.79,52.14,True,0,0.0,False,16,8,NONE
579,1791484226830,WIFI,LOOPBACK_PUT_GET,21.47,26.89,48.36,True,0,0.0,False,16,6,NONE
580,1791484226830,WIFI,LOOPBACK_PUT_GET,31.03,32.71,63.75,True,0,0.0,False,16,3,NONE
581,1791484226830,WIFI,LOOPBACK_PUT_GET,37.83,22.36,60.18,True,0,0.0,False,16,8,NONE
582,1791484226830,WIFI,LOOPBACK_PUT_GET,25.68,18.19,43.87,True,0,0.0,False,16,5,NONE
583,1791484226830,WIFI,LOOPBACK_PUT_GET,16.47,37.10,53.58,True,0,0.0,False,16,6,NONE
584,1791484226830,WIFI,LOOPBACK_PUT_GET,39.39,22.91,62.30,True,0,0.0,False,16,7,NONE
585,1791484226830,WIFI,LOOPBACK_PUT_GET,18.30,36.40,54.70,True,0,0.0,False,16,6,NONE
586,1791484226830,WIFI,LOOPBACK_PUT_GET,25.81,20.68,46.49,True,0,0.0,False,16,6,NONE
587,1791484226830,WIFI,LOOPBACK_PUT_GET,21.82,26.19,48.00,True,0,0.0,False,16,4,NONE
588,1791484226830,WIFI,LOOPBACK_PUT_GET,19.77,37.27,57.05,True,0,0.0,False,16,7,NONE
589,1791484226830,WIFI,LOOPBACK_PUT_GET,37.26,23.54,60.80,True,0,0.0,False,16,8,NONE
590,1791484226830,WIFI,LOOPBACK_PUT_GET,18.42,19.38,37.81,True,0,0.0,False,16,5,NONE
591,1791484226830,WIFI,LOOPBACK_PUT_GET,31.41,30.40,61.81,True,0,0.0,False,16,5,NONE
592,1791484226830,WIFI,LOOPBACK_PUT_GET,30.95,17.53,48.48,True,0,0.0,False,16,5,NONE
593,1791484226830,WIFI,LOOPBACK_PUT_GET,21.49,31.29,52.78,True,0,0.0,False,16,6,NONE
594,1791484226830,WIFI,LOOPBACK_PUT_GET,32.96,29.02,61.98,True,0,0.0,False,16,5,NONE
595,1791484226830,WIFI,LOOPBACK_PUT_GET,20.18,38.83,59.01,True,0,0.0,False,16,4,NONE
596,1791484226830,WIFI,LOOPBACK_PUT_GET,32.03,38.11,70.14,True,0,0.0,False,16,4,NONE
597,1791484226830,WIFI,LOOPBACK_PUT_GET,35.82,29.58,65.40,True,0,0.0,False,16,5,NONE
598,1791484226830,WIFI,LOOPBACK_PUT_GET,27.49,24.08,51.57,True,0,0.0,False,16,8,NONE
599,1791484226830,WIFI,LOOPBACK_PUT_GET,35.17,26.77,61.94,True,0,0.0,False,16,4,NONE
600,1791484226830,WIFI,LOOPBACK_PUT_GET,19.58,39.63,59.22,True,0,0.0,False,16,5,NONE
601,1791484226830,WIFI,LOOPBACK_PUT_GET,30.34,37.28,67.62,True,0,0.0,False,16,6,NONE
602,1791484226830,WIFI,LOOPBACK_PUT_GET,29.52,19.11,48.63,True,0,0.0,False,16,7,NONE
603,1791484226830,WIFI,LOOPBACK_PUT_GET,16.06,33.52,49.58,True,0,0.0,False,16,8,NONE
604,1791484226830,WIFI,LOOPBACK_PUT_GET,25.68,22.90,48.58,True,0,0.0,False,16,7,NONE
605,1791484226830,WIFI,LOOPBACK_PUT_GET,28.07,22.88,50.94,True,0,0.0,False,16,8,NONE
606,1791484226830,WIFI,LOOPBACK_PUT_GET,24.27,29.12,53.39,True,0,0.0,False,16,5,NONE
607,1791484226830,WIFI,LOOPBACK_PUT_GET,27.24,19.07,46.30,True,0,0.0,False,16,7,NONE
608,1791484226830,WIFI,LOOPBACK_PUT_GET,26.46,34.63,61.10,True,0,0.0,False,16,7,NONE
609,1791484226830,WIFI,LOOPBACK_PUT_GET,16.49,38.53,55.02,True,0,0.0,False,16,5,NONE
610,1791484226830,WIFI,LOOPBACK_PUT_GET,32.62,30.56,63.18,True,0,0.0,False,16,4,NONE
611,1791484226830,WIFI,LOOPBACK_PUT_GET,32.86,25.59,58.45,True,0,0.0,False,16,4,NONE
612,1791484226830,WIFI,LOOPBACK_PUT_GET,22.79,21.33,44.12,True,0,0.0,False,16,8,NONE
613,1791484226830,WIFI,LOOPBACK_PUT_GET,37.82,23.84,61.66,True,0,0.0,False,16,3,NONE
614,1791484226830,WIFI,LOOPBACK_PUT_GET,36.13,19.51,55.63,True,0,0.0,False,16,7,NONE
615,1791484226830,WIFI,LOOPBACK_PUT_GET,23.96,32.31,56.27,True,0,0.0,False,16,3,NONE
616,1791484226830,WIFI,LOOPBACK_PUT_GET,27.53,18.09,45.62,True,0,0.0,False,16,4,NONE
617,1791484226830,WIFI,LOOPBACK_PUT_GET,24.23,34.09,58.32,True,0,0.0,False,16,7,NONE
618,1791484226830,WIFI,LOOPBACK_PUT_GET,17.82,26.71,44.53,True,0,0.0,False,16,8,NONE
619,1791484226830,WIFI,LOOPBACK_PUT_GET,17.33,19.67,37.00,True,0,0.0,False,16,3,NONE
620,1791484226830,WIFI,LOOPBACK_PUT_GET,23.07,18.57,41.64,True,0,0.0,False,16,6,NONE
621,1791484226830,WIFI,LOOPBACK_PUT_GET,35.23,16.16,51.39,True,0,0.0,False,16,6,NONE
622,1791484226830,WIFI,LOOPBACK_PUT_GET,24.43,30.15,54.58,True,0,0.0,False,16,5,NONE
623,1791484226830,WIFI,LOOPBACK_PUT_GET,21.46,16.71,38.17,True,0,0.0,False,16,7,NONE
624,1791484226830,WIFI,LOOPBACK_PUT_GET,30.23,21.89,52.13,True,0,0.0,False,16,4,NONE
625,1791484226830,WIFI,LOOPBACK_PUT_GET,39.53,26.89,66.42,True,0,0.0,False,16,7,NONE
626,1791484226830,WIFI,LOOPBACK_PUT_GET,18.92,22.82,41.73,True,0,0.0,False,16,4,NONE
627,1791484226830,WIFI,LOOPBACK_PUT_GET,20.81,38.86,59.67,True,0,0.0,False,16,4,NONE
628,1791484226830,WIFI,LOOPBACK_PUT_GET,37.28,30.53,67.80,True,0,0.0,False,16,7,NONE
629,1791484226830,WIFI,LOOPBACK_PUT_GET,35.54,33.29,68.83,True,0,0.0,False,16,5,NONE
630,1791484226830,WIFI,LOOPBACK_PUT_GET,34.77,31.80,66.57,True,0,0.0,False,16,6,NONE
631,1791484226830,WIFI,LOOPBACK_PUT_GET,432.71,18.13,450.84,True,1,0.0,False,16,5,NONE
632,1791484226830,WIFI,LOOPBACK_PUT_GET,29.57,36.80,66.37,True,0,0.0,False,16,4,NONE
633,1791484226830,WIFI,LOOPBACK_PUT_GET,24.86,38.64,63.51,True,0,0.0,False,16,4,NONE
634,1791484226830,WIFI,LOOPBACK_PUT_GET,25.00,29.10,54.10,True,0,0.0,False,16,4,NONE
635,1791484226830,WIFI,LOOPBACK_PUT_GET,28.15,37.74,65.89,True,0,0.0,False,16,6,NONE
636,1791484226830,WIFI,LOOPBACK_PUT_GET,38.98,16.74,55.72,True,0,0.0,False,16,5,NONE
637,1791484226830,WIFI,LOOPBACK_PUT_GET,26.15,38.63,64.79,True,0,0.0,False,16,6,NONE
638,1791484226830,WIFI,LOOPBACK_PUT_GET,38.89,36.79,75.68,True,0,0.0,False,16,8,NONE
639,1791484226830,WIFI,LOOPBACK_PUT_GET,33.31,20.98,54.29,True,0,0.0,False,16,3,NONE
640,1791484226830,WIFI,LOOPBACK_PUT_GET,37.83,23.12,60.95,True,0,0.0,False,16,5,NONE
641,1791484226830,WIFI,LOOPBACK_PUT_GET,24.23,18.87,43.09,True,0,0.0,False,16,6,NONE
642,1791484226830,WIFI,LOOPBACK_PUT_GET,27.38,38.79,66.16,True,0,0.0,False,16,6,NONE
643,1791484226830,WIFI,LOOPBACK_PUT_GET,22.93,39.67,62.60,True,0,0.0,False,16,6,NONE
644,1791484226830,WIFI,LOOPBACK_PUT_GET,27.05,37.08,64.13,True,0,0.0,False,16,4,NONE
645,1791484226830,WIFI,LOOPBACK_PUT_GET,20.18,30.65,50.82,True,0,0.0,False,16,4,NONE
646,1791484226830,WIFI,LOOPBACK_PUT_GET,34.45,22.11,56.56,True,0,0.0,False,16,4,NONE
647,1791484226830,WIFI,LOOPBACK_PUT_GET,18.64,16.50,35.13,True,0,0.0,False,16,8,NONE
648,1791484226830,WIFI,LOOPBACK_PUT_GET,20.65,23.75,44.40,True,0,0.0,False,16,5,NONE
649,1791484226832,WIFI,LOOPBACK_PUT_GET,39.56,33.46,73.02,True,0,0.0,False,16,8,NONE
650,1791484226832,WIFI,LOOPBACK_PUT_GET,31.97,20.19,52.16,True,0,0.0,False,16,3,NONE
651,1791484226832,WIFI,LOOPBACK_PUT_GET,40.00,24.58,64.58,True,0,0.0,False,16,6,NONE
652,1791484226832,WIFI,LOOPBACK_PUT_GET,33.97,22.11,56.08,True,0,0.0,False,16,4,NONE
653,1791484226832,WIFI,LOOPBACK_PUT_GET,32.43,25.35,57.78,True,0,0.0,False,16,7,NONE
654,1791484226832,WIFI,LOOPBACK_PUT_GET,17.27,27.53,44.80,True,0,0.0,False,16,8,NONE
655,1791484226832,WIFI,LOOPBACK_PUT_GET,17.25,33.90,51.14,True,0,0.0,False,16,6,NONE
656,1791484226832,WIFI,LOOPBACK_PUT_GET,18.21,30.90,49.11,True,0,0.0,False,16,5,NONE
657,1791484226832,WIFI,LOOPBACK_PUT_GET,37.09,17.78,54.88,True,0,0.0,False,16,3,NONE
658,1791484226832,WIFI,LOOPBACK_PUT_GET,38.71,17.14,55.85,True,0,0.0,False,16,5,NONE
659,1791484226832,WIFI,LOOPBACK_PUT_GET,32.74,25.30,58.04,True,0,0.0,False,16,5,NONE
660,1791484226832,WIFI,LOOPBACK_PUT_GET,39.90,27.81,67.72,True,0,0.0,False,16,7,NONE
661,1791484226832,WIFI,LOOPBACK_PUT_GET,19.10,25.16,44.26,True,0,0.0,False,16,8,NONE
662,1791484226832,WIFI,LOOPBACK_PUT_GET,29.42,22.98,52.40,True,0,0.0,False,16,7,NONE
663,1791484226832,WIFI,LOOPBACK_PUT_GET,32.38,22.14,54.52,True,0,0.0,False,16,7,NONE
664,1791484226832,WIFI,LOOPBACK_PUT_GET,36.81,18.28,55.09,True,0,0.0,False,16,3,NONE
665,1791484226832,WIFI,LOOPBACK_PUT_GET,26.02,36.39,62.40,True,0,0.0,False,16,7,NONE
666,1791484226832,WIFI,LOOPBACK_PUT_GET,28.32,38.49,66.80,True,0,0.0,False,16,3,NONE
667,1791484226832,WIFI,LOOPBACK_PUT_GET,28.11,17.73,45.84,True,0,0.0,False,16,4,NONE
668,1791484226832,WIFI,LOOPBACK_PUT_GET,26.33,39.45,65.77,True,0,0.0,False,16,7,NONE
669,1791484226832,WIFI,LOOPBACK_PUT_GET,22.63,27.96,50.58,True,0,0.0,False,16,7,NONE
670,1791484226832,WIFI,LOOPBACK_PUT_GET,25.36,17.23,42.59,True,0,0.0,False,16,6,NONE
671,1791484226832,WIFI,LOOPBACK_PUT_GET,17.05,26.56,43.60,True,0,0.0,False,16,3,NONE
672,1791484226832,WIFI,LOOPBACK_PUT_GET,34.28,37.47,71.75,True,0,0.0,False,16,4,NONE
673,1791484226832,WIFI,LOOPBACK_PUT_GET,25.88,20.59,46.46,True,0,0.0,False,16,4,NONE
674,1791484226832,WIFI,LOOPBACK_PUT_GET,33.16,34.31,67.47,True,0,0.0,False,16,4,NONE
675,1791484226832,WIFI,LOOPBACK_PUT_GET,23.40,31.49,54.89,True,0,0.0,False,16,4,NONE
676,1791484226832,WIFI,LOOPBACK_PUT_GET,18.17,36.15,54.33,True,0,0.0,False,16,7,NONE
677,1791484226832,WIFI,LOOPBACK_PUT_GET,29.38,21.65,51.03,True,0,0.0,False,16,8,NONE
678,1791484226832,WIFI,LOOPBACK_PUT_GET,31.75,24.92,56.67,True,0,0.0,False,16,8,NONE
679,1791484226832,WIFI,LOOPBACK_PUT_GET,22.25,25.84,48.09,True,0,0.0,False,16,7,NONE
680,1791484226832,WIFI,LOOPBACK_PUT_GET,31.72,21.14,52.85,True,0,0.0,False,16,6,NONE
681,1791484226832,WIFI,LOOPBACK_PUT_GET,16.92,18.01,34.93,True,0,0.0,False,16,5,NONE
682,1791484226832,WIFI,LOOPBACK_PUT_GET,27.52,37.88,65.40,True,0,0.0,False,16,4,NONE
683,1791484226832,WIFI,LOOPBACK_PUT_GET,18.09,37.03,55.12,True,0,0.0,False,16,6,NONE
684,1791484226832,WIFI,LOOPBACK_PUT_GET,38.95,23.30,62.25,True,0,0.0,False,16,5,NONE
685,1791484226832,WIFI,LOOPBACK_PUT_GET,35.85,26.56,62.41,True,0,0.0,False,16,6,NONE
686,1791484226832,WIFI,LOOPBACK_PUT_GET,27.49,38.81,66.30,True,0,0.0,False,16,5,NONE
687,1791484226832,WIFI,LOOPBACK_PUT_GET,20.35,33.98,54.33,True,0,0.0,False,16,4,NONE
688,1791484226832,WIFI,LOOPBACK_PUT_GET,32.81,25.53,58.34,True,0,0.0,False,16,5,NONE
689,1791484226832,WIFI,LOOPBACK_PUT_GET,31.32,36.03,67.36,True,0,0.0,False,16,8,NONE
690,1791484226832,WIFI,LOOPBACK_PUT_GET,26.77,29.35,56.13,True,0,0.0,False,16,7,NONE
691,1791484226832,WIFI,LOOPBACK_PUT_GET,19.05,36.75,55.80,True,0,0.0,False,16,4,NONE
692,1791484226832,WIFI,LOOPBACK_PUT_GET,18.14,35.16,53.31,True,0,0.0,False,16,7,NONE
693,1791484226832,WIFI,LOOPBACK_PUT_GET,20.58,34.51,55.09,True,0,0.0,False,16,8,NONE
694,1791484226832,WIFI,LOOPBACK_PUT_GET,19.53,16.05,35.59,True,0,0.0,False,16,4,NONE
695,1791484226832,WIFI,LOOPBACK_PUT_GET,18.37,24.03,42.40,True,0,0.0,False,16,5,NONE
696,1791484226832,WIFI,LOOPBACK_PUT_GET,23.64,28.74,52.38,True,0,0.0,False,16,5,NONE
697,1791484226832,WIFI,LOOPBACK_PUT_GET,39.71,17.69,57.40,True,0,0.0,False,16,8,NONE
698,1791484226832,WIFI,LOOPBACK_PUT_GET,38.61,28.87,67.48,True,0,0.0,False,16,3,NONE
699,1791484226832,WIFI,LOOPBACK_PUT_GET,22.32,38.10,60.41,True,0,0.0,False,16,8,NONE
700,1791484226832,WIFI,LOOPBACK_PUT_GET,35.35,24.63,59.98,True,0,0.0,False,16,5,NONE
701,1791484226832,WIFI,LOOPBACK_PUT_GET,25.23,31.45,56.68,True,0,0.0,False,16,4,NONE
702,1791484226832,WIFI,LOOPBACK_PUT_GET,29.97,19.59,49.56,True,0,0.0,False,16,4,NONE
703,1791484226832,WIFI,LOOPBACK_PUT_GET,20.69,35.66,56.35,True,0,0.0,False,16,7,NONE
704,1791484226832,WIFI,LOOPBACK_PUT_GET,28.76,25.51,54.26,True,0,0.0,False,16,5,NONE
705,1791484226832,WIFI,LOOPBACK_PUT_GET,18.11,23.73,41.84,True,0,0.0,False,16,8,NONE
706,1791484226832,WIFI,LOOPBACK_PUT_GET,24.44,27.06,51.50,True,0,0.0,False,16,7,NONE
707,1791484226832,WIFI,LOOPBACK_PUT_GET,17.77,28.11,45.88,True,0,0.0,False,16,3,NONE
708,1791484226832,WIFI,LOOPBACK_PUT_GET,31.23,23.62,54.85,True,0,0.0,False,16,7,NONE
709,1791484226832,WIFI,LOOPBACK_PUT_GET,36.19,20.59,56.77,True,0,0.0,False,16,7,NONE
710,1791484226832,WIFI,LOOPBACK_PUT_GET,33.61,30.68,64.29,True,0,0.0,False,16,7,NONE
711,1791484226832,WIFI,LOOPBACK_PUT_GET,25.22,18.39,43.60,True,0,0.0,False,16,7,NONE
712,1791484226832,WIFI,LOOPBACK_PUT_GET,30.16,30.74,60.90,True,0,0.0,False,16,7,NONE
713,1791484226832,WIFI,LOOPBACK_PUT_GET,28.29,26.53,54.82,True,0,0.0,False,16,3,NONE
714,1791484226832,WIFI,LOOPBACK_PUT_GET,17.28,28.39,45.67,True,0,0.0,False,16,3,NONE
715,1791484226832,WIFI,LOOPBACK_PUT_GET,17.63,17.98,35.61,True,0,0.0,False,16,5,NONE
716,1791484226832,WIFI,LOOPBACK_PUT_GET,23.15,31.48,54.63,True,0,0.0,False,16,5,NONE
717,1791484226832,WIFI,LOOPBACK_PUT_GET,17.81,26.91,44.72,True,0,0.0,False,16,5,NONE
718,1791484226832,WIFI,LOOPBACK_PUT_GET,35.70,27.62,63.32,True,0,0.0,False,16,5,NONE
719,1791484226832,WIFI,LOOPBACK_PUT_GET,18.93,35.12,54.05,True,0,0.0,False,16,6,NONE
720,1791484226832,WIFI,LOOPBACK_PUT_GET,36.75,24.76,61.52,True,0,0.0,False,16,7,NONE
721,1791484226832,WIFI,LOOPBACK_PUT_GET,31.63,35.87,67.50,True,0,0.0,False,16,6,NONE
722,1791484226832,WIFI,LOOPBACK_PUT_GET,17.73,31.13,48.85,True,0,0.0,False,16,4,NONE
723,1791484226832,WIFI,LOOPBACK_PUT_GET,18.96,39.43,58.40,True,0,0.0,False,16,6,NONE
724,1791484226832,WIFI,LOOPBACK_PUT_GET,35.96,26.00,61.97,True,0,0.0,False,16,3,NONE
725,1791484226832,WIFI,LOOPBACK_PUT_GET,17.60,26.40,43.99,True,0,0.0,False,16,6,NONE
726,1791484226832,WIFI,LOOPBACK_PUT_GET,25.55,27.56,53.11,True,0,0.0,False,16,8,NONE
727,1791484226832,WIFI,LOOPBACK_PUT_GET,26.57,17.17,43.74,True,0,0.0,False,16,4,NONE
728,1791484226832,WIFI,LOOPBACK_PUT_GET,17.32,26.97,44.30,True,0,0.0,False,16,8,NONE
729,1791484226832,WIFI,LOOPBACK_PUT_GET,21.52,20.34,41.86,True,0,0.0,False,16,4,NONE
730,1791484226832,WIFI,LOOPBACK_PUT_GET,17.21,25.03,42.24,True,0,0.0,False,16,5,NONE
731,1791484226832,WIFI,LOOPBACK_PUT_GET,25.40,27.67,53.07,True,0,0.0,False,16,3,NONE
732,1791484226832,WIFI,LOOPBACK_PUT_GET,37.33,28.57,65.90,True,0,0.0,False,16,5,NONE
733,1791484226832,WIFI,LOOPBACK_PUT_GET,22.27,17.98,40.25,True,0,0.0,False,16,3,NONE
734,1791484226832,WIFI,LOOPBACK_PUT_GET,16.95,34.33,51.27,True,0,0.0,False,16,4,NONE
735,1791484226832,WIFI,LOOPBACK_PUT_GET,29.39,19.89,49.28,True,0,0.0,False,16,5,NONE
736,1791484226832,WIFI,LOOPBACK_PUT_GET,19.24,37.55,56.80,True,0,0.0,False,16,6,NONE
737,1791484226832,WIFI,LOOPBACK_PUT_GET,24.47,22.04,46.51,True,0,0.0,False,16,7,NONE
738,1791484226832,WIFI,LOOPBACK_PUT_GET,30.75,28.07,58.82,True,0,0.0,False,16,3,NONE
739,1791484226832,WIFI,LOOPBACK_PUT_GET,19.76,28.33,48.08,True,0,0.0,False,16,4,NONE
740,1791484226832,WIFI,LOOPBACK_PUT_GET,27.93,34.71,62.63,True,0,0.0,False,16,5,NONE
741,1791484226832,WIFI,LOOPBACK_PUT_GET,27.04,25.00,52.04,True,0,0.0,False,16,8,NONE
742,1791484226832,WIFI,LOOPBACK_PUT_GET,16.08,31.80,47.88,True,0,0.0,False,16,7,NONE
743,1791484226832,WIFI,LOOPBACK_PUT_GET,34.29,38.17,72.46,True,0,0.0,False,16,7,NONE
744,1791484226832,WIFI,LOOPBACK_PUT_GET,31.77,32.10,63.87,True,0,0.0,False,16,6,NONE
745,1791484226832,WIFI,LOOPBACK_PUT_GET,36.79,17.18,53.97,True,0,0.0,False,16,7,NONE
746,1791484226832,WIFI,LOOPBACK_PUT_GET,27.76,31.72,59.48,True,0,0.0,False,16,8,NONE
747,1791484226832,WIFI,LOOPBACK_PUT_GET,26.37,32.17,58.54,True,0,0.0,False,16,5,NONE
748,1791484226832,WIFI,LOOPBACK_PUT_GET,35.50,16.04,51.54,True,0,0.0,False,16,3,NONE
749,1791484226832,WIFI,LOOPBACK_PUT_GET,30.33,20.72,51.05,True,0,0.0,False,16,3,NONE
750,1791484226832,WIFI,LOOPBACK_PUT_GET,27.39,31.37,58.76,True,0,0.0,False,16,7,NONE
751,1791484226832,WIFI,LOOPBACK_PUT_GET,24.72,30.62,55.33,True,0,0.0,False,16,4,NONE
752,1791484226832,WIFI,LOOPBACK_PUT_GET,37.77,33.76,71.52,True,0,0.0,False,16,7,NONE
753,1791484226832,WIFI,LOOPBACK_PUT_GET,26.36,27.33,53.68,True,0,0.0,False,16,7,NONE
754,1791484226832,WIFI,LOOPBACK_PUT_GET,18.14,28.48,46.62,True,0,0.0,False,16,4,NONE
755,1791484226832,WIFI,LOOPBACK_PUT_GET,28.55,24.52,53.08,True,0,0.0,False,16,6,NONE
756,1791484226832,WIFI,LOOPBACK_PUT_GET,25.81,19.19,45.00,True,0,0.0,False,16,8,NONE
757,1791484226832,WIFI,LOOPBACK_PUT_GET,34.12,28.43,62.55,True,0,0.0,False,16,8,NONE
758,1791484226832,WIFI,LOOPBACK_PUT_GET,22.04,24.39,46.43,True,0,0.0,False,16,7,NONE
759,1791484226832,WIFI,LOOPBACK_PUT_GET,31.89,27.78,59.67,True,0,0.0,False,16,7,NONE
760,1791484226832,WIFI,LOOPBACK_PUT_GET,38.48,17.58,56.06,True,0,0.0,False,16,8,NONE
761,1791484226832,WIFI,LOOPBACK_PUT_GET,34.27,27.09,61.36,True,0,0.0,False,16,6,NONE
762,1791484226832,WIFI,LOOPBACK_PUT_GET,20.76,26.07,46.83,True,0,0.0,False,16,7,NONE
763,1791484226832,WIFI,LOOPBACK_PUT_GET,36.78,16.60,53.38,True,0,0.0,False,16,8,NONE
764,1791484226832,WIFI,LOOPBACK_PUT_GET,18.62,28.05,46.67,True,0,0.0,False,16,8,NONE
765,1791484226832,WIFI,LOOPBACK_PUT_GET,37.31,16.35,53.66,True,0,0.0,False,16,3,NONE
766,1791484226832,WIFI,LOOPBACK_PUT_GET,21.39,39.78,61.17,True,0,0.0,False,16,6,NONE
767,1791484226832,WIFI,LOOPBACK_PUT_GET,37.73,21.77,59.51,True,0,0.0,False,16,8,NONE
768,1791484226832,WIFI,LOOPBACK_PUT_GET,16.64,22.54,39.18,True,0,0.0,False,16,3,NONE
769,1791484226832,WIFI,LOOPBACK_PUT_GET,26.50,30.13,56.63,True,0,0.0,False,16,6,NONE
770,1791484226832,WIFI,LOOPBACK_PUT_GET,20.55,16.14,36.69,True,0,0.0,False,16,7,NONE
771,1791484226832,WIFI,LOOPBACK_PUT_GET,39.17,32.43,71.60,True,0,0.0,False,16,7,NONE
772,1791484226832,WIFI,LOOPBACK_PUT_GET,38.41,27.37,65.78,True,0,0.0,False,16,8,NONE
773,1791484226832,WIFI,LOOPBACK_PUT_GET,39.16,38.84,78.00,True,0,0.0,False,16,6,NONE
774,1791484226832,WIFI,LOOPBACK_PUT_GET,31.96,21.83,53.79,True,0,0.0,False,16,4,NONE
775,1791484226832,WIFI,LOOPBACK_PUT_GET,20.41,34.98,55.39,True,0,0.0,False,16,8,NONE
776,1791484226832,WIFI,LOOPBACK_PUT_GET,24.38,33.06,57.44,True,0,0.0,False,16,6,NONE
777,1791484226832,WIFI,LOOPBACK_PUT_GET,39.02,39.77,78.79,True,0,0.0,False,16,5,NONE
778,1791484226832,WIFI,LOOPBACK_PUT_GET,37.71,27.97,65.69,True,0,0.0,False,16,7,NONE
779,1791484226832,WIFI,LOOPBACK_PUT_GET,18.94,29.15,48.09,True,0,0.0,False,16,5,NONE
780,1791484226832,WIFI,LOOPBACK_PUT_GET,17.96,22.52,40.48,True,0,0.0,False,16,5,NONE
781,1791484226832,WIFI,LOOPBACK_PUT_GET,38.03,28.66,66.69,True,0,0.0,False,16,3,NONE
782,1791484226832,WIFI,LOOPBACK_PUT_GET,21.51,27.03,48.54,True,0,0.0,False,16,4,NONE
783,1791484226832,WIFI,LOOPBACK_PUT_GET,36.59,26.24,62.83,True,0,0.0,False,16,5,NONE
784,1791484226832,WIFI,LOOPBACK_PUT_GET,31.08,31.89,62.97,True,0,0.0,False,16,7,NONE
785,1791484226832,WIFI,LOOPBACK_PUT_GET,38.22,36.30,74.52,True,0,0.0,False,16,6,NONE
786,1791484226832,WIFI,LOOPBACK_PUT_GET,25.23,17.96,43.19,True,0,0.0,False,16,7,NONE
787,1791484226832,WIFI,LOOPBACK_PUT_GET,23.65,18.51,42.16,True,0,0.0,False,16,8,NONE
788,1791484226832,WIFI,LOOPBACK_PUT_GET,24.38,17.50,41.88,True,0,0.0,False,16,3,NONE
789,1791484226832,WIFI,LOOPBACK_PUT_GET,23.56,24.22,47.78,True,0,0.0,False,16,8,NONE
790,1791484226832,WIFI,LOOPBACK_PUT_GET,30.96,30.97,61.94,True,0,0.0,False,16,4,NONE
791,1791484226832,WIFI,LOOPBACK_PUT_GET,39.55,17.61,57.16,True,0,0.0,False,16,8,NONE
792,1791484226832,WIFI,LOOPBACK_PUT_GET,36.20,36.55,72.75,True,0,0.0,False,16,8,NONE
793,1791484226832,WIFI,LOOPBACK_PUT_GET,36.23,22.07,58.31,True,0,0.0,False,16,4,NONE
794,1791484226832,WIFI,LOOPBACK_PUT_GET,25.63,32.81,58.44,True,0,0.0,False,16,4,NONE
795,1791484226832,WIFI,LOOPBACK_PUT_GET,20.89,16.15,37.04,True,0,0.0,False,16,7,NONE
796,1791484226832,WIFI,LOOPBACK_PUT_GET,19.88,20.17,40.05,True,0,0.0,False,16,4,NONE
797,1791484226832,WIFI,LOOPBACK_PUT_GET,37.57,37.12,74.69,True,0,0.0,False,16,7,NONE
798,1791484226832,WIFI,LOOPBACK_PUT_GET,27.85,35.01,62.85,True,0,0.0,False,16,6,NONE
799,1791484226832,WIFI,LOOPBACK_PUT_GET,21.61,18.78,40.39,True,0,0.0,False,16,3,NONE
800,1791484226832,WIFI,LOOPBACK_PUT_GET,35.70,37.68,73.38,True,0,0.0,False,16,6,NONE
801,1791484226832,WIFI,LOOPBACK_PUT_GET,28.86,26.06,54.92,True,0,0.0,False,16,3,NONE
802,1791484226832,WIFI,LOOPBACK_PUT_GET,20.00,27.39,47.39,True,0,0.0,False,16,4,NONE
803,1791484226832,WIFI,LOOPBACK_PUT_GET,24.66,26.52,51.18,True,0,0.0,False,16,7,NONE
804,1791484226832,WIFI,LOOPBACK_PUT_GET,37.09,29.01,66.10,True,0,0.0,False,16,3,NONE
805,1791484226832,WIFI,LOOPBACK_PUT_GET,37.52,25.87,63.40,True,0,0.0,False,16,3,NONE
806,1791484226832,WIFI,LOOPBACK_PUT_GET,32.46,20.11,52.57,True,0,0.0,False,16,6,NONE
807,1791484226832,WIFI,LOOPBACK_PUT_GET,28.08,19.36,47.44,True,0,0.0,False,16,6,NONE
808,1791484226832,WIFI,LOOPBACK_PUT_GET,36.05,26.35,62.40,True,0,0.0,False,16,8,NONE
809,1791484226832,WIFI,LOOPBACK_PUT_GET,38.25,28.02,66.27,True,0,0.0,False,16,6,NONE
810,1791484226832,WIFI,LOOPBACK_PUT_GET,39.94,22.27,62.21,True,0,0.0,False,16,4,NONE
811,1791484226832,WIFI,LOOPBACK_PUT_GET,17.41,433.82,451.24,True,1,0.0,False,16,7,NONE
812,1791484226832,WIFI,LOOPBACK_PUT_GET,29.12,25.68,54.80,True,0,0.0,False,16,5,NONE
813,1791484226832,WIFI,LOOPBACK_PUT_GET,17.27,21.52,38.79,True,0,0.0,False,16,7,NONE
814,1791484226832,WIFI,LOOPBACK_PUT_GET,18.90,19.51,38.41,True,0,0.0,False,16,8,NONE
815,1791484226832,WIFI,LOOPBACK_PUT_GET,24.80,27.19,51.99,True,0,0.0,False,16,7,NONE
816,1791484226832,WIFI,LOOPBACK_PUT_GET,26.06,35.68,61.74,True,0,0.0,False,16,6,NONE
817,1791484226832,WIFI,LOOPBACK_PUT_GET,38.16,30.21,68.37,True,0,0.0,False,16,3,NONE
818,1791484226832,WIFI,LOOPBACK_PUT_GET,28.14,33.16,61.30,True,0,0.0,False,16,5,NONE
819,1791484226832,WIFI,LOOPBACK_PUT_GET,16.94,33.02,49.96,True,0,0.0,False,16,6,NONE
820,1791484226832,WIFI,LOOPBACK_PUT_GET,31.54,16.07,47.61,True,0,0.0,False,16,6,NONE
821,1791484226832,WIFI,LOOPBACK_PUT_GET,18.06,34.52,52.58,True,0,0.0,False,16,7,NONE
822,1791484226832,WIFI,LOOPBACK_PUT_GET,24.12,31.27,55.39,True,0,0.0,False,16,3,NONE
823,1791484226832,WIFI,LOOPBACK_PUT_GET,24.04,36.04,60.09,True,0,0.0,False,16,3,NONE
824,1791484226832,WIFI,LOOPBACK_PUT_GET,33.67,33.86,67.54,True,0,0.0,False,16,7,NONE
825,1791484226832,WIFI,LOOPBACK_PUT_GET,37.23,32.19,69.42,True,0,0.0,False,16,5,NONE
826,1791484226832,WIFI,LOOPBACK_PUT_GET,16.35,37.54,53.90,True,0,0.0,False,16,8,NONE
827,1791484226832,WIFI,LOOPBACK_PUT_GET,34.60,38.53,73.13,True,0,0.0,False,16,6,NONE
828,1791484226832,WIFI,LOOPBACK_PUT_GET,39.61,22.40,62.01,True,0,0.0,False,16,8,NONE
829,1791484226832,WIFI,LOOPBACK_PUT_GET,30.40,25.16,55.56,True,0,0.0,False,16,4,NONE
830,1791484226832,WIFI,LOOPBACK_PUT_GET,31.41,27.66,59.07,True,0,0.0,False,16,8,NONE
831,1791484226832,WIFI,LOOPBACK_PUT_GET,24.69,16.35,41.04,True,0,0.0,False,16,7,NONE
832,1791484226832,WIFI,LOOPBACK_PUT_GET,38.10,19.83,57.94,True,0,0.0,False,16,7,NONE
833,1791484226832,WIFI,LOOPBACK_PUT_GET,31.40,25.18,56.58,True,0,0.0,False,16,8,NONE
834,1791484226832,WIFI,LOOPBACK_PUT_GET,39.35,38.83,78.18,True,0,0.0,False,16,6,NONE
835,1791484226832,WIFI,LOOPBACK_PUT_GET,23.41,23.42,46.83,True,0,0.0,False,16,3,NONE
836,1791484226832,WIFI,LOOPBACK_PUT_GET,29.34,35.05,64.39,True,0,0.0,False,16,7,NONE
837,1791484226832,WIFI,LOOPBACK_PUT_GET,35.65,16.88,52.53,True,0,0.0,False,16,6,NONE
838,1791484226832,WIFI,LOOPBACK_PUT_GET,34.34,35.92,70.26,True,0,0.0,False,16,4,NONE
839,1791484226832,WIFI,LOOPBACK_PUT_GET,28.76,19.75,48.50,True,0,0.0,False,16,8,NONE
840,1791484226832,WIFI,LOOPBACK_PUT_GET,35.62,38.78,74.40,True,0,0.0,False,16,6,NONE
841,1791484226832,WIFI,LOOPBACK_PUT_GET,26.78,25.88,52.66,True,0,0.0,False,16,8,NONE
842,1791484226832,WIFI,LOOPBACK_PUT_GET,36.80,16.56,53.36,True,0,0.0,False,16,5,NONE
843,1791484226833,WIFI,LOOPBACK_PUT_GET,35.17,21.72,56.89,True,0,0.0,False,16,6,NONE
844,1791484226833,WIFI,LOOPBACK_PUT_GET,33.79,18.92,52.72,True,0,0.0,False,16,5,NONE
845,1791484226833,WIFI,LOOPBACK_PUT_GET,23.03,33.14,56.17,True,0,0.0,False,16,8,NONE
846,1791484226833,WIFI,LOOPBACK_PUT_GET,35.94,37.06,73.00,True,0,0.0,False,16,3,NONE
847,1791484226833,WIFI,LOOPBACK_PUT_GET,20.79,24.73,45.52,True,0,0.0,False,16,7,NONE
848,1791484226833,WIFI,LOOPBACK_PUT_GET,25.68,21.72,47.41,True,0,0.0,False,16,6,NONE
849,1791484226833,WIFI,LOOPBACK_PUT_GET,33.77,20.01,53.78,True,0,0.0,False,16,6,NONE
850,1791484226833,WIFI,LOOPBACK_PUT_GET,20.49,25.01,45.49,True,0,0.0,False,16,6,NONE
851,1791484226833,WIFI,LOOPBACK_PUT_GET,27.23,21.28,48.51,True,0,0.0,False,16,4,NONE
852,1791484226833,WIFI,LOOPBACK_PUT_GET,25.39,37.71,63.11,True,0,0.0,False,16,3,NONE
853,1791484226833,WIFI,LOOPBACK_PUT_GET,29.34,33.42,62.75,True,0,0.0,False,16,8,NONE
854,1791484226833,WIFI,LOOPBACK_PUT_GET,431.37,35.62,466.99,True,1,0.0,False,16,4,NONE
855,1791484226833,WIFI,LOOPBACK_PUT_GET,23.36,38.83,62.18,True,0,0.0,False,16,5,NONE
856,1791484226833,WIFI,LOOPBACK_PUT_GET,17.18,20.83,38.01,True,0,0.0,False,16,8,NONE
857,1791484226833,WIFI,LOOPBACK_PUT_GET,34.26,22.76,57.03,True,0,0.0,False,16,7,NONE
858,1791484226833,WIFI,LOOPBACK_PUT_GET,26.46,23.59,50.05,True,0,0.0,False,16,7,NONE
859,1791484226833,WIFI,LOOPBACK_PUT_GET,35.33,28.17,63.49,True,0,0.0,False,16,8,NONE
860,1791484226833,WIFI,LOOPBACK_PUT_GET,29.57,27.80,57.37,True,0,0.0,False,16,6,NONE
861,1791484226833,WIFI,LOOPBACK_PUT_GET,30.88,20.70,51.59,True,0,0.0,False,16,3,NONE
862,1791484226833,WIFI,LOOPBACK_PUT_GET,18.61,32.35,50.95,True,0,0.0,False,16,5,NONE
863,1791484226833,WIFI,LOOPBACK_PUT_GET,29.85,23.70,53.55,True,0,0.0,False,16,3,NONE
864,1791484226833,WIFI,LOOPBACK_PUT_GET,20.55,36.66,57.21,True,0,0.0,False,16,7,NONE
865,1791484226833,WIFI,LOOPBACK_PUT_GET,35.58,24.86,60.44,True,0,0.0,False,16,4,NONE
866,1791484226833,WIFI,LOOPBACK_PUT_GET,22.68,28.71,51.39,True,0,0.0,False,16,7,NONE
867,1791484226833,WIFI,LOOPBACK_PUT_GET,21.69,26.25,47.94,True,0,0.0,False,16,4,NONE
868,1791484226833,WIFI,LOOPBACK_PUT_GET,33.60,25.94,59.54,True,0,0.0,False,16,8,NONE
869,1791484226833,WIFI,LOOPBACK_PUT_GET,19.14,33.86,53.00,True,0,0.0,False,16,4,NONE
870,1791484226833,WIFI,LOOPBACK_PUT_GET,30.51,39.57,70.08,True,0,0.0,False,16,6,NONE
871,1791484226833,WIFI,LOOPBACK_PUT_GET,16.87,32.62,49.49,True,0,0.0,False,16,7,NONE
872,1791484226833,WIFI,LOOPBACK_PUT_GET,18.78,20.23,39.01,True,0,0.0,False,16,4,NONE
873,1791484226833,WIFI,LOOPBACK_PUT_GET,36.97,37.59,74.56,True,0,0.0,False,16,6,NONE
874,1791484226833,WIFI,LOOPBACK_PUT_GET,23.11,20.01,43.12,True,0,0.0,False,16,7,NONE
875,1791484226833,WIFI,LOOPBACK_PUT_GET,32.09,35.98,68.07,True,0,0.0,False,16,3,NONE
876,1791484226833,WIFI,LOOPBACK_PUT_GET,31.67,21.26,52.93,True,0,0.0,False,16,8,NONE
877,1791484226833,WIFI,LOOPBACK_PUT_GET,17.29,21.36,38.65,True,0,0.0,False,16,7,NONE
878,1791484226833,WIFI,LOOPBACK_PUT_GET,16.25,32.48,48.73,True,0,0.0,False,16,5,NONE
879,1791484226833,WIFI,LOOPBACK_PUT_GET,19.62,434.19,453.82,True,1,0.0,False,16,8,NONE
880,1791484226833,WIFI,LOOPBACK_PUT_GET,21.70,24.22,45.92,True,0,0.0,False,16,5,NONE
881,1791484226833,WIFI,LOOPBACK_PUT_GET,27.37,22.41,49.78,True,0,0.0,False,16,8,NONE
882,1791484226833,WIFI,LOOPBACK_PUT_GET,35.30,27.57,62.86,True,0,0.0,False,16,7,NONE
883,1791484226833,WIFI,LOOPBACK_PUT_GET,37.78,27.11,64.89,True,0,0.0,False,16,6,NONE
884,1791484226833,WIFI,LOOPBACK_PUT_GET,16.63,27.92,44.55,True,0,0.0,False,16,4,NONE
885,1791484226833,WIFI,LOOPBACK_PUT_GET,37.65,35.44,73.09,True,0,0.0,False,16,8,NONE
886,1791484226833,WIFI,LOOPBACK_PUT_GET,28.23,38.96,67.19,True,0,0.0,False,16,6,NONE
887,1791484226833,WIFI,LOOPBACK_PUT_GET,31.43,24.71,56.14,True,0,0.0,False,16,3,NONE
888,1791484226833,WIFI,LOOPBACK_PUT_GET,27.56,36.75,64.31,True,0,0.0,False,16,6,NONE
889,1791484226833,WIFI,LOOPBACK_PUT_GET,24.67,33.52,58.19,True,0,0.0,False,16,5,NONE
890,1791484226833,WIFI,LOOPBACK_PUT_GET,37.02,18.25,55.28,True,0,0.0,False,16,3,NONE
891,1791484226833,WIFI,LOOPBACK_PUT_GET,25.24,34.61,59.85,True,0,0.0,False,16,4,NONE
892,1791484226833,WIFI,LOOPBACK_PUT_GET,19.65,39.49,59.14,True,0,0.0,False,16,8,NONE
893,1791484226833,WIFI,LOOPBACK_PUT_GET,33.53,32.33,65.86,True,0,0.0,False,16,4,NONE
894,1791484226833,WIFI,LOOPBACK_PUT_GET,38.20,23.52,61.72,True,0,0.0,False,16,8,NONE
895,1791484226833,WIFI,LOOPBACK_PUT_GET,39.18,22.69,61.87,True,0,0.0,False,16,8,NONE
896,1791484226833,WIFI,LOOPBACK_PUT_GET,19.49,36.24,55.72,True,0,0.0,False,16,8,NONE
897,1791484226833,WIFI,LOOPBACK_PUT_GET,23.29,23.54,46.83,True,0,0.0,False,16,6,NONE
898,1791484226833,WIFI,LOOPBACK_PUT_GET,39.06,25.85,64.91,True,0,0.0,False,16,6,NONE
899,1791484226833,WIFI,LOOPBACK_PUT_GET,35.81,39.87,75.67,True,0,0.0,False,16,7,NONE
900,1791484226833,WIFI,LOOPBACK_PUT_GET,27.55,25.18,52.73,True,0,0.0,False,16,8,NONE
901,1791484226833,WIFI,LOOPBACK_PUT_GET,35.39,32.56,67.95,True,0,0.0,False,16,6,NONE
902,1791484226833,WIFI,LOOPBACK_PUT_GET,27.98,39.34,67.32,True,0,0.0,False,16,4,NONE
903,1791484226833,WIFI,LOOPBACK_PUT_GET,29.69,35.59,65.28,True,0,0.0,False,16,7,NONE
904,1791484226833,WIFI,LOOPBACK_PUT_GET,17.50,20.78,38.28,True,0,0.0,False,16,6,NONE
905,1791484226833,WIFI,LOOPBACK_PUT_GET,16.59,28.81,45.41,True,0,0.0,False,16,6,NONE
906,1791484226833,WIFI,LOOPBACK_PUT_GET,24.63,20.62,45.25,True,0,0.0,False,16,7,NONE
907,1791484226833,WIFI,LOOPBACK_PUT_GET,37.55,38.16,75.71,True,0,0.0,False,16,4,NONE
908,1791484226833,WIFI,LOOPBACK_PUT_GET,39.48,32.51,71.99,True,0,0.0,False,16,4,NONE
909,1791484226833,WIFI,LOOPBACK_PUT_GET,31.08,37.60,68.67,True,0,0.0,False,16,6,NONE
910,1791484226833,WIFI,LOOPBACK_PUT_GET,31.19,22.56,53.75,True,0,0.0,False,16,6,NONE
911,1791484226833,WIFI,LOOPBACK_PUT_GET,20.35,29.24,49.59,True,0,0.0,False,16,3,NONE
912,1791484226833,WIFI,LOOPBACK_PUT_GET,21.44,22.02,43.46,True,0,0.0,False,16,3,NONE
913,1791484226833,WIFI,LOOPBACK_PUT_GET,26.01,38.91,64.92,True,0,0.0,False,16,6,NONE
914,1791484226833,WIFI,LOOPBACK_PUT_GET,29.49,19.33,48.82,True,0,0.0,False,16,6,NONE
915,1791484226833,WIFI,LOOPBACK_PUT_GET,23.66,28.23,51.90,True,0,0.0,False,16,7,NONE
916,1791484226833,WIFI,LOOPBACK_PUT_GET,38.07,27.31,65.38,True,0,0.0,False,16,6,NONE
917,1791484226833,WIFI,LOOPBACK_PUT_GET,31.98,39.97,71.94,True,0,0.0,False,16,4,NONE
918,1791484226833,WIFI,LOOPBACK_PUT_GET,38.31,39.34,77.65,True,0,0.0,False,16,7,NONE
919,1791484226833,WIFI,LOOPBACK_PUT_GET,33.80,34.18,67.99,True,0,0.0,False,16,5,NONE
920,1791484226833,WIFI,LOOPBACK_PUT_GET,28.64,38.81,67.44,True,0,0.0,False,16,6,NONE
921,1791484226833,WIFI,LOOPBACK_PUT_GET,16.84,17.63,34.47,True,0,0.0,False,16,8,NONE
922,1791484226833,WIFI,LOOPBACK_PUT_GET,16.48,19.74,36.22,True,0,0.0,False,16,4,NONE
923,1791484226833,WIFI,LOOPBACK_PUT_GET,24.25,23.89,48.15,True,0,0.0,False,16,5,NONE
924,1791484226833,WIFI,LOOPBACK_PUT_GET,20.96,17.75,38.71,True,0,0.0,False,16,5,NONE
925,1791484226833,WIFI,LOOPBACK_PUT_GET,17.94,26.49,44.43,True,0,0.0,False,16,4,NONE
926,1791484226833,WIFI,LOOPBACK_PUT_GET,37.71,18.64,56.36,True,0,0.0,False,16,7,NONE
927,1791484226833,WIFI,LOOPBACK_PUT_GET,23.35,16.30,39.65,True,0,0.0,False,16,8,NONE
928,1791484226833,WIFI,LOOPBACK_PUT_GET,28.22,20.16,48.38,True,0,0.0,False,16,3,NONE
929,1791484226833,WIFI,LOOPBACK_PUT_GET,423.72,23.46,447.18,True,1,0.0,False,16,8,NONE
930,1791484226833,WIFI,LOOPBACK_PUT_GET,38.55,26.40,64.96,True,0,0.0,False,16,3,NONE
931,1791484226833,WIFI,LOOPBACK_PUT_GET,34.96,18.13,53.10,True,0,0.0,False,16,8,NONE
932,1791484226833,WIFI,LOOPBACK_PUT_GET,31.89,24.50,56.40,True,0,0.0,False,16,5,NONE
933,1791484226833,WIFI,LOOPBACK_PUT_GET,37.61,31.14,68.74,True,0,0.0,False,16,4,NONE
934,1791484226833,WIFI,LOOPBACK_PUT_GET,23.10,25.75,48.85,True,0,0.0,False,16,8,NONE
935,1791484226833,WIFI,LOOPBACK_PUT_GET,19.32,18.78,38.10,True,0,0.0,False,16,4,NONE
936,1791484226833,WIFI,LOOPBACK_PUT_GET,28.28,39.67,67.95,True,0,0.0,False,16,6,NONE
937,1791484226833,WIFI,LOOPBACK_PUT_GET,17.97,34.94,52.91,True,0,0.0,False,16,8,NONE
938,1791484226833,WIFI,LOOPBACK_PUT_GET,25.02,20.24,45.26,True,0,0.0,False,16,6,NONE
939,1791484226833,WIFI,LOOPBACK_PUT_GET,31.93,30.19,62.12,True,0,0.0,False,16,7,NONE
940,1791484226833,WIFI,LOOPBACK_PUT_GET,19.06,19.72,38.78,True,0,0.0,False,16,4,NONE
941,1791484226833,WIFI,LOOPBACK_PUT_GET,31.94,31.86,63.80,True,0,0.0,False,16,5,NONE
942,1791484226833,WIFI,LOOPBACK_PUT_GET,18.89,37.54,56.42,True,0,0.0,False,16,3,NONE
943,1791484226833,WIFI,LOOPBACK_PUT_GET,22.93,25.79,48.73,True,0,0.0,False,16,7,NONE
944,1791484226833,WIFI,LOOPBACK_PUT_GET,17.23,23.09,40.32,True,0,0.0,False,16,5,NONE
945,1791484226833,WIFI,LOOPBACK_PUT_GET,30.98,36.87,67.85,True,0,0.0,False,16,5,NONE
946,1791484226833,WIFI,LOOPBACK_PUT_GET,27.62,33.51,61.13,True,0,0.0,False,16,7,NONE
947,1791484226833,WIFI,LOOPBACK_PUT_GET,39.11,35.40,74.51,True,0,0.0,False,16,7,NONE
948,1791484226833,WIFI,LOOPBACK_PUT_GET,35.54,21.44,56.98,True,0,0.0,False,16,3,NONE
949,1791484226833,WIFI,LOOPBACK_PUT_GET,18.99,29.59,48.58,True,0,0.0,False,16,6,NONE
950,1791484226833,WIFI,LOOPBACK_PUT_GET,18.98,22.56,41.55,True,0,0.0,False,16,5,NONE
951,1791484226833,WIFI,LOOPBACK_PUT_GET,19.01,32.98,51.98,True,0,0.0,False,16,8,NONE
952,1791484226833,WIFI,LOOPBACK_PUT_GET,22.63,26.65,49.28,True,0,0.0,False,16,3,NONE
953,1791484226833,WIFI,LOOPBACK_PUT_GET,25.17,33.88,59.05,True,0,0.0,False,16,3,NONE
954,1791484226833,WIFI,LOOPBACK_PUT_GET,31.73,25.65,57.38,True,0,0.0,False,16,7,NONE
955,1791484226833,WIFI,LOOPBACK_PUT_GET,23.15,19.59,42.74,True,0,0.0,False,16,4,NONE
956,1791484226833,WIFI,LOOPBACK_PUT_GET,32.66,30.04,62.70,True,0,0.0,False,16,8,NONE
957,1791484226833,WIFI,LOOPBACK_PUT_GET,33.31,34.48,67.80,True,0,0.0,False,16,7,NONE
958,1791484226833,WIFI,LOOPBACK_PUT_GET,21.41,33.87,55.28,True,0,0.0,False,16,3,NONE
959,1791484226833,WIFI,LOOPBACK_PUT_GET,17.73,34.75,52.48,True,0,0.0,False,16,7,NONE
960,1791484226833,WIFI,LOOPBACK_PUT_GET,22.40,17.52,39.92,True,0,0.0,False,16,5,NONE
961,1791484226833,WIFI,LOOPBACK_PUT_GET,24.88,21.05,45.93,True,0,0.0,False,16,8,NONE
962,1791484226833,WIFI,LOOPBACK_PUT_GET,33.94,26.17,60.11,True,0,0.0,False,16,7,NONE
963,1791484226833,WIFI,LOOPBACK_PUT_GET,27.57,35.11,62.68,True,0,0.0,False,16,3,NONE
964,1791484226833,WIFI,LOOPBACK_PUT_GET,23.87,22.08,45.95,True,0,0.0,False,16,3,NONE
965,1791484226833,WIFI,LOOPBACK_PUT_GET,37.91,32.87,70.78,True,0,0.0,False,16,8,NONE
966,1791484226833,WIFI,LOOPBACK_PUT_GET,34.17,18.42,52.58,True,0,0.0,False,16,7,NONE
967,1791484226833,WIFI,LOOPBACK_PUT_GET,29.44,22.33,51.77,True,0,0.0,False,16,5,NONE
968,1791484226833,WIFI,LOOPBACK_PUT_GET,18.03,36.55,54.58,True,0,0.0,False,16,5,NONE
969,1791484226833,WIFI,LOOPBACK_PUT_GET,17.24,17.24,34.48,True,0,0.0,False,16,3,NONE
970,1791484226833,WIFI,LOOPBACK_PUT_GET,37.25,34.13,71.38,True,0,0.0,False,16,5,NONE
971,1791484226833,WIFI,LOOPBACK_PUT_GET,24.67,37.87,62.54,True,0,0.0,False,16,4,NONE
972,1791484226833,WIFI,LOOPBACK_PUT_GET,34.58,26.63,61.22,True,0,0.0,False,16,4,NONE
973,1791484226833,WIFI,LOOPBACK_PUT_GET,17.75,23.11,40.85,True,0,0.0,False,16,7,NONE
974,1791484226833,WIFI,LOOPBACK_PUT_GET,17.30,16.64,33.94,True,0,0.0,False,16,7,NONE
975,1791484226833,WIFI,LOOPBACK_PUT_GET,23.12,27.70,50.81,True,0,0.0,False,16,7,NONE
976,1791484226833,WIFI,LOOPBACK_PUT_GET,35.90,23.37,59.27,True,0,0.0,False,16,8,NONE
977,1791484226833,WIFI,LOOPBACK_PUT_GET,26.62,26.43,53.05,True,0,0.0,False,16,8,NONE
978,1791484226833,WIFI,LOOPBACK_PUT_GET,37.37,38.53,75.91,True,0,0.0,False,16,7,NONE
979,1791484226833,WIFI,LOOPBACK_PUT_GET,37.96,21.26,59.22,True,0,0.0,False,16,3,NONE
980,1791484226833,WIFI,LOOPBACK_PUT_GET,39.92,23.68,63.60,True,0,0.0,False,16,3,NONE
981,1791484226833,WIFI,LOOPBACK_PUT_GET,28.06,33.07,61.13,True,0,0.0,False,16,4,NONE
982,1791484226833,WIFI,LOOPBACK_PUT_GET,36.64,17.20,53.83,True,0,0.0,False,16,8,NONE
983,1791484226833,WIFI,LOOPBACK_PUT_GET,21.98,23.86,45.85,True,0,0.0,False,16,8,NONE
984,1791484226833,WIFI,LOOPBACK_PUT_GET,26.46,29.08,55.54,True,0,0.0,False,16,3,NONE
985,1791484226833,WIFI,LOOPBACK_PUT_GET,29.32,19.93,49.25,True,0,0.0,False,16,4,NONE
986,1791484226833,WIFI,LOOPBACK_PUT_GET,18.19,35.20,53.39,True,0,0.0,False,16,4,NONE
987,1791484226833,WIFI,LOOPBACK_PUT_GET,26.52,19.11,45.63,True,0,0.0,False,16,4,NONE
988,1791484226833,WIFI,LOOPBACK_PUT_GET,22.86,36.81,59.67,True,0,0.0,False,16,7,NONE
989,1791484226833,WIFI,LOOPBACK_PUT_GET,19.44,33.11,52.55,True,0,0.0,False,16,4,NONE
990,1791484226833,WIFI,LOOPBACK_PUT_GET,31.70,24.80,56.51,True,0,0.0,False,16,8,NONE
991,1791484226833,WIFI,LOOPBACK_PUT_GET,25.55,36.77,62.32,True,0,0.0,False,16,6,NONE
992,1791484226833,WIFI,LOOPBACK_PUT_GET,22.67,34.88,57.55,True,0,0.0,False,16,7,NONE
993,1791484226833,WIFI,LOOPBACK_PUT_GET,38.98,37.89,76.87,True,0,0.0,False,16,5,NONE
994,1791484226833,WIFI,LOOPBACK_PUT_GET,33.80,29.25,63.05,True,0,0.0,False,16,4,NONE
995,1791484226833,WIFI,LOOPBACK_PUT_GET,19.05,17.26,36.31,True,0,0.0,False,16,6,NONE
996,1791484226833,WIFI,LOOPBACK_PUT_GET,16.52,33.82,50.33,True,0,0.0,False,16,6,NONE
997,1791484226833,WIFI,LOOPBACK_PUT_GET,24.11,38.74,62.85,True,0,0.0,False,16,6,NONE
998,1791484226833,WIFI,LOOPBACK_PUT_GET,35.25,31.55,66.80,True,0,0.0,False,16,5,NONE
999,1791484226833,WIFI,LOOPBACK_PUT_GET,24.71,32.71,57.42,True,0,0.0,False,16,3,NONE
1000,1791484226833,WIFI,LOOPBACK_PUT_GET,16.23,29.26,45.49,True,0,0.0,False,16,8,NONE
1001,1791484226836,LTE,LOOPBACK_PUT_GET,99.86,74.38,174.24,True,0,0.0,False,16,3,NONE
1002,1791484226836,LTE,LOOPBACK_PUT_GET,299.37,94.88,394.25,True,0,0.0,False,16,4,NONE
1003,1791484226836,LTE,LOOPBACK_PUT_GET,71.07,89.85,160.92,True,0,0.0,False,16,3,NONE
1004,1791484226836,LTE,LOOPBACK_PUT_GET,292.59,266.40,558.99,True,0,0.0,False,16,8,NONE
1005,1791484226836,LTE,LOOPBACK_PUT_GET,48.16,79.18,127.33,True,0,0.0,False,16,7,NONE
1006,1791484226836,LTE,LOOPBACK_PUT_GET,80.91,99.01,179.92,True,0,0.0,False,16,7,NONE
1007,1791484226836,LTE,LOOPBACK_PUT_GET,50.59,33.17,83.77,True,0,0.0,False,16,4,NONE
1008,1791484226836,LTE,LOOPBACK_PUT_GET,89.31,80.02,169.33,True,0,0.0,False,16,7,NONE
1009,1791484226836,LTE,LOOPBACK_PUT_GET,86.88,202.32,289.20,True,0,0.0,False,16,6,NONE
1010,1791484226836,LTE,LOOPBACK_PUT_GET,47.23,87.67,134.90,True,0,0.0,False,16,7,NONE
1011,1791484226836,LTE,LOOPBACK_PUT_GET,78.31,47.25,125.56,True,0,0.0,False,16,5,NONE
1012,1791484226836,LTE,LOOPBACK_PUT_GET,48.42,67.08,115.50,True,0,0.0,False,16,4,NONE
1013,1791484226836,LTE,LOOPBACK_PUT_GET,200.43,39.89,240.32,True,0,0.0,False,16,4,NONE
1014,1791484226836,LTE,LOOPBACK_PUT_GET,54.95,57.16,112.11,True,0,0.0,False,16,7,NONE
1015,1791484226836,LTE,LOOPBACK_PUT_GET,36.39,187.26,223.65,True,0,0.0,False,16,7,NONE
1016,1791484226836,LTE,LOOPBACK_PUT_GET,287.41,45.73,333.14,True,0,0.0,False,16,8,NONE
1017,1791484226836,LTE,LOOPBACK_PUT_GET,44.47,324.94,369.41,True,0,0.0,False,16,7,NONE
1018,1791484226836,LTE,LOOPBACK_PUT_GET,188.44,69.68,258.12,True,0,0.0,False,16,5,NONE
1019,1791484226836,LTE,LOOPBACK_PUT_GET,36.99,78.02,115.01,True,0,0.0,False,16,8,NONE
1020,1791484226836,LTE,LOOPBACK_PUT_GET,271.33,96.08,367.40,True,0,0.0,False,16,7,NONE
1021,1791484226836,LTE,LOOPBACK_PUT_GET,68.81,51.04,119.85,True,0,0.0,False,16,7,NONE
1022,1791484226836,LTE,LOOPBACK_PUT_GET,301.39,48.40,349.79,True,0,0.0,False,16,3,NONE
1023,1791484226836,LTE,LOOPBACK_PUT_GET,75.07,289.23,364.30,True,0,0.0,False,16,7,NONE
1024,1791484226836,LTE,LOOPBACK_PUT_GET,351.73,293.60,645.33,True,0,0.0,False,16,7,NONE
1025,1791484226836,LTE,LOOPBACK_PUT_GET,101.02,98.84,199.86,True,0,0.0,False,16,8,NONE
1026,1791484226836,LTE,LOOPBACK_PUT_GET,365.25,48.63,413.88,True,0,0.0,False,16,3,NONE
1027,1791484226836,LTE,LOOPBACK_PUT_GET,35.65,57.92,93.58,True,0,0.0,False,16,8,NONE
1028,1791484226836,LTE,LOOPBACK_PUT_GET,458.22,46.97,505.19,True,1,0.0,False,16,5,NONE
1029,1791484226836,LTE,LOOPBACK_PUT_GET,72.17,89.11,161.27,True,0,0.0,False,16,6,NONE
1030,1791484226836,LTE,LOOPBACK_PUT_GET,47.22,329.50,376.72,True,0,0.0,False,16,7,NONE
1031,1791484226836,LTE,LOOPBACK_PUT_GET,337.36,257.02,594.38,True,0,0.0,False,16,3,NONE
1032,1791484226836,LTE,LOOPBACK_PUT_GET,211.71,44.48,256.19,True,0,0.0,False,16,8,NONE
1033,1791484226836,LTE,LOOPBACK_PUT_GET,96.25,60.95,157.20,True,0,0.0,False,16,3,NONE
1034,1791484226836,LTE,LOOPBACK_PUT_GET,34.02,45.94,79.96,True,0,0.0,False,16,4,NONE
1035,1791484226836,LTE,LOOPBACK_PUT_GET,271.41,100.31,371.71,True,0,0.0,False,16,5,NONE
1036,1791484226836,LTE,LOOPBACK_PUT_GET,80.65,90.44,171.09,True,0,0.0,False,16,4,NONE
1037,1791484226836,LTE,LOOPBACK_PUT_GET,47.96,86.48,134.44,True,0,0.0,False,16,4,NONE
1038,1791484226836,LTE,LOOPBACK_PUT_GET,77.72,72.58,150.30,True,0,0.0,False,16,7,NONE
1039,1791484226836,LTE,LOOPBACK_PUT_GET,99.82,43.89,143.71,True,0,0.0,False,16,4,NONE
1040,1791484226836,LTE,LOOPBACK_PUT_GET,47.79,64.81,112.60,True,0,0.0,False,16,4,NONE
1041,1791484226836,LTE,LOOPBACK_PUT_GET,35.47,43.14,78.61,True,0,0.0,False,16,5,NONE
1042,1791484226836,LTE,LOOPBACK_PUT_GET,101.41,58.21,159.61,True,0,0.0,False,16,7,NONE
1043,1791484226836,LTE,LOOPBACK_PUT_GET,50.17,99.10,149.27,True,0,0.0,False,16,7,NONE
1044,1791484226836,LTE,LOOPBACK_PUT_GET,54.92,91.02,145.94,True,0,0.0,False,16,6,NONE
1045,1791484226836,LTE,LOOPBACK_PUT_GET,78.82,80.20,159.02,True,0,0.0,False,16,5,NONE
1046,1791484226836,LTE,LOOPBACK_PUT_GET,96.82,36.85,133.67,True,0,0.0,False,16,8,NONE
1047,1791484226836,LTE,LOOPBACK_PUT_GET,65.98,64.36,130.34,True,0,0.0,False,16,7,NONE
1048,1791484226836,LTE,LOOPBACK_PUT_GET,246.71,256.00,502.71,True,0,0.0,False,16,8,NONE
1049,1791484226836,LTE,LOOPBACK_PUT_GET,86.66,84.59,171.25,True,0,0.0,False,16,7,NONE
1050,1791484226836,LTE,LOOPBACK_PUT_GET,91.11,41.11,132.22,True,0,0.0,False,16,6,NONE
1051,1791484226836,LTE,LOOPBACK_PUT_GET,36.43,47.30,83.73,True,0,0.0,False,16,4,NONE
1052,1791484226836,LTE,LOOPBACK_PUT_GET,39.26,83.32,122.59,True,0,0.0,False,16,5,NONE
1053,1791484226836,LTE,LOOPBACK_PUT_GET,101.54,75.18,176.72,True,0,0.0,False,16,4,NONE
1054,1791484226836,LTE,LOOPBACK_PUT_GET,61.72,90.67,152.39,True,0,0.0,False,16,4,NONE
1055,1791484226836,LTE,LOOPBACK_PUT_GET,52.24,312.31,364.55,True,0,0.0,False,16,8,NONE
1056,1791484226836,LTE,LOOPBACK_PUT_GET,56.06,57.19,113.25,True,0,0.0,False,16,4,NONE
1057,1791484226836,LTE,LOOPBACK_PUT_GET,50.14,435.04,485.17,True,1,0.0,False,16,8,NONE
1058,1791484226836,LTE,LOOPBACK_PUT_GET,77.34,77.37,154.71,True,0,0.0,False,16,6,NONE
1059,1791484226836,LTE,LOOPBACK_PUT_GET,62.23,220.38,282.61,True,0,0.0,False,16,5,NONE
1060,1791484226836,LTE,LOOPBACK_PUT_GET,100.32,94.53,194.84,True,0,0.0,False,16,7,NONE
1061,1791484226836,LTE,LOOPBACK_PUT_GET,73.44,485.29,558.73,True,1,0.0,False,16,5,NONE
1062,1791484226836,LTE,LOOPBACK_PUT_GET,57.37,73.74,131.10,True,0,0.0,False,16,7,NONE
1063,1791484226836,LTE,LOOPBACK_PUT_GET,42.12,98.98,141.09,True,0,0.0,False,16,7,NONE
1064,1791484226836,LTE,LOOPBACK_PUT_GET,63.03,58.04,121.07,True,0,0.0,False,16,3,NONE
1065,1791484226836,LTE,LOOPBACK_PUT_GET,96.15,58.37,154.52,True,0,0.0,False,16,8,NONE
1066,1791484226836,LTE,LOOPBACK_PUT_GET,482.98,464.84,947.82,True,2,0.0,False,16,7,NONE
1067,1791484226836,LTE,LOOPBACK_PUT_GET,85.79,58.57,144.36,True,0,0.0,False,16,7,NONE
1068,1791484226836,LTE,LOOPBACK_PUT_GET,90.57,232.29,322.85,True,0,0.0,False,16,3,NONE
1069,1791484226836,LTE,LOOPBACK_PUT_GET,97.11,93.30,190.41,True,0,0.0,False,16,4,NONE
1070,1791484226836,LTE,LOOPBACK_PUT_GET,99.88,61.80,161.68,True,0,0.0,False,16,6,NONE
1071,1791484226836,LTE,LOOPBACK_PUT_GET,101.15,160.55,261.69,True,0,0.0,False,16,8,NONE
1072,1791484226836,LTE,LOOPBACK_PUT_GET,330.65,62.57,393.21,True,0,0.0,False,16,5,NONE
1073,1791484226836,LTE,LOOPBACK_PUT_GET,440.13,55.90,496.02,True,1,0.0,False,16,4,NONE
1074,1791484226836,LTE,LOOPBACK_PUT_GET,280.39,172.01,452.40,True,0,0.0,False,16,3,NONE
1075,1791484226836,LTE,LOOPBACK_PUT_GET,46.73,72.00,118.72,True,0,0.0,False,16,3,NONE
1076,1791484226836,LTE,LOOPBACK_PUT_GET,44.45,61.82,106.28,True,0,0.0,False,16,5,NONE
1077,1791484226836,LTE,LOOPBACK_PUT_GET,38.68,91.83,130.50,True,0,0.0,False,16,6,NONE
1078,1791484226836,LTE,LOOPBACK_PUT_GET,313.02,213.56,526.57,True,0,0.0,False,16,5,NONE
1079,1791484226836,LTE,LOOPBACK_PUT_GET,49.15,43.19,92.34,True,0,0.0,False,16,3,NONE
1080,1791484226836,LTE,LOOPBACK_PUT_GET,491.53,37.56,529.09,True,1,0.0,False,16,7,NONE
1081,1791484226836,LTE,LOOPBACK_PUT_GET,166.70,201.08,367.79,True,0,0.0,False,16,8,NONE
1082,1791484226836,LTE,LOOPBACK_PUT_GET,91.83,211.12,302.96,True,0,0.0,False,16,5,NONE
1083,1791484226836,LTE,LOOPBACK_PUT_GET,257.53,45.80,303.33,True,0,0.0,False,16,7,NONE
1084,1791484226836,LTE,LOOPBACK_PUT_GET,66.63,44.70,111.33,True,0,0.0,False,16,8,NONE
1085,1791484226836,LTE,LOOPBACK_PUT_GET,35.56,63.96,99.52,True,0,0.0,False,16,5,NONE
1086,1791484226836,LTE,LOOPBACK_PUT_GET,90.58,332.14,422.72,True,0,0.0,False,16,5,NONE
1087,1791484226836,LTE,LOOPBACK_PUT_GET,46.74,36.44,83.18,True,0,0.0,False,16,7,NONE
1088,1791484226836,LTE,LOOPBACK_PUT_GET,50.42,71.14,121.56,True,0,0.0,False,16,8,NONE
1089,1791484226836,LTE,LOOPBACK_PUT_GET,34.09,44.03,78.13,True,0,0.0,False,16,8,NONE
1090,1791484226836,LTE,LOOPBACK_PUT_GET,80.66,178.90,259.56,True,0,0.0,False,16,5,NONE
1091,1791484226836,LTE,LOOPBACK_PUT_GET,62.54,33.55,96.09,True,0,0.0,False,16,8,NONE
1092,1791484226836,LTE,LOOPBACK_PUT_GET,89.83,262.24,352.07,True,0,0.0,False,16,8,NONE
1093,1791484226836,LTE,LOOPBACK_PUT_GET,57.57,48.22,105.79,True,0,0.0,False,16,4,NONE
1094,1791484226836,LTE,LOOPBACK_PUT_GET,97.86,82.27,180.13,True,0,0.0,False,16,3,NONE
1095,1791484226836,LTE,LOOPBACK_PUT_GET,66.29,55.48,121.77,True,0,0.0,False,16,8,NONE
1096,1791484226836,LTE,LOOPBACK_PUT_GET,300.34,57.95,358.30,True,0,0.0,False,16,7,NONE
1097,1791484226836,LTE,LOOPBACK_PUT_GET,87.76,49.32,137.08,True,0,0.0,False,16,4,NONE
1098,1791484226836,LTE,LOOPBACK_PUT_GET,98.35,87.55,185.90,True,0,0.0,False,16,4,NONE
1099,1791484226836,LTE,LOOPBACK_PUT_GET,76.23,102.62,178.85,True,0,0.0,False,16,5,NONE
1100,1791484226836,LTE,LOOPBACK_PUT_GET,88.48,95.37,183.85,True,0,0.0,False,16,5,NONE
1101,1791484226836,LTE,LOOPBACK_PUT_GET,50.40,68.64,119.04,True,0,0.0,False,16,7,NONE
1102,1791484226836,LTE,LOOPBACK_PUT_GET,294.77,80.46,375.23,True,0,0.0,False,16,7,NONE
1103,1791484226836,LTE,LOOPBACK_PUT_GET,91.51,226.75,318.25,True,0,0.0,False,16,5,NONE
1104,1791484226836,LTE,LOOPBACK_PUT_GET,54.40,48.75,103.15,True,0,0.0,False,16,4,NONE
1105,1791484226836,LTE,LOOPBACK_PUT_GET,92.87,275.67,368.55,True,0,0.0,False,16,3,NONE
1106,1791484226836,LTE,LOOPBACK_PUT_GET,74.20,311.35,385.55,True,0,0.0,False,16,5,NONE
1107,1791484226836,LTE,LOOPBACK_PUT_GET,43.96,68.61,112.57,True,0,0.0,False,16,7,NONE
1108,1791484226836,LTE,LOOPBACK_PUT_GET,92.67,74.92,167.60,True,0,0.0,False,16,4,NONE
1109,1791484226836,LTE,LOOPBACK_PUT_GET,89.55,251.67,341.22,True,0,0.0,False,16,4,NONE
1110,1791484226836,LTE,LOOPBACK_PUT_GET,35.30,67.15,102.46,True,0,0.0,False,16,3,NONE
1111,1791484226836,LTE,LOOPBACK_PUT_GET,296.87,214.51,511.39,True,0,0.0,False,16,7,NONE
1112,1791484226836,LTE,LOOPBACK_PUT_GET,101.19,97.37,198.57,True,0,0.0,False,16,8,NONE
1113,1791484226836,LTE,LOOPBACK_PUT_GET,34.17,84.87,119.04,True,0,0.0,False,16,6,NONE
1114,1791484226836,LTE,LOOPBACK_PUT_GET,58.97,49.90,108.87,True,0,0.0,False,16,6,NONE
1115,1791484226836,LTE,LOOPBACK_PUT_GET,60.03,78.35,138.38,True,0,0.0,False,16,8,NONE
1116,1791484226836,LTE,LOOPBACK_PUT_GET,38.90,291.15,330.05,True,0,0.0,False,16,7,NONE
1117,1791484226836,LTE,LOOPBACK_PUT_GET,80.63,46.00,126.63,True,0,0.0,False,16,8,NONE
1118,1791484226836,LTE,LOOPBACK_PUT_GET,42.05,101.48,143.52,True,0,0.0,False,16,3,NONE
1119,1791484226836,LTE,LOOPBACK_PUT_GET,46.97,43.28,90.24,True,0,0.0,False,16,6,NONE
1120,1791484226836,LTE,LOOPBACK_PUT_GET,200.01,92.14,292.15,True,0,0.0,False,16,5,NONE
1121,1791484226836,LTE,LOOPBACK_PUT_GET,34.03,33.62,67.66,True,0,0.0,False,16,7,NONE
1122,1791484226836,LTE,LOOPBACK_PUT_GET,98.04,454.99,553.04,True,1,0.0,False,16,5,NONE
1123,1791484226836,LTE,LOOPBACK_PUT_GET,55.35,36.36,91.71,True,0,0.0,False,16,5,NONE
1124,1791484226836,LTE,LOOPBACK_PUT_GET,60.08,44.28,104.36,True,0,0.0,False,16,5,NONE
1125,1791484226836,LTE,LOOPBACK_PUT_GET,306.41,94.75,401.16,True,0,0.0,False,16,8,NONE
1126,1791484226836,LTE,LOOPBACK_PUT_GET,92.95,90.02,182.97,True,0,0.0,False,16,7,NONE
1127,1791484226836,LTE,LOOPBACK_PUT_GET,45.77,58.62,104.40,True,0,0.0,False,16,5,NONE
1128,1791484226836,LTE,LOOPBACK_PUT_GET,60.43,47.69,108.12,True,0,0.0,False,16,6,NONE
1129,1791484226836,LTE,LOOPBACK_PUT_GET,83.97,44.54,128.51,True,0,0.0,False,16,5,NONE
1130,1791484226836,LTE,LOOPBACK_PUT_GET,86.58,70.14,156.72,True,0,0.0,False,16,6,NONE
1131,1791484226836,LTE,LOOPBACK_PUT_GET,47.80,322.68,370.48,True,0,0.0,False,16,3,NONE
1132,1791484226836,LTE,LOOPBACK_PUT_GET,99.58,67.39,166.97,True,0,0.0,False,16,5,NONE
1133,1791484226836,LTE,LOOPBACK_PUT_GET,52.08,66.69,118.76,True,0,0.0,False,16,4,NONE
1134,1791484226836,LTE,LOOPBACK_PUT_GET,101.87,63.46,165.33,True,0,0.0,False,16,5,NONE
1135,1791484226836,LTE,LOOPBACK_PUT_GET,93.94,270.95,364.89,True,0,0.0,False,16,4,NONE
1136,1791484226836,LTE,LOOPBACK_PUT_GET,76.96,93.62,170.58,True,0,0.0,False,16,7,NONE
1137,1791484226836,LTE,LOOPBACK_PUT_GET,50.73,85.08,135.81,True,0,0.0,False,16,6,NONE
1138,1791484226836,LTE,LOOPBACK_PUT_GET,482.99,92.20,575.19,True,1,0.0,False,16,8,NONE
1139,1791484226836,LTE,LOOPBACK_PUT_GET,58.74,61.58,120.31,True,0,0.0,False,16,6,NONE
1140,1791484226836,LTE,LOOPBACK_PUT_GET,100.54,97.42,197.96,True,0,0.0,False,16,8,NONE
1141,1791484226836,LTE,LOOPBACK_PUT_GET,78.94,94.40,173.33,True,0,0.0,False,16,4,NONE
1142,1791484226836,LTE,LOOPBACK_PUT_GET,470.67,33.52,504.19,True,1,0.0,False,16,4,NONE
1143,1791484226836,LTE,LOOPBACK_PUT_GET,98.35,49.80,148.15,True,0,0.0,False,16,5,NONE
1144,1791484226836,LTE,LOOPBACK_PUT_GET,36.79,74.80,111.59,True,0,0.0,False,16,6,NONE
1145,1791484226836,LTE,LOOPBACK_PUT_GET,316.23,44.61,360.84,True,0,0.0,False,16,6,NONE
1146,1791484226836,LTE,LOOPBACK_PUT_GET,88.74,55.17,143.91,True,0,0.0,False,16,4,NONE
1147,1791484226836,LTE,LOOPBACK_PUT_GET,249.29,81.75,331.04,True,0,0.0,False,16,6,NONE
1148,1791484226836,LTE,LOOPBACK_PUT_GET,82.24,42.02,124.26,True,0,0.0,False,16,8,NONE
1149,1791484226836,LTE,LOOPBACK_PUT_GET,90.37,260.14,350.51,True,0,0.0,False,16,6,NONE
1150,1791484226836,LTE,LOOPBACK_PUT_GET,83.59,57.66,141.25,True,0,0.0,False,16,5,NONE
1151,1791484226836,LTE,LOOPBACK_PUT_GET,97.25,42.48,139.73,True,0,0.0,False,16,7,NONE
1152,1791484226836,LTE,LOOPBACK_PUT_GET,91.72,55.14,146.86,True,0,0.0,False,16,6,NONE
1153,1791484226836,LTE,LOOPBACK_PUT_GET,38.65,62.28,100.93,True,0,0.0,False,16,7,NONE
1154,1791484226836,LTE,LOOPBACK_PUT_GET,57.87,43.47,101.34,True,0,0.0,False,16,4,NONE
1155,1791484226836,LTE,LOOPBACK_PUT_GET,326.02,92.35,418.37,True,0,0.0,False,16,7,NONE
1156,1791484226836,LTE,LOOPBACK_PUT_GET,35.28,81.98,117.26,True,0,0.0,False,16,5,NONE
1157,1791484226836,LTE,LOOPBACK_PUT_GET,488.68,40.46,529.14,True,1,0.0,False,16,6,NONE
1158,1791484226836,LTE,LOOPBACK_PUT_GET,68.11,285.48,353.59,True,0,0.0,False,16,6,NONE
1159,1791484226836,LTE,LOOPBACK_PUT_GET,227.51,101.36,328.87,True,0,0.0,False,16,5,NONE
1160,1791484226836,LTE,LOOPBACK_PUT_GET,52.25,51.97,104.22,True,0,0.0,False,16,8,NONE
1161,1791484226836,LTE,LOOPBACK_PUT_GET,472.06,39.64,511.70,True,1,0.0,False,16,6,NONE
1162,1791484226836,LTE,LOOPBACK_PUT_GET,39.75,88.50,128.25,True,0,0.0,False,16,7,NONE
1163,1791484226836,LTE,LOOPBACK_PUT_GET,99.72,43.96,143.69,True,0,0.0,False,16,4,NONE
1164,1791484226836,LTE,LOOPBACK_PUT_GET,99.97,76.79,176.76,True,0,0.0,False,16,8,NONE
1165,1791484226836,LTE,LOOPBACK_PUT_GET,44.64,77.68,122.32,True,0,0.0,False,16,6,NONE
1166,1791484226836,LTE,LOOPBACK_PUT_GET,61.73,93.44,155.18,True,0,0.0,False,16,5,NONE
1167,1791484226836,LTE,LOOPBACK_PUT_GET,50.09,95.00,145.09,True,0,0.0,False,16,6,NONE
1168,1791484226836,LTE,LOOPBACK_PUT_GET,85.40,71.84,157.24,True,0,0.0,False,16,5,NONE
1169,1791484226836,LTE,LOOPBACK_PUT_GET,38.40,338.05,376.45,True,0,0.0,False,16,8,NONE
1170,1791484226836,LTE,LOOPBACK_PUT_GET,98.40,55.75,154.15,True,0,0.0,False,16,7,NONE
1171,1791484226836,LTE,LOOPBACK_PUT_GET,45.07,85.54,130.61,True,0,0.0,False,16,4,NONE
1172,1791484226836,LTE,LOOPBACK_PUT_GET,97.19,44.51,141.70,True,0,0.0,False,16,8,NONE
1173,1791484226836,LTE,LOOPBACK_PUT_GET,64.99,65.96,130.95,True,0,0.0,False,16,3,NONE
1174,1791484226836,LTE,LOOPBACK_PUT_GET,44.36,214.15,258.51,True,0,0.0,False,16,6,NONE
1175,1791484226836,LTE,LOOPBACK_PUT_GET,90.62,82.60,173.22,True,0,0.0,False,16,5,NONE
1176,1791484226836,LTE,LOOPBACK_PUT_GET,208.65,87.46,296.11,True,0,0.0,False,16,3,NONE
1177,1791484226836,LTE,LOOPBACK_PUT_GET,362.27,74.41,436.68,True,0,0.0,False,16,5,NONE
1178,1791484226836,LTE,LOOPBACK_PUT_GET,45.63,44.69,90.32,True,0,0.0,False,16,3,NONE
1179,1791484226836,LTE,LOOPBACK_PUT_GET,34.12,76.83,110.95,True,0,0.0,False,16,4,NONE
1180,1791484226836,LTE,LOOPBACK_PUT_GET,236.24,99.17,335.41,True,0,0.0,False,16,7,NONE
1181,1791484226836,LTE,LOOPBACK_PUT_GET,43.02,501.02,544.04,True,1,0.0,False,16,4,NONE
1182,1791484226836,LTE,LOOPBACK_PUT_GET,54.82,58.62,113.44,True,0,0.0,False,16,4,NONE
1183,1791484226836,LTE,LOOPBACK_PUT_GET,33.31,47.78,81.09,True,0,0.0,False,16,5,NONE
1184,1791484226836,LTE,LOOPBACK_PUT_GET,74.43,74.88,149.31,True,0,0.0,False,16,5,NONE
1185,1791484226836,LTE,LOOPBACK_PUT_GET,102.60,56.47,159.07,True,0,0.0,False,16,8,NONE
1186,1791484226836,LTE,LOOPBACK_PUT_GET,34.76,74.55,109.32,True,0,0.0,False,16,5,NONE
1187,1791484226836,LTE,LOOPBACK_PUT_GET,93.43,59.24,152.67,True,0,0.0,False,16,5,NONE
1188,1791484226836,LTE,LOOPBACK_PUT_GET,68.78,88.29,157.07,True,0,0.0,False,16,5,NONE
1189,1791484226836,LTE,LOOPBACK_PUT_GET,62.98,67.11,130.09,True,0,0.0,False,16,5,NONE
1190,1791484226836,LTE,LOOPBACK_PUT_GET,435.32,49.01,484.33,True,1,0.0,False,16,5,NONE
1191,1791484226836,LTE,LOOPBACK_PUT_GET,101.77,92.52,194.29,True,0,0.0,False,16,3,NONE
1192,1791484226836,LTE,LOOPBACK_PUT_GET,70.92,343.09,414.01,True,0,0.0,False,16,4,NONE
1193,1791484226836,LTE,LOOPBACK_PUT_GET,46.87,63.29,110.16,True,0,0.0,False,16,8,NONE
1194,1791484226836,LTE,LOOPBACK_PUT_GET,53.96,58.40,112.37,True,0,0.0,False,16,6,NONE
1195,1791484226836,LTE,LOOPBACK_PUT_GET,90.05,73.29,163.34,True,0,0.0,False,16,6,NONE
1196,1791484226836,LTE,LOOPBACK_PUT_GET,303.04,65.26,368.30,True,0,0.0,False,16,8,NONE
1197,1791484226836,LTE,LOOPBACK_PUT_GET,58.61,70.24,128.85,True,0,0.0,False,16,7,NONE
1198,1791484226836,LTE,LOOPBACK_PUT_GET,36.66,83.18,119.84,True,0,0.0,False,16,4,NONE
1199,1791484226836,LTE,LOOPBACK_PUT_GET,47.50,43.88,91.39,True,0,0.0,False,16,5,NONE
1200,1791484226836,LTE,LOOPBACK_PUT_GET,42.50,33.23,75.73,True,0,0.0,False,16,6,NONE
1201,1791484226836,LTE,LOOPBACK_PUT_GET,99.17,54.98,154.15,True,0,0.0,False,16,5,NONE
1202,1791484226836,LTE,LOOPBACK_PUT_GET,102.61,74.74,177.35,True,0,0.0,False,16,6,NONE
1203,1791484226836,LTE,LOOPBACK_PUT_GET,36.73,72.60,109.33,True,0,0.0,False,16,8,NONE
1204,1791484226836,LTE,LOOPBACK_PUT_GET,63.78,91.04,154.82,True,0,0.0,False,16,5,NONE
1205,1791484226836,LTE,LOOPBACK_PUT_GET,35.24,94.77,130.00,True,0,0.0,False,16,5,NONE
1206,1791484226836,LTE,LOOPBACK_PUT_GET,48.02,56.47,104.48,True,0,0.0,False,16,6,NONE
1207,1791484226836,LTE,LOOPBACK_PUT_GET,78.27,275.19,353.46,True,0,0.0,False,16,4,NONE
1208,1791484226836,LTE,LOOPBACK_PUT_GET,83.71,91.99,175.71,True,0,0.0,False,16,4,NONE
1209,1791484226836,LTE,LOOPBACK_PUT_GET,78.20,49.38,127.59,True,0,0.0,False,16,7,NONE
1210,1791484226836,LTE,LOOPBACK_PUT_GET,285.38,40.66,326.04,True,0,0.0,False,16,5,NONE
1211,1791484226836,LTE,LOOPBACK_PUT_GET,81.77,303.80,385.58,True,0,0.0,False,16,4,NONE
1212,1791484226836,LTE,LOOPBACK_PUT_GET,81.71,71.70,153.41,True,0,0.0,False,16,8,NONE
1213,1791484226836,LTE,LOOPBACK_PUT_GET,94.53,47.35,141.89,True,0,0.0,False,16,6,NONE
1214,1791484226836,LTE,LOOPBACK_PUT_GET,80.24,45.55,125.79,True,0,0.0,False,16,4,NONE
1215,1791484226836,LTE,LOOPBACK_PUT_GET,218.08,58.82,276.90,True,0,0.0,False,16,3,NONE
1216,1791484226836,LTE,LOOPBACK_PUT_GET,233.18,98.69,331.87,True,0,0.0,False,16,5,NONE
1217,1791484226836,LTE,LOOPBACK_PUT_GET,204.26,92.35,296.61,True,0,0.0,False,16,5,NONE
1218,1791484226836,LTE,LOOPBACK_PUT_GET,237.72,57.31,295.03,True,0,0.0,False,16,6,NONE
1219,1791484226836,LTE,LOOPBACK_PUT_GET,310.26,66.22,376.48,True,0,0.0,False,16,7,NONE
1220,1791484226836,LTE,LOOPBACK_PUT_GET,86.58,61.18,147.75,True,0,0.0,False,16,5,NONE
1221,1791484226836,LTE,LOOPBACK_PUT_GET,35.38,46.90,82.28,True,0,0.0,False,16,7,NONE
1222,1791484226836,LTE,LOOPBACK_PUT_GET,492.32,568.95,1061.27,True,2,0.0,False,16,7,NONE
1223,1791484226836,LTE,LOOPBACK_PUT_GET,90.83,239.42,330.25,True,0,0.0,False,16,8,NONE
1224,1791484226836,LTE,LOOPBACK_PUT_GET,81.76,48.23,129.99,True,0,0.0,False,16,6,NONE
1225,1791484226836,LTE,LOOPBACK_PUT_GET,83.83,70.58,154.41,True,0,0.0,False,16,3,NONE
1226,1791484226836,LTE,LOOPBACK_PUT_GET,100.75,68.03,168.78,True,0,0.0,False,16,8,NONE
1227,1791484226836,LTE,LOOPBACK_PUT_GET,40.52,75.76,116.29,True,0,0.0,False,16,6,NONE
1228,1791484226836,LTE,LOOPBACK_PUT_GET,81.13,69.11,150.24,True,0,0.0,False,16,3,NONE
1229,1791484226836,LTE,LOOPBACK_PUT_GET,101.54,60.49,162.03,True,0,0.0,False,16,8,NONE
1230,1791484226836,LTE,LOOPBACK_PUT_GET,68.87,73.68,142.55,True,0,0.0,False,16,3,NONE
1231,1791484226836,LTE,LOOPBACK_PUT_GET,89.52,489.10,578.62,True,1,0.0,False,16,6,NONE
1232,1791484226836,LTE,LOOPBACK_PUT_GET,82.70,43.98,126.68,True,0,0.0,False,16,6,NONE
1233,1791484226836,LTE,LOOPBACK_PUT_GET,53.33,185.09,238.42,True,0,0.0,False,16,7,NONE
1234,1791484226836,LTE,LOOPBACK_PUT_GET,86.61,173.23,259.85,True,0,0.0,False,16,4,NONE
1235,1791484226836,LTE,LOOPBACK_PUT_GET,36.42,83.35,119.76,True,0,0.0,False,16,7,NONE
1236,1791484226836,LTE,LOOPBACK_PUT_GET,101.64,97.63,199.27,True,0,0.0,False,16,8,NONE
1237,1791484226836,LTE,LOOPBACK_PUT_GET,91.04,34.16,125.20,True,0,0.0,False,16,4,NONE
1238,1791484226836,LTE,LOOPBACK_PUT_GET,71.83,43.35,115.18,True,0,0.0,False,16,7,NONE
1239,1791484226836,LTE,LOOPBACK_PUT_GET,64.71,337.49,402.20,True,0,0.0,False,16,7,NONE
1240,1791484226836,LTE,LOOPBACK_PUT_GET,71.11,39.38,110.49,True,0,0.0,False,16,4,NONE
1241,1791484226836,LTE,LOOPBACK_PUT_GET,37.43,56.06,93.49,True,0,0.0,False,16,5,NONE
1242,1791484226836,LTE,LOOPBACK_PUT_GET,52.91,312.23,365.14,True,0,0.0,False,16,3,NONE
1243,1791484226836,LTE,LOOPBACK_PUT_GET,76.21,496.55,572.76,True,1,0.0,False,16,4,NONE
1244,1791484226836,LTE,LOOPBACK_PUT_GET,65.41,40.75,106.16,True,0,0.0,False,16,5,NONE
1245,1791484226836,LTE,LOOPBACK_PUT_GET,242.58,87.63,330.21,True,0,0.0,False,16,8,NONE
1246,1791484226836,LTE,LOOPBACK_PUT_GET,89.46,78.97,168.44,True,0,0.0,False,16,6,NONE
1247,1791484226836,LTE,LOOPBACK_PUT_GET,214.58,240.22,454.80,True,0,0.0,False,16,6,NONE
1248,1791484226836,LTE,LOOPBACK_PUT_GET,64.55,48.73,113.28,True,0,0.0,False,16,6,NONE
1249,1791484226836,LTE,LOOPBACK_PUT_GET,86.16,57.62,143.78,True,0,0.0,False,16,6,NONE
1250,1791484226836,LTE,LOOPBACK_PUT_GET,65.99,67.26,133.24,True,0,0.0,False,16,8,NONE
1251,1791484226836,LTE,LOOPBACK_PUT_GET,188.45,50.17,238.62,True,0,0.0,False,16,7,NONE
1252,1791484226836,LTE,LOOPBACK_PUT_GET,84.72,92.72,177.44,True,0,0.0,False,16,8,NONE
1253,1791484226836,LTE,LOOPBACK_PUT_GET,64.26,268.71,332.98,True,0,0.0,False,16,7,NONE
1254,1791484226836,LTE,LOOPBACK_PUT_GET,292.19,87.00,379.19,True,0,0.0,False,16,7,NONE
1255,1791484226836,LTE,LOOPBACK_PUT_GET,95.95,36.64,132.59,True,0,0.0,False,16,4,NONE
1256,1791484226836,LTE,LOOPBACK_PUT_GET,75.96,72.72,148.68,True,0,0.0,False,16,7,NONE
1257,1791484226836,LTE,LOOPBACK_PUT_GET,201.46,79.15,280.61,True,0,0.0,False,16,4,NONE
1258,1791484226836,LTE,LOOPBACK_PUT_GET,73.20,96.18,169.39,True,0,0.0,False,16,4,NONE
1259,1791484226836,LTE,LOOPBACK_PUT_GET,53.37,59.07,112.45,True,0,0.0,False,16,4,NONE
1260,1791484226836,LTE,LOOPBACK_PUT_GET,85.32,171.71,257.03,True,0,0.0,False,16,5,NONE
1261,1791484226836,LTE,LOOPBACK_PUT_GET,98.71,74.23,172.94,True,0,0.0,False,16,8,NONE
1262,1791484226836,LTE,LOOPBACK_PUT_GET,98.90,327.99,426.89,True,0,0.0,False,16,5,NONE
1263,1791484226836,LTE,LOOPBACK_PUT_GET,43.42,47.49,90.90,True,0,0.0,False,16,6,NONE
1264,1791484226836,LTE,LOOPBACK_PUT_GET,84.11,47.74,131.85,True,0,0.0,False,16,3,NONE
1265,1791484226836,LTE,LOOPBACK_PUT_GET,88.81,101.83,190.64,True,0,0.0,False,16,8,NONE
1266,1791484226836,LTE,LOOPBACK_PUT_GET,37.09,59.57,96.66,True,0,0.0,False,16,7,NONE
1267,1791484226836,LTE,LOOPBACK_PUT_GET,60.09,81.17,141.25,True,0,0.0,False,16,8,NONE
1268,1791484226836,LTE,LOOPBACK_PUT_GET,95.30,49.47,144.76,True,0,0.0,False,16,5,NONE
1269,1791484226836,LTE,LOOPBACK_PUT_GET,85.37,83.93,169.30,True,0,0.0,False,16,3,NONE
1270,1791484226836,LTE,LOOPBACK_PUT_GET,78.27,62.09,140.35,True,0,0.0,False,16,5,NONE
1271,1791484226836,LTE,LOOPBACK_PUT_GET,51.87,44.78,96.65,True,0,0.0,False,16,6,NONE
1272,1791484226836,LTE,LOOPBACK_PUT_GET,79.87,99.12,178.99,True,0,0.0,False,16,3,NONE
1273,1791484226836,LTE,LOOPBACK_PUT_GET,56.60,170.55,227.15,True,0,0.0,False,16,6,NONE
1274,1791484226836,LTE,LOOPBACK_PUT_GET,169.94,81.94,251.88,True,0,0.0,False,16,7,NONE
1275,1791484226836,LTE,LOOPBACK_PUT_GET,83.66,66.69,150.35,True,0,0.0,False,16,7,NONE
1276,1791484226837,LTE,LOOPBACK_PUT_GET,89.25,94.15,183.40,True,0,0.0,False,16,8,NONE
1277,1791484226837,LTE,LOOPBACK_PUT_GET,327.40,35.46,362.86,True,0,0.0,False,16,4,NONE
1278,1791484226837,LTE,LOOPBACK_PUT_GET,444.06,34.52,478.59,True,1,0.0,False,16,7,NONE
1279,1791484226837,LTE,LOOPBACK_PUT_GET,78.77,65.07,143.84,True,0,0.0,False,16,8,NONE
1280,1791484226837,LTE,LOOPBACK_PUT_GET,62.49,87.39,149.88,True,0,0.0,False,16,7,NONE
1281,1791484226837,LTE,LOOPBACK_PUT_GET,55.65,197.91,253.56,True,0,0.0,False,16,3,NONE
1282,1791484226837,LTE,LOOPBACK_PUT_GET,53.48,68.46,121.94,True,0,0.0,False,16,5,NONE
1283,1791484226837,LTE,LOOPBACK_PUT_GET,253.58,45.46,299.04,True,0,0.0,False,16,6,NONE
1284,1791484226837,LTE,LOOPBACK_PUT_GET,51.62,60.03,111.65,True,0,0.0,False,16,4,NONE
1285,1791484226837,LTE,LOOPBACK_PUT_GET,62.60,37.11,99.70,True,0,0.0,False,16,4,NONE
1286,1791484226837,LTE,LOOPBACK_PUT_GET,56.45,76.81,133.26,True,0,0.0,False,16,3,NONE
1287,1791484226837,LTE,LOOPBACK_PUT_GET,98.56,78.67,177.23,True,0,0.0,False,16,8,NONE
1288,1791484226837,LTE,LOOPBACK_PUT_GET,73.43,60.29,133.73,True,0,0.0,False,16,6,NONE
1289,1791484226837,LTE,LOOPBACK_PUT_GET,69.44,437.14,506.57,True,1,0.0,False,16,8,NONE
1290,1791484226837,LTE,LOOPBACK_PUT_GET,225.73,77.12,302.85,True,0,0.0,False,16,4,NONE
1291,1791484226837,LTE,LOOPBACK_PUT_GET,76.50,95.72,172.23,True,0,0.0,False,16,7,NONE
1292,1791484226837,LTE,LOOPBACK_PUT_GET,76.31,48.60,124.91,True,0,0.0,False,16,6,NONE
1293,1791484226837,LTE,LOOPBACK_PUT_GET,495.11,94.64,589.75,True,1,0.0,False,16,6,NONE
1294,1791484226837,LTE,LOOPBACK_PUT_GET,34.95,92.03,126.98,True,0,0.0,False,16,6,NONE
1295,1791484226837,LTE,LOOPBACK_PUT_GET,50.99,93.44,144.43,True,0,0.0,False,16,5,NONE
1296,1791484226837,LTE,LOOPBACK_PUT_GET,96.92,101.93,198.85,True,0,0.0,False,16,7,NONE
1297,1791484226837,LTE,LOOPBACK_PUT_GET,300.77,49.66,350.43,True,0,0.0,False,16,4,NONE
1298,1791484226837,LTE,LOOPBACK_PUT_GET,99.65,282.66,382.30,True,0,0.0,False,16,4,NONE
1299,1791484226837,LTE,LOOPBACK_PUT_GET,36.95,94.84,131.79,True,0,0.0,False,16,5,NONE
1300,1791484226837,LTE,LOOPBACK_PUT_GET,207.66,85.70,293.37,True,0,0.0,False,16,8,NONE
1301,1791484226837,LTE,LOOPBACK_PUT_GET,70.91,78.46,149.37,True,0,0.0,False,16,8,NONE
1302,1791484226837,LTE,LOOPBACK_PUT_GET,340.63,47.11,387.74,True,0,0.0,False,16,5,NONE
1303,1791484226837,LTE,LOOPBACK_PUT_GET,288.55,56.72,345.27,True,0,0.0,False,16,3,NONE
1304,1791484226837,LTE,LOOPBACK_PUT_GET,97.96,35.67,133.63,True,0,0.0,False,16,8,NONE
1305,1791484226837,LTE,LOOPBACK_PUT_GET,83.61,49.25,132.86,True,0,0.0,False,16,4,NONE
1306,1791484226837,LTE,LOOPBACK_PUT_GET,83.04,51.88,134.92,True,0,0.0,False,16,6,NONE
1307,1791484226837,LTE,LOOPBACK_PUT_GET,45.64,80.68,126.33,True,0,0.0,False,16,7,NONE
1308,1791484226837,LTE,LOOPBACK_PUT_GET,74.30,95.43,169.74,True,0,0.0,False,16,3,NONE
1309,1791484226837,LTE,LOOPBACK_PUT_GET,91.60,63.00,154.60,True,0,0.0,False,16,6,NONE
1310,1791484226837,LTE,LOOPBACK_PUT_GET,73.29,60.77,134.07,True,0,0.0,False,16,5,NONE
1311,1791484226837,LTE,LOOPBACK_PUT_GET,70.31,47.86,118.17,True,0,0.0,False,16,3,NONE
1312,1791484226837,LTE,LOOPBACK_PUT_GET,95.90,64.00,159.89,True,0,0.0,False,16,6,NONE
1313,1791484226837,LTE,LOOPBACK_PUT_GET,83.80,90.22,174.03,True,0,0.0,False,16,8,NONE
1314,1791484226837,LTE,LOOPBACK_PUT_GET,71.25,316.45,387.70,True,0,0.0,False,16,6,NONE
1315,1791484226837,LTE,LOOPBACK_PUT_GET,101.09,48.60,149.69,True,0,0.0,False,16,8,NONE
1316,1791484226837,LTE,LOOPBACK_PUT_GET,69.10,74.83,143.94,True,0,0.0,False,16,7,NONE
1317,1791484226837,LTE,LOOPBACK_PUT_GET,715.49,735.43,1450.92,True,2,0.0,False,16,5,NONE
1318,1791484226837,LTE,LOOPBACK_PUT_GET,216.76,96.90,313.66,True,0,0.0,False,16,7,NONE
1319,1791484226837,LTE,LOOPBACK_PUT_GET,81.25,73.57,154.82,True,0,0.0,False,16,8,NONE
1320,1791484226837,LTE,LOOPBACK_PUT_GET,81.95,201.25,283.20,True,0,0.0,False,16,5,NONE
1321,1791484226837,LTE,LOOPBACK_PUT_GET,83.74,72.83,156.57,True,0,0.0,False,16,3,NONE
1322,1791484226837,LTE,LOOPBACK_PUT_GET,84.90,278.11,363.01,True,0,0.0,False,16,5,NONE
1323,1791484226837,LTE,LOOPBACK_PUT_GET,85.01,309.05,394.05,True,0,0.0,False,16,8,NONE
1324,1791484226837,LTE,LOOPBACK_PUT_GET,290.45,57.83,348.28,True,0,0.0,False,16,8,NONE
1325,1791484226837,LTE,LOOPBACK_PUT_GET,43.46,78.80,122.26,True,0,0.0,False,16,7,NONE
1326,1791484226837,LTE,LOOPBACK_PUT_GET,99.99,101.48,201.47,True,0,0.0,False,16,6,NONE
1327,1791484226837,LTE,LOOPBACK_PUT_GET,284.31,438.15,722.46,True,1,0.0,False,16,4,NONE
1328,1791484226837,LTE,LOOPBACK_PUT_GET,57.21,100.13,157.35,True,0,0.0,False,16,8,NONE
1329,1791484226837,LTE,LOOPBACK_PUT_GET,47.31,33.65,80.96,True,0,0.0,False,16,7,NONE
1330,1791484226837,LTE,LOOPBACK_PUT_GET,47.92,59.29,107.20,True,0,0.0,False,16,3,NONE
1331,1791484226837,LTE,LOOPBACK_PUT_GET,91.45,71.88,163.33,True,0,0.0,False,16,8,NONE
1332,1791484226837,LTE,LOOPBACK_PUT_GET,323.55,92.51,416.06,True,0,0.0,False,16,4,NONE
1333,1791484226837,LTE,LOOPBACK_PUT_GET,57.06,40.22,97.29,True,0,0.0,False,16,5,NONE
1334,1791484226837,LTE,LOOPBACK_PUT_GET,451.45,61.36,512.81,True,1,0.0,False,16,6,NONE
1335,1791484226837,LTE,LOOPBACK_PUT_GET,224.35,90.32,314.67,True,0,0.0,False,16,4,NONE
1336,1791484226837,LTE,LOOPBACK_PUT_GET,51.25,244.11,295.36,True,0,0.0,False,16,5,NONE
1337,1791484226837,LTE,LOOPBACK_PUT_GET,59.22,101.84,161.06,True,0,0.0,False,16,3,NONE
1338,1791484226837,LTE,LOOPBACK_PUT_GET,72.25,89.26,161.51,True,0,0.0,False,16,8,NONE
1339,1791484226837,LTE,LOOPBACK_PUT_GET,75.48,73.43,148.91,True,0,0.0,False,16,5,NONE
1340,1791484226837,LTE,LOOPBACK_PUT_GET,71.16,200.47,271.63,True,0,0.0,False,16,6,NONE
1341,1791484226837,LTE,LOOPBACK_PUT_GET,70.49,72.69,143.18,True,0,0.0,False,16,4,NONE
1342,1791484226837,LTE,LOOPBACK_PUT_GET,274.89,61.16,336.04,True,0,0.0,False,16,4,NONE
1343,1791484226837,LTE,LOOPBACK_PUT_GET,94.47,74.58,169.05,True,0,0.0,False,16,8,NONE
1344,1791484226837,LTE,LOOPBACK_PUT_GET,278.23,60.33,338.55,True,0,0.0,False,16,4,NONE
1345,1791484226837,LTE,LOOPBACK_PUT_GET,100.63,41.23,141.86,True,0,0.0,False,16,4,NONE
1346,1791484226837,LTE,LOOPBACK_PUT_GET,89.76,56.97,146.73,True,0,0.0,False,16,5,NONE
1347,1791484226837,LTE,LOOPBACK_PUT_GET,282.10,52.32,334.43,True,0,0.0,False,16,7,NONE
1348,1791484226837,LTE,LOOPBACK_PUT_GET,83.51,53.49,137.00,True,0,0.0,False,16,8,NONE
1349,1791484226837,LTE,LOOPBACK_PUT_GET,44.70,89.45,134.15,True,0,0.0,False,16,7,NONE
1350,1791484226837,LTE,LOOPBACK_PUT_GET,228.41,52.26,280.67,True,0,0.0,False,16,7,NONE
1351,1791484226837,LTE,LOOPBACK_PUT_GET,53.67,81.46,135.13,True,0,0.0,False,16,6,NONE
1352,1791484226837,LTE,LOOPBACK_PUT_GET,44.59,80.22,124.82,True,0,0.0,False,16,8,NONE
1353,1791484226837,LTE,LOOPBACK_PUT_GET,264.72,62.93,327.65,True,0,0.0,False,16,6,NONE
1354,1791484226837,LTE,LOOPBACK_PUT_GET,37.39,277.74,315.13,True,0,0.0,False,16,7,NONE
1355,1791484226837,LTE,LOOPBACK_PUT_GET,78.12,81.84,159.96,True,0,0.0,False,16,6,NONE
1356,1791484226837,LTE,LOOPBACK_PUT_GET,82.16,90.12,172.28,True,0,0.0,False,16,6,NONE
1357,1791484226837,LTE,LOOPBACK_PUT_GET,63.77,83.53,147.30,True,0,0.0,False,16,8,NONE
1358,1791484226837,LTE,LOOPBACK_PUT_GET,86.61,93.06,179.67,True,0,0.0,False,16,8,NONE
1359,1791484226837,LTE,LOOPBACK_PUT_GET,39.68,98.39,138.07,True,0,0.0,False,16,6,NONE
1360,1791484226837,LTE,LOOPBACK_PUT_GET,184.09,97.54,281.63,True,0,0.0,False,16,3,NONE
1361,1791484226837,LTE,LOOPBACK_PUT_GET,34.07,72.87,106.95,True,0,0.0,False,16,8,NONE
1362,1791484226837,LTE,LOOPBACK_PUT_GET,441.07,75.20,516.27,True,1,0.0,False,16,5,NONE
1363,1791484226837,LTE,LOOPBACK_PUT_GET,233.30,74.03,307.33,True,0,0.0,False,16,8,NONE
1364,1791484226837,LTE,LOOPBACK_PUT_GET,41.59,254.76,296.35,True,0,0.0,False,16,5,NONE
1365,1791484226837,LTE,LOOPBACK_PUT_GET,36.65,59.37,96.03,True,0,0.0,False,16,4,NONE
1366,1791484226837,LTE,LOOPBACK_PUT_GET,72.63,99.80,172.43,True,0,0.0,False,16,5,NONE
1367,1791484226837,LTE,LOOPBACK_PUT_GET,64.27,38.81,103.08,True,0,0.0,False,16,5,NONE
1368,1791484226837,LTE,LOOPBACK_PUT_GET,37.72,97.12,134.84,True,0,0.0,False,16,4,NONE
1369,1791484226837,LTE,LOOPBACK_PUT_GET,90.45,59.11,149.56,True,0,0.0,False,16,4,NONE
1370,1791484226837,LTE,LOOPBACK_PUT_GET,269.28,263.52,532.80,True,0,0.0,False,16,4,NONE
1371,1791484226837,LTE,LOOPBACK_PUT_GET,76.92,40.06,116.98,True,0,0.0,False,16,6,NONE
1372,1791484226837,LTE,LOOPBACK_PUT_GET,56.48,70.78,127.26,True,0,0.0,False,16,6,NONE
1373,1791484226837,LTE,LOOPBACK_PUT_GET,71.84,56.46,128.29,True,0,0.0,False,16,7,NONE
1374,1791484226837,LTE,LOOPBACK_PUT_GET,99.47,84.08,183.55,True,0,0.0,False,16,3,NONE
1375,1791484226837,LTE,LOOPBACK_PUT_GET,77.72,67.53,145.25,True,0,0.0,False,16,5,NONE
1376,1791484226837,LTE,LOOPBACK_PUT_GET,35.95,54.42,90.37,True,0,0.0,False,16,6,NONE
1377,1791484226837,LTE,LOOPBACK_PUT_GET,94.00,53.04,147.04,True,0,0.0,False,16,4,NONE
1378,1791484226837,LTE,LOOPBACK_PUT_GET,219.29,34.29,253.58,True,0,0.0,False,16,6,NONE
1379,1791484226837,LTE,LOOPBACK_PUT_GET,66.79,58.46,125.25,True,0,0.0,False,16,4,NONE
1380,1791484226837,LTE,LOOPBACK_PUT_GET,291.72,262.55,554.27,True,0,0.0,False,16,8,NONE
1381,1791484226837,LTE,LOOPBACK_PUT_GET,43.50,49.95,93.45,True,0,0.0,False,16,6,NONE
1382,1791484226837,LTE,LOOPBACK_PUT_GET,316.80,96.86,413.66,True,0,0.0,False,16,7,NONE
1383,1791484226837,LTE,LOOPBACK_PUT_GET,90.23,67.39,157.61,True,0,0.0,False,16,6,NONE
1384,1791484226837,LTE,LOOPBACK_PUT_GET,41.61,48.40,90.01,True,0,0.0,False,16,7,NONE
1385,1791484226837,LTE,LOOPBACK_PUT_GET,56.46,86.16,142.61,True,0,0.0,False,16,8,NONE
1386,1791484226837,LTE,LOOPBACK_PUT_GET,43.09,62.87,105.96,True,0,0.0,False,16,4,NONE
1387,1791484226837,LTE,LOOPBACK_PUT_GET,98.86,92.36,191.22,True,0,0.0,False,16,6,NONE
1388,1791484226837,LTE,LOOPBACK_PUT_GET,53.82,92.50,146.31,True,0,0.0,False,16,7,NONE
1389,1791484226837,LTE,LOOPBACK_PUT_GET,43.88,61.09,104.97,True,0,0.0,False,16,4,NONE
1390,1791484226837,LTE,LOOPBACK_PUT_GET,49.97,63.50,113.47,True,0,0.0,False,16,8,NONE
1391,1791484226837,LTE,LOOPBACK_PUT_GET,45.17,329.36,374.53,True,0,0.0,False,16,7,NONE
1392,1791484226837,LTE,LOOPBACK_PUT_GET,65.45,39.42,104.87,True,0,0.0,False,16,8,NONE
1393,1791484226837,LTE,LOOPBACK_PUT_GET,83.87,56.44,140.30,True,0,0.0,False,16,8,NONE
1394,1791484226837,LTE,LOOPBACK_PUT_GET,58.22,48.46,106.68,True,0,0.0,False,16,4,NONE
1395,1791484226837,LTE,LOOPBACK_PUT_GET,59.57,91.94,151.52,True,0,0.0,False,16,6,NONE
1396,1791484226837,LTE,LOOPBACK_PUT_GET,94.63,49.60,144.23,True,0,0.0,False,16,7,NONE
1397,1791484226837,LTE,LOOPBACK_PUT_GET,95.99,36.65,132.64,True,0,0.0,False,16,7,NONE
1398,1791484226837,LTE,LOOPBACK_PUT_GET,100.22,95.60,195.82,True,0,0.0,False,16,6,NONE
1399,1791484226837,LTE,LOOPBACK_PUT_GET,39.05,83.03,122.08,True,0,0.0,False,16,6,NONE
1400,1791484226837,LTE,LOOPBACK_PUT_GET,74.23,84.37,158.60,True,0,0.0,False,16,6,NONE
1401,1791484226837,LTE,LOOPBACK_PUT_GET,81.59,73.20,154.79,True,0,0.0,False,16,3,NONE
1402,1791484226837,LTE,LOOPBACK_PUT_GET,45.29,41.40,86.69,True,0,0.0,False,16,8,NONE
1403,1791484226837,LTE,LOOPBACK_PUT_GET,58.81,38.30,97.10,True,0,0.0,False,16,3,NONE
1404,1791484226837,LTE,LOOPBACK_PUT_GET,101.23,498.39,599.62,True,1,0.0,False,16,8,NONE
1405,1791484226837,LTE,LOOPBACK_PUT_GET,88.15,88.80,176.95,True,0,0.0,False,16,6,NONE
1406,1791484226837,LTE,LOOPBACK_PUT_GET,61.46,96.39,157.85,True,0,0.0,False,16,4,NONE
1407,1791484226837,LTE,LOOPBACK_PUT_GET,86.21,89.80,176.01,True,0,0.0,False,16,4,NONE
1408,1791484226837,LTE,LOOPBACK_PUT_GET,53.70,44.79,98.49,True,0,0.0,False,16,7,NONE
1409,1791484226837,LTE,LOOPBACK_PUT_GET,436.40,33.59,470.00,True,1,0.0,False,16,6,NONE
1410,1791484226837,LTE,LOOPBACK_PUT_GET,55.14,75.75,130.89,True,0,0.0,False,16,8,NONE
1411,1791484226837,LTE,LOOPBACK_PUT_GET,71.80,68.94,140.74,True,0,0.0,False,16,5,NONE
1412,1791484226837,LTE,LOOPBACK_PUT_GET,71.93,45.56,117.49,True,0,0.0,False,16,4,NONE
1413,1791484226837,LTE,LOOPBACK_PUT_GET,88.77,38.03,126.79,True,0,0.0,False,16,5,NONE
1414,1791484226837,LTE,LOOPBACK_PUT_GET,241.25,34.83,276.08,True,0,0.0,False,16,8,NONE
1415,1791484226837,LTE,LOOPBACK_PUT_GET,42.43,82.31,124.74,True,0,0.0,False,16,6,NONE
1416,1791484226837,LTE,LOOPBACK_PUT_GET,101.69,246.93,348.62,True,0,0.0,False,16,4,NONE
1417,1791484226837,LTE,LOOPBACK_PUT_GET,96.40,58.55,154.94,True,0,0.0,False,16,4,NONE
1418,1791484226837,LTE,LOOPBACK_PUT_GET,92.17,64.50,156.67,True,0,0.0,False,16,8,NONE
1419,1791484226837,LTE,LOOPBACK_PUT_GET,34.14,49.22,83.36,True,0,0.0,False,16,5,NONE
1420,1791484226837,LTE,LOOPBACK_PUT_GET,84.66,93.48,178.15,True,0,0.0,False,16,6,NONE
1421,1791484226837,LTE,LOOPBACK_PUT_GET,45.84,49.11,94.95,True,0,0.0,False,16,5,NONE
1422,1791484226837,LTE,LOOPBACK_PUT_GET,158.74,50.94,209.68,True,0,0.0,False,16,4,NONE
1423,1791484226837,LTE,LOOPBACK_PUT_GET,208.59,33.90,242.49,True,0,0.0,False,16,3,NONE
1424,1791484226837,LTE,LOOPBACK_PUT_GET,55.29,41.17,96.46,True,0,0.0,False,16,4,NONE
1425,1791484226837,LTE,LOOPBACK_PUT_GET,75.09,101.02,176.11,True,0,0.0,False,16,6,NONE
1426,1791484226837,LTE,LOOPBACK_PUT_GET,203.88,41.83,245.71,True,0,0.0,False,16,4,NONE
1427,1791484226837,LTE,LOOPBACK_PUT_GET,96.44,89.18,185.62,True,0,0.0,False,16,8,NONE
1428,1791484226837,LTE,LOOPBACK_PUT_GET,77.84,277.84,355.68,True,0,0.0,False,16,6,NONE
1429,1791484226837,LTE,LOOPBACK_PUT_GET,70.10,54.48,124.58,True,0,0.0,False,16,5,NONE
1430,1791484226837,LTE,LOOPBACK_PUT_GET,43.62,77.45,121.07,True,0,0.0,False,16,6,NONE
1431,1791484226837,LTE,LOOPBACK_PUT_GET,481.16,63.32,544.48,True,1,0.0,False,16,8,NONE
1432,1791484226837,LTE,LOOPBACK_PUT_GET,74.91,59.46,134.36,True,0,0.0,False,16,4,NONE
1433,1791484226837,LTE,LOOPBACK_PUT_GET,70.83,72.96,143.79,True,0,0.0,False,16,5,NONE
1434,1791484226837,LTE,LOOPBACK_PUT_GET,46.22,55.20,101.42,True,0,0.0,False,16,4,NONE
1435,1791484226837,LTE,LOOPBACK_PUT_GET,47.09,81.51,128.60,True,0,0.0,False,16,7,NONE
1436,1791484226837,LTE,LOOPBACK_PUT_GET,97.59,85.93,183.52,True,0,0.0,False,16,4,NONE
1437,1791484226837,LTE,LOOPBACK_PUT_GET,50.86,56.74,107.61,True,0,0.0,False,16,7,NONE
1438,1791484226837,LTE,LOOPBACK_PUT_GET,54.95,66.87,121.82,True,0,0.0,False,16,7,NONE
1439,1791484226837,LTE,LOOPBACK_PUT_GET,83.76,87.44,171.20,True,0,0.0,False,16,6,NONE
1440,1791484226837,LTE,LOOPBACK_PUT_GET,84.67,325.55,410.22,True,0,0.0,False,16,3,NONE
1441,1791484226837,LTE,LOOPBACK_PUT_GET,33.37,41.78,75.14,True,0,0.0,False,16,4,NONE
1442,1791484226837,LTE,LOOPBACK_PUT_GET,59.87,33.43,93.30,True,0,0.0,False,16,5,NONE
1443,1791484226837,LTE,LOOPBACK_PUT_GET,88.47,83.41,171.88,True,0,0.0,False,16,8,NONE
1444,1791484226837,LTE,LOOPBACK_PUT_GET,82.72,92.06,174.77,True,0,0.0,False,16,8,NONE
1445,1791484226837,LTE,LOOPBACK_PUT_GET,264.23,205.64,469.87,True,0,0.0,False,16,7,NONE
1446,1791484226837,LTE,LOOPBACK_PUT_GET,41.98,66.32,108.30,True,0,0.0,False,16,7,NONE
1447,1791484226837,LTE,LOOPBACK_PUT_GET,34.50,354.18,388.68,True,0,0.0,False,16,4,NONE
1448,1791484226837,LTE,LOOPBACK_PUT_GET,80.76,71.98,152.74,True,0,0.0,False,16,6,NONE
1449,1791484226837,LTE,LOOPBACK_PUT_GET,95.42,79.11,174.53,True,0,0.0,False,16,7,NONE
1450,1791484226837,LTE,LOOPBACK_PUT_GET,65.26,68.78,134.04,True,0,0.0,False,16,8,NONE
1451,1791484226837,LTE,LOOPBACK_PUT_GET,38.53,39.46,77.98,True,0,0.0,False,16,6,NONE
1452,1791484226837,LTE,LOOPBACK_PUT_GET,59.15,45.48,104.63,True,0,0.0,False,16,5,NONE
1453,1791484226837,LTE,LOOPBACK_PUT_GET,46.21,497.57,543.78,True,1,0.0,False,16,4,NONE
1454,1791484226837,LTE,LOOPBACK_PUT_GET,63.09,92.04,155.13,True,0,0.0,False,16,7,NONE
1455,1791484226837,LTE,LOOPBACK_PUT_GET,95.95,182.92,278.87,True,0,0.0,False,16,8,NONE
1456,1791484226837,LTE,LOOPBACK_PUT_GET,45.62,34.11,79.73,True,0,0.0,False,16,8,NONE
1457,1791484226837,LTE,LOOPBACK_PUT_GET,78.34,82.32,160.67,True,0,0.0,False,16,7,NONE
1458,1791484226837,LTE,LOOPBACK_PUT_GET,99.40,100.43,199.83,True,0,0.0,False,16,8,NONE
1459,1791484226837,LTE,LOOPBACK_PUT_GET,95.11,461.82,556.93,True,1,0.0,False,16,4,NONE
1460,1791484226837,LTE,LOOPBACK_PUT_GET,76.39,59.65,136.04,True,0,0.0,False,16,4,NONE
1461,1791484226837,LTE,LOOPBACK_PUT_GET,60.36,35.93,96.30,True,0,0.0,False,16,4,NONE
1462,1791484226837,LTE,LOOPBACK_PUT_GET,54.77,72.90,127.67,True,0,0.0,False,16,4,NONE
1463,1791484226837,LTE,LOOPBACK_PUT_GET,87.31,51.03,138.34,True,0,0.0,False,16,4,NONE
1464,1791484226837,LTE,LOOPBACK_PUT_GET,83.41,33.27,116.68,True,0,0.0,False,16,4,NONE
1465,1791484226837,LTE,LOOPBACK_PUT_GET,298.07,64.31,362.38,True,0,0.0,False,16,3,NONE
1466,1791484226837,LTE,LOOPBACK_PUT_GET,75.83,174.40,250.22,True,0,0.0,False,16,5,NONE
1467,1791484226837,LTE,LOOPBACK_PUT_GET,82.79,91.42,174.21,True,0,0.0,False,16,4,NONE
1468,1791484226837,LTE,LOOPBACK_PUT_GET,36.66,283.25,319.91,True,0,0.0,False,16,5,NONE
1469,1791484226837,LTE,LOOPBACK_PUT_GET,89.34,74.99,164.34,True,0,0.0,False,16,8,NONE
1470,1791484226837,LTE,LOOPBACK_PUT_GET,41.65,73.00,114.66,True,0,0.0,False,16,7,NONE
1471,1791484226837,LTE,LOOPBACK_PUT_GET,60.21,34.35,94.56,True,0,0.0,False,16,6,NONE
1472,1791484226837,LTE,LOOPBACK_PUT_GET,34.07,40.93,75.01,True,0,0.0,False,16,4,NONE
1473,1791484226837,LTE,LOOPBACK_PUT_GET,69.13,39.85,108.98,True,0,0.0,False,16,7,NONE
1474,1791484226837,LTE,LOOPBACK_PUT_GET,96.34,94.40,190.74,True,0,0.0,False,16,6,NONE
1475,1791484226837,LTE,LOOPBACK_PUT_GET,89.58,201.98,291.56,True,0,0.0,False,16,3,NONE
1476,1791484226837,LTE,LOOPBACK_PUT_GET,84.94,96.11,181.05,True,0,0.0,False,16,6,NONE
1477,1791484226837,LTE,LOOPBACK_PUT_GET,293.93,97.90,391.82,True,0,0.0,False,16,3,NONE
1478,1791484226837,LTE,LOOPBACK_PUT_GET,473.73,45.86,519.59,True,1,0.0,False,16,6,NONE
1479,1791484226837,LTE,LOOPBACK_PUT_GET,87.50,41.84,129.35,True,0,0.0,False,16,5,NONE
1480,1791484226837,LTE,LOOPBACK_PUT_GET,53.35,97.74,151.09,True,0,0.0,False,16,4,NONE
1481,1791484226837,LTE,LOOPBACK_PUT_GET,43.04,41.88,84.92,True,0,0.0,False,16,5,NONE
1482,1791484226837,LTE,LOOPBACK_PUT_GET,69.06,72.62,141.69,True,0,0.0,False,16,7,NONE
1483,1791484226837,LTE,LOOPBACK_PUT_GET,55.00,47.78,102.78,True,0,0.0,False,16,4,NONE
1484,1791484226837,LTE,LOOPBACK_PUT_GET,48.49,33.26,81.75,True,0,0.0,False,16,3,NONE
1485,1791484226837,LTE,LOOPBACK_PUT_GET,49.36,79.77,129.13,True,0,0.0,False,16,4,NONE
1486,1791484226837,LTE,LOOPBACK_PUT_GET,65.75,89.56,155.31,True,0,0.0,False,16,3,NONE
1487,1791484226837,LTE,LOOPBACK_PUT_GET,79.63,70.92,150.55,True,0,0.0,False,16,5,NONE
1488,1791484226837,LTE,LOOPBACK_PUT_GET,64.07,64.48,128.55,True,0,0.0,False,16,6,NONE
1489,1791484226837,LTE,LOOPBACK_PUT_GET,85.21,33.05,118.25,True,0,0.0,False,16,3,NONE
1490,1791484226837,LTE,LOOPBACK_PUT_GET,39.43,86.39,125.82,True,0,0.0,False,16,4,NONE
1491,1791484226837,LTE,LOOPBACK_PUT_GET,36.19,292.12,328.32,True,0,0.0,False,16,6,NONE
1492,1791484226837,LTE,LOOPBACK_PUT_GET,193.54,78.85,272.40,True,0,0.0,False,16,7,NONE
1493,1791484226837,LTE,LOOPBACK_PUT_GET,489.59,196.41,685.99,True,1,0.0,False,16,5,NONE
1494,1791484226837,LTE,LOOPBACK_PUT_GET,51.07,102.09,153.16,True,0,0.0,False,16,5,NONE
1495,1791484226837,LTE,LOOPBACK_PUT_GET,290.33,35.76,326.09,True,0,0.0,False,16,8,NONE
1496,1791484226837,LTE,LOOPBACK_PUT_GET,100.29,335.42,435.71,True,0,0.0,False,16,7,NONE
1497,1791484226837,LTE,LOOPBACK_PUT_GET,69.61,53.13,122.74,True,0,0.0,False,16,8,NONE
1498,1791484226837,LTE,LOOPBACK_PUT_GET,86.59,85.50,172.08,True,0,0.0,False,16,3,NONE
1499,1791484226837,LTE,LOOPBACK_PUT_GET,83.50,76.50,160.00,True,0,0.0,False,16,6,NONE
1500,1791484226837,LTE,LOOPBACK_PUT_GET,74.41,88.57,162.98,True,0,0.0,False,16,7,NONE
1501,1791484226837,LTE,LOOPBACK_PUT_GET,47.83,71.56,119.39,True,0,0.0,False,16,4,NONE
1502,1791484226837,LTE,LOOPBACK_PUT_GET,95.44,200.19,295.63,True,0,0.0,False,16,8,NONE
1503,1791484226837,LTE,LOOPBACK_PUT_GET,48.84,100.69,149.53,True,0,0.0,False,16,6,NONE
1504,1791484226837,LTE,LOOPBACK_PUT_GET,47.98,339.19,387.17,True,0,0.0,False,16,8,NONE
1505,1791484226837,LTE,LOOPBACK_PUT_GET,97.97,82.37,180.33,True,0,0.0,False,16,7,NONE
1506,1791484226837,LTE,LOOPBACK_PUT_GET,283.74,260.10,543.84,True,0,0.0,False,16,6,NONE
1507,1791484226837,LTE,LOOPBACK_PUT_GET,256.08,297.93,554.02,True,0,0.0,False,16,5,NONE
1508,1791484226837,LTE,LOOPBACK_PUT_GET,266.23,98.81,365.03,True,0,0.0,False,16,5,NONE
1509,1791484226837,LTE,LOOPBACK_PUT_GET,55.55,74.87,130.42,True,0,0.0,False,16,6,NONE
1510,1791484226837,LTE,LOOPBACK_PUT_GET,339.74,76.14,415.88,True,0,0.0,False,16,8,NONE
1511,1791484226837,LTE,LOOPBACK_PUT_GET,46.34,64.21,110.55,True,0,0.0,False,16,3,NONE
1512,1791484226837,LTE,LOOPBACK_PUT_GET,46.90,89.88,136.78,True,0,0.0,False,16,4,NONE
1513,1791484226837,LTE,LOOPBACK_PUT_GET,63.47,306.79,370.26,True,0,0.0,False,16,8,NONE
1514,1791484226837,LTE,LOOPBACK_PUT_GET,90.97,95.24,186.21,True,0,0.0,False,16,8,NONE
1515,1791484226837,LTE,LOOPBACK_PUT_GET,100.25,83.89,184.13,True,0,0.0,False,16,7,NONE
1516,1791484226837,LTE,LOOPBACK_PUT_GET,75.26,56.57,131.83,True,0,0.0,False,16,6,NONE
1517,1791484226837,LTE,LOOPBACK_PUT_GET,339.53,100.96,440.49,True,0,0.0,False,16,6,NONE
1518,1791484226837,LTE,LOOPBACK_PUT_GET,37.63,97.15,134.77,True,0,0.0,False,16,6,NONE
1519,1791484226837,LTE,LOOPBACK_PUT_GET,96.39,60.32,156.70,True,0,0.0,False,16,4,NONE
1520,1791484226837,LTE,LOOPBACK_PUT_GET,652.83,208.77,861.59,True,1,0.0,False,16,4,NONE
1521,1791484226837,LTE,LOOPBACK_PUT_GET,50.89,245.41,296.29,True,0,0.0,False,16,6,NONE
1522,1791484226837,LTE,LOOPBACK_PUT_GET,80.06,46.49,126.55,True,0,0.0,False,16,8,NONE
1523,1791484226837,LTE,LOOPBACK_PUT_GET,49.29,338.66,387.95,True,0,0.0,False,16,7,NONE
1524,1791484226837,LTE,LOOPBACK_PUT_GET,69.41,35.48,104.89,True,0,0.0,False,16,3,NONE
1525,1791484226837,LTE,LOOPBACK_PUT_GET,46.40,69.63,116.03,True,0,0.0,False,16,8,NONE
1526,1791484226837,LTE,LOOPBACK_PUT_GET,85.11,433.44,518.56,True,1,0.0,False,16,6,NONE
1527,1791484226837,LTE,LOOPBACK_PUT_GET,86.50,42.51,129.00,True,0,0.0,False,16,5,NONE
1528,1791484226837,LTE,LOOPBACK_PUT_GET,84.66,34.70,119.36,True,0,0.0,False,16,3,NONE
1529,1791484226837,LTE,LOOPBACK_PUT_GET,82.73,102.43,185.16,True,0,0.0,False,16,5,NONE
1530,1791484226837,LTE,LOOPBACK_PUT_GET,100.33,89.10,189.42,True,0,0.0,False,16,3,NONE
1531,1791484226837,LTE,LOOPBACK_PUT_GET,45.80,88.86,134.66,True,0,0.0,False,16,4,NONE
1532,1791484226837,LTE,LOOPBACK_PUT_GET,452.49,480.08,932.57,True,2,0.0,False,16,6,NONE
1533,1791484226837,LTE,LOOPBACK_PUT_GET,227.03,341.88,568.91,True,0,0.0,False,16,8,NONE
1534,1791484226837,LTE,LOOPBACK_PUT_GET,83.60,93.43,177.03,True,0,0.0,False,16,3,NONE
1535,1791484226837,LTE,LOOPBACK_PUT_GET,34.81,33.02,67.83,True,0,0.0,False,16,4,NONE
1536,1791484226837,LTE,LOOPBACK_PUT_GET,51.79,37.18,88.96,True,0,0.0,False,16,6,NONE
1537,1791484226837,LTE,LOOPBACK_PUT_GET,54.63,84.16,138.78,True,0,0.0,False,16,3,NONE
1538,1791484226837,LTE,LOOPBACK_PUT_GET,93.95,98.62,192.57,True,0,0.0,False,16,4,NONE
1539,1791484226837,LTE,LOOPBACK_PUT_GET,65.95,33.20,99.16,True,0,0.0,False,16,7,NONE
1540,1791484226837,LTE,LOOPBACK_PUT_GET,82.11,356.93,439.04,True,0,0.0,False,16,5,NONE
1541,1791484226837,LTE,LOOPBACK_PUT_GET,329.49,74.04,403.54,True,0,0.0,False,16,6,NONE
1542,1791484226837,LTE,LOOPBACK_PUT_GET,64.79,71.10,135.89,True,0,0.0,False,16,7,NONE
1543,1791484226837,LTE,LOOPBACK_PUT_GET,60.67,50.20,110.86,True,0,0.0,False,16,7,NONE
1544,1791484226837,LTE,LOOPBACK_PUT_GET,96.37,210.36,306.72,True,0,0.0,False,16,5,NONE
1545,1791484226837,LTE,LOOPBACK_PUT_GET,36.26,96.13,132.39,True,0,0.0,False,16,7,NONE
1546,1791484226837,LTE,LOOPBACK_PUT_GET,102.48,255.96,358.44,True,0,0.0,False,16,5,NONE
1547,1791484226837,LTE,LOOPBACK_PUT_GET,64.73,53.62,118.35,True,0,0.0,False,16,7,NONE
1548,1791484226837,LTE,LOOPBACK_PUT_GET,36.19,56.76,92.96,True,0,0.0,False,16,4,NONE
1549,1791484226837,LTE,LOOPBACK_PUT_GET,99.66,41.34,141.00,True,0,0.0,False,16,4,NONE
1550,1791484226837,LTE,LOOPBACK_PUT_GET,177.72,92.70,270.42,True,0,0.0,False,16,5,NONE
1551,1791484226837,LTE,LOOPBACK_PUT_GET,433.58,58.60,492.18,True,1,0.0,False,16,5,NONE
1552,1791484226837,LTE,LOOPBACK_PUT_GET,100.17,94.91,195.08,True,0,0.0,False,16,5,NONE
1553,1791484226837,LTE,LOOPBACK_PUT_GET,332.02,207.33,539.36,True,0,0.0,False,16,6,NONE
1554,1791484226837,LTE,LOOPBACK_PUT_GET,73.29,64.56,137.85,True,0,0.0,False,16,5,NONE
1555,1791484226837,LTE,LOOPBACK_PUT_GET,239.23,48.08,287.30,True,0,0.0,False,16,6,NONE
1556,1791484226837,LTE,LOOPBACK_PUT_GET,63.35,46.69,110.04,True,0,0.0,False,16,6,NONE
1557,1791484226837,LTE,LOOPBACK_PUT_GET,94.57,44.53,139.10,True,0,0.0,False,16,4,NONE
1558,1791484226837,LTE,LOOPBACK_PUT_GET,209.02,84.32,293.34,True,0,0.0,False,16,4,NONE
1559,1791484226837,LTE,LOOPBACK_PUT_GET,80.18,73.58,153.76,True,0,0.0,False,16,7,NONE
1560,1791484226837,LTE,LOOPBACK_PUT_GET,737.40,0.00,737.40,False,1,0.0,False,16,0,PUT_TIMEOUT
1561,1791484226837,LTE,LOOPBACK_PUT_GET,102.02,89.98,192.01,True,0,0.0,False,16,6,NONE
1562,1791484226837,LTE,LOOPBACK_PUT_GET,71.94,96.97,168.91,True,0,0.0,False,16,6,NONE
1563,1791484226837,LTE,LOOPBACK_PUT_GET,43.88,39.57,83.45,True,0,0.0,False,16,5,NONE
1564,1791484226837,LTE,LOOPBACK_PUT_GET,78.74,94.80,173.54,True,0,0.0,False,16,6,NONE
1565,1791484226837,LTE,LOOPBACK_PUT_GET,78.46,80.33,158.79,True,0,0.0,False,16,3,NONE
1566,1791484226837,LTE,LOOPBACK_PUT_GET,42.78,321.78,364.56,True,0,0.0,False,16,6,NONE
1567,1791484226837,LTE,LOOPBACK_PUT_GET,84.12,47.68,131.80,True,0,0.0,False,16,5,NONE
1568,1791484226837,LTE,LOOPBACK_PUT_GET,40.87,62.29,103.16,True,0,0.0,False,16,6,NONE
1569,1791484226838,LTE,LOOPBACK_PUT_GET,56.98,446.79,503.78,True,1,0.0,False,16,5,NONE
1570,1791484226838,LTE,LOOPBACK_PUT_GET,86.56,96.49,183.05,True,0,0.0,False,16,3,NONE
1571,1791484226838,LTE,LOOPBACK_PUT_GET,61.10,95.34,156.44,True,0,0.0,False,16,3,NONE
1572,1791484226838,LTE,LOOPBACK_PUT_GET,92.12,95.45,187.57,True,0,0.0,False,16,5,NONE
1573,1791484226838,LTE,LOOPBACK_PUT_GET,444.32,88.73,533.05,True,1,0.0,False,16,3,NONE
1574,1791484226838,LTE,LOOPBACK_PUT_GET,81.29,94.88,176.17,True,0,0.0,False,16,7,NONE
1575,1791484226838,LTE,LOOPBACK_PUT_GET,101.44,228.76,330.20,True,0,0.0,False,16,4,NONE
1576,1791484226838,LTE,LOOPBACK_PUT_GET,226.09,100.95,327.05,True,0,0.0,False,16,5,NONE
1577,1791484226838,LTE,LOOPBACK_PUT_GET,74.59,69.20,143.79,True,0,0.0,False,16,4,NONE
1578,1791484226838,LTE,LOOPBACK_PUT_GET,74.56,65.87,140.43,True,0,0.0,False,16,5,NONE
1579,1791484226838,LTE,LOOPBACK_PUT_GET,81.47,205.93,287.40,True,0,0.0,False,16,6,NONE
1580,1791484226838,LTE,LOOPBACK_PUT_GET,37.56,102.70,140.26,True,0,0.0,False,16,6,NONE
1581,1791484226838,LTE,LOOPBACK_PUT_GET,42.11,48.25,90.36,True,0,0.0,False,16,6,NONE
1582,1791484226838,LTE,LOOPBACK_PUT_GET,40.23,87.70,127.93,True,0,0.0,False,16,8,NONE
1583,1791484226838,LTE,LOOPBACK_PUT_GET,60.16,60.35,120.51,True,0,0.0,False,16,6,NONE
1584,1791484226838,LTE,LOOPBACK_PUT_GET,98.06,45.37,143.43,True,0,0.0,False,16,6,NONE
1585,1791484226838,LTE,LOOPBACK_PUT_GET,68.27,185.01,253.28,True,0,0.0,False,16,6,NONE
1586,1791484226838,LTE,LOOPBACK_PUT_GET,46.68,101.22,147.91,True,0,0.0,False,16,5,NONE
1587,1791484226838,LTE,LOOPBACK_PUT_GET,45.27,79.98,125.25,True,0,0.0,False,16,8,NONE
1588,1791484226838,LTE,LOOPBACK_PUT_GET,72.67,84.47,157.14,True,0,0.0,False,16,3,NONE
1589,1791484226838,LTE,LOOPBACK_PUT_GET,82.42,94.95,177.37,True,0,0.0,False,16,3,NONE
1590,1791484226838,LTE,LOOPBACK_PUT_GET,94.42,54.21,148.63,True,0,0.0,False,16,5,NONE
1591,1791484226838,LTE,LOOPBACK_PUT_GET,72.58,72.48,145.06,True,0,0.0,False,16,3,NONE
1592,1791484226838,LTE,LOOPBACK_PUT_GET,89.37,39.99,129.36,True,0,0.0,False,16,4,NONE
1593,1791484226838,LTE,LOOPBACK_PUT_GET,218.63,93.38,312.00,True,0,0.0,False,16,5,NONE
1594,1791484226838,LTE,LOOPBACK_PUT_GET,53.10,33.42,86.51,True,0,0.0,False,16,5,NONE
1595,1791484226838,LTE,LOOPBACK_PUT_GET,54.85,72.27,127.11,True,0,0.0,False,16,7,NONE
1596,1791484226838,LTE,LOOPBACK_PUT_GET,93.28,88.58,181.85,True,0,0.0,False,16,4,NONE
1597,1791484226838,LTE,LOOPBACK_PUT_GET,93.68,46.66,140.34,True,0,0.0,False,16,7,NONE
1598,1791484226838,LTE,LOOPBACK_PUT_GET,43.53,84.75,128.28,True,0,0.0,False,16,4,NONE
1599,1791484226838,LTE,LOOPBACK_PUT_GET,47.53,33.97,81.50,True,0,0.0,False,16,7,NONE
1600,1791484226838,LTE,LOOPBACK_PUT_GET,77.42,453.65,531.07,True,1,0.0,False,16,8,NONE
1601,1791484226838,LTE,LOOPBACK_PUT_GET,51.92,98.37,150.29,True,0,0.0,False,16,6,NONE
1602,1791484226838,LTE,LOOPBACK_PUT_GET,36.30,439.04,475.34,True,1,0.0,False,16,4,NONE
1603,1791484226838,LTE,LOOPBACK_PUT_GET,60.15,49.72,109.87,True,0,0.0,False,16,4,NONE
1604,1791484226838,LTE,LOOPBACK_PUT_GET,37.53,45.10,82.63,True,0,0.0,False,16,7,NONE
1605,1791484226838,LTE,LOOPBACK_PUT_GET,56.47,57.21,113.68,True,0,0.0,False,16,7,NONE
1606,1791484226838,LTE,LOOPBACK_PUT_GET,37.68,96.54,134.23,True,0,0.0,False,16,4,NONE
1607,1791484226838,LTE,LOOPBACK_PUT_GET,61.15,255.07,316.22,True,0,0.0,False,16,8,NONE
1608,1791484226838,LTE,LOOPBACK_PUT_GET,40.35,37.27,77.62,True,0,0.0,False,16,6,NONE
1609,1791484226838,LTE,LOOPBACK_PUT_GET,84.72,67.32,152.05,True,0,0.0,False,16,8,NONE
1610,1791484226838,LTE,LOOPBACK_PUT_GET,278.76,278.11,556.86,True,0,0.0,False,16,5,NONE
1611,1791484226838,LTE,LOOPBACK_PUT_GET,42.69,55.72,98.41,True,0,0.0,False,16,7,NONE
1612,1791484226838,LTE,LOOPBACK_PUT_GET,89.17,61.44,150.61,True,0,0.0,False,16,5,NONE
1613,1791484226838,LTE,LOOPBACK_PUT_GET,93.92,49.24,143.16,True,0,0.0,False,16,8,NONE
1614,1791484226838,LTE,LOOPBACK_PUT_GET,69.02,46.87,115.89,True,0,0.0,False,16,8,NONE
1615,1791484226838,LTE,LOOPBACK_PUT_GET,75.89,94.55,170.44,True,0,0.0,False,16,6,NONE
1616,1791484226838,LTE,LOOPBACK_PUT_GET,47.97,63.62,111.59,True,0,0.0,False,16,8,NONE
1617,1791484226838,LTE,LOOPBACK_PUT_GET,57.38,367.54,424.92,True,0,0.0,False,16,6,NONE
1618,1791484226838,LTE,LOOPBACK_PUT_GET,35.29,86.66,121.95,True,0,0.0,False,16,7,NONE
1619,1791484226838,LTE,LOOPBACK_PUT_GET,75.49,294.73,370.22,True,0,0.0,False,16,6,NONE
1620,1791484226838,LTE,LOOPBACK_PUT_GET,37.81,50.49,88.30,True,0,0.0,False,16,4,NONE
1621,1791484226838,LTE,LOOPBACK_PUT_GET,47.12,37.21,84.34,True,0,0.0,False,16,6,NONE
1622,1791484226838,LTE,LOOPBACK_PUT_GET,95.91,38.14,134.05,True,0,0.0,False,16,8,NONE
1623,1791484226838,LTE,LOOPBACK_PUT_GET,36.73,98.80,135.53,True,0,0.0,False,16,6,NONE
1624,1791484226838,LTE,LOOPBACK_PUT_GET,62.10,77.29,139.38,True,0,0.0,False,16,4,NONE
1625,1791484226838,LTE,LOOPBACK_PUT_GET,274.50,98.69,373.18,True,0,0.0,False,16,6,NONE
1626,1791484226838,LTE,LOOPBACK_PUT_GET,44.09,67.10,111.19,True,0,0.0,False,16,3,NONE
1627,1791484226838,LTE,LOOPBACK_PUT_GET,43.83,101.18,145.02,True,0,0.0,False,16,6,NONE
1628,1791484226838,LTE,LOOPBACK_PUT_GET,98.40,35.64,134.04,True,0,0.0,False,16,3,NONE
1629,1791484226838,LTE,LOOPBACK_PUT_GET,65.91,304.58,370.50,True,0,0.0,False,16,4,NONE
1630,1791484226838,LTE,LOOPBACK_PUT_GET,71.22,58.61,129.83,True,0,0.0,False,16,5,NONE
1631,1791484226838,LTE,LOOPBACK_PUT_GET,78.09,96.72,174.80,True,0,0.0,False,16,6,NONE
1632,1791484226838,LTE,LOOPBACK_PUT_GET,77.64,63.17,140.81,True,0,0.0,False,16,3,NONE
1633,1791484226838,LTE,LOOPBACK_PUT_GET,70.85,34.18,105.03,True,0,0.0,False,16,3,NONE
1634,1791484226838,LTE,LOOPBACK_PUT_GET,99.72,56.45,156.17,True,0,0.0,False,16,3,NONE
1635,1791484226838,LTE,LOOPBACK_PUT_GET,50.55,579.00,629.54,True,1,0.0,False,16,4,NONE
1636,1791484226838,LTE,LOOPBACK_PUT_GET,210.93,96.26,307.19,True,0,0.0,False,16,5,NONE
1637,1791484226838,LTE,LOOPBACK_PUT_GET,47.55,186.66,234.21,True,0,0.0,False,16,6,NONE
1638,1791484226838,LTE,LOOPBACK_PUT_GET,64.32,46.61,110.93,True,0,0.0,False,16,8,NONE
1639,1791484226838,LTE,LOOPBACK_PUT_GET,47.68,60.25,107.93,True,0,0.0,False,16,6,NONE
1640,1791484226838,LTE,LOOPBACK_PUT_GET,71.46,94.68,166.14,True,0,0.0,False,16,8,NONE
1641,1791484226838,LTE,LOOPBACK_PUT_GET,59.32,43.97,103.29,True,0,0.0,False,16,8,NONE
1642,1791484226838,LTE,LOOPBACK_PUT_GET,55.73,83.28,139.01,True,0,0.0,False,16,8,NONE
1643,1791484226838,LTE,LOOPBACK_PUT_GET,94.85,41.55,136.40,True,0,0.0,False,16,7,NONE
1644,1791484226838,LTE,LOOPBACK_PUT_GET,101.02,63.44,164.45,True,0,0.0,False,16,5,NONE
1645,1791484226838,LTE,LOOPBACK_PUT_GET,89.45,181.42,270.87,True,0,0.0,False,16,5,NONE
1646,1791484226838,LTE,LOOPBACK_PUT_GET,96.82,82.40,179.22,True,0,0.0,False,16,6,NONE
1647,1791484226838,LTE,LOOPBACK_PUT_GET,58.63,68.95,127.58,True,0,0.0,False,16,4,NONE
1648,1791484226838,LTE,LOOPBACK_PUT_GET,57.58,43.86,101.44,True,0,0.0,False,16,8,NONE
1649,1791484226838,LTE,LOOPBACK_PUT_GET,102.28,97.80,200.08,True,0,0.0,False,16,8,NONE
1650,1791484226838,LTE,LOOPBACK_PUT_GET,92.40,60.78,153.17,True,0,0.0,False,16,4,NONE
1651,1791484226838,LTE,LOOPBACK_PUT_GET,89.48,59.14,148.62,True,0,0.0,False,16,6,NONE
1652,1791484226838,LTE,LOOPBACK_PUT_GET,269.28,75.48,344.76,True,0,0.0,False,16,4,NONE
1653,1791484226838,LTE,LOOPBACK_PUT_GET,83.33,43.31,126.64,True,0,0.0,False,16,7,NONE
1654,1791484226838,LTE,LOOPBACK_PUT_GET,42.81,75.27,118.08,True,0,0.0,False,16,6,NONE
1655,1791484226838,LTE,LOOPBACK_PUT_GET,40.33,34.90,75.24,True,0,0.0,False,16,3,NONE
1656,1791484226838,LTE,LOOPBACK_PUT_GET,76.46,73.44,149.90,True,0,0.0,False,16,6,NONE
1657,1791484226838,LTE,LOOPBACK_PUT_GET,85.29,39.85,125.14,True,0,0.0,False,16,6,NONE
1658,1791484226838,LTE,LOOPBACK_PUT_GET,41.83,80.53,122.36,True,0,0.0,False,16,3,NONE
1659,1791484226838,LTE,LOOPBACK_PUT_GET,66.12,44.19,110.31,True,0,0.0,False,16,4,NONE
1660,1791484226838,LTE,LOOPBACK_PUT_GET,57.24,232.03,289.27,True,0,0.0,False,16,5,NONE
1661,1791484226838,LTE,LOOPBACK_PUT_GET,98.13,52.30,150.43,True,0,0.0,False,16,3,NONE
1662,1791484226838,LTE,LOOPBACK_PUT_GET,71.99,77.54,149.53,True,0,0.0,False,16,7,NONE
1663,1791484226838,LTE,LOOPBACK_PUT_GET,70.19,70.97,141.16,True,0,0.0,False,16,8,NONE
1664,1791484226838,LTE,LOOPBACK_PUT_GET,52.33,93.62,145.94,True,0,0.0,False,16,4,NONE
1665,1791484226838,LTE,LOOPBACK_PUT_GET,67.38,74.21,141.58,True,0,0.0,False,16,4,NONE
1666,1791484226838,LTE,LOOPBACK_PUT_GET,81.62,82.12,163.75,True,0,0.0,False,16,7,NONE
1667,1791484226838,LTE,LOOPBACK_PUT_GET,44.10,35.95,80.05,True,0,0.0,False,16,7,NONE
1668,1791484226838,LTE,LOOPBACK_PUT_GET,67.41,84.83,152.23,True,0,0.0,False,16,6,NONE
1669,1791484226838,LTE,LOOPBACK_PUT_GET,34.78,214.80,249.58,True,0,0.0,False,16,5,NONE
1670,1791484226838,LTE,LOOPBACK_PUT_GET,74.07,82.81,156.88,True,0,0.0,False,16,4,NONE
1671,1791484226838,LTE,LOOPBACK_PUT_GET,36.18,47.63,83.81,True,0,0.0,False,16,7,NONE
1672,1791484226838,LTE,LOOPBACK_PUT_GET,83.54,67.64,151.19,True,0,0.0,False,16,7,NONE
1673,1791484226838,LTE,LOOPBACK_PUT_GET,56.73,74.20,130.93,True,0,0.0,False,16,3,NONE
1674,1791484226838,LTE,LOOPBACK_PUT_GET,96.92,38.78,135.70,True,0,0.0,False,16,4,NONE
1675,1791484226838,LTE,LOOPBACK_PUT_GET,57.56,46.67,104.23,True,0,0.0,False,16,4,NONE
1676,1791484226838,LTE,LOOPBACK_PUT_GET,49.72,100.18,149.90,True,0,0.0,False,16,7,NONE
1677,1791484226838,LTE,LOOPBACK_PUT_GET,61.90,68.69,130.58,True,0,0.0,False,16,8,NONE
1678,1791484226838,LTE,LOOPBACK_PUT_GET,69.40,39.29,108.70,True,0,0.0,False,16,7,NONE
1679,1791484226838,LTE,LOOPBACK_PUT_GET,54.56,445.09,499.66,True,1,0.0,False,16,6,NONE
1680,1791484226838,LTE,LOOPBACK_PUT_GET,237.76,100.95,338.71,True,0,0.0,False,16,4,NONE
1681,1791484226838,LTE,LOOPBACK_PUT_GET,83.82,70.26,154.08,True,0,0.0,False,16,8,NONE
1682,1791484226838,LTE,LOOPBACK_PUT_GET,87.64,56.17,143.81,True,0,0.0,False,16,8,NONE
1683,1791484226838,LTE,LOOPBACK_PUT_GET,40.41,79.26,119.67,True,0,0.0,False,16,4,NONE
1684,1791484226838,LTE,LOOPBACK_PUT_GET,91.63,190.00,281.64,True,0,0.0,False,16,3,NONE
1685,1791484226838,LTE,LOOPBACK_PUT_GET,95.27,616.73,712.00,True,1,0.0,False,16,5,NONE
1686,1791484226838,LTE,LOOPBACK_PUT_GET,82.45,95.85,178.30,True,0,0.0,False,16,4,NONE
1687,1791484226838,LTE,LOOPBACK_PUT_GET,211.19,37.05,248.24,True,0,0.0,False,16,6,NONE
1688,1791484226838,LTE,LOOPBACK_PUT_GET,92.83,77.81,170.64,True,0,0.0,False,16,5,NONE
1689,1791484226838,LTE,LOOPBACK_PUT_GET,75.70,97.84,173.55,True,0,0.0,False,16,8,NONE
1690,1791484226838,LTE,LOOPBACK_PUT_GET,99.44,84.23,183.67,True,0,0.0,False,16,4,NONE
1691,1791484226838,LTE,LOOPBACK_PUT_GET,41.99,35.55,77.54,True,0,0.0,False,16,3,NONE
1692,1791484226838,LTE,LOOPBACK_PUT_GET,50.77,280.77,331.54,True,0,0.0,False,16,7,NONE
1693,1791484226838,LTE,LOOPBACK_PUT_GET,36.81,79.40,116.21,True,0,0.0,False,16,6,NONE
1694,1791484226838,LTE,LOOPBACK_PUT_GET,94.46,59.74,154.20,True,0,0.0,False,16,4,NONE
1695,1791484226838,LTE,LOOPBACK_PUT_GET,48.28,280.20,328.48,True,0,0.0,False,16,7,NONE
1696,1791484226838,LTE,LOOPBACK_PUT_GET,39.86,98.24,138.09,True,0,0.0,False,16,6,NONE
1697,1791484226838,LTE,LOOPBACK_PUT_GET,82.06,84.23,166.29,True,0,0.0,False,16,4,NONE
1698,1791484226838,LTE,LOOPBACK_PUT_GET,42.52,93.64,136.17,True,0,0.0,False,16,4,NONE
1699,1791484226838,LTE,LOOPBACK_PUT_GET,85.27,433.13,518.40,True,1,0.0,False,16,8,NONE
1700,1791484226838,LTE,LOOPBACK_PUT_GET,310.04,94.19,404.23,True,0,0.0,False,16,5,NONE
1701,1791484226838,LTE,LOOPBACK_PUT_GET,41.10,70.56,111.65,True,0,0.0,False,16,6,NONE
1702,1791484226838,LTE,LOOPBACK_PUT_GET,451.81,67.12,518.93,True,1,0.0,False,16,3,NONE
1703,1791484226838,LTE,LOOPBACK_PUT_GET,55.21,68.42,123.63,True,0,0.0,False,16,6,NONE
1704,1791484226838,LTE,LOOPBACK_PUT_GET,40.27,266.42,306.69,True,0,0.0,False,16,4,NONE
1705,1791484226838,LTE,LOOPBACK_PUT_GET,60.91,244.89,305.79,True,0,0.0,False,16,5,NONE
1706,1791484226838,LTE,LOOPBACK_PUT_GET,281.53,96.57,378.11,True,0,0.0,False,16,3,NONE
1707,1791484226838,LTE,LOOPBACK_PUT_GET,42.28,90.00,132.28,True,0,0.0,False,16,5,NONE
1708,1791484226838,LTE,LOOPBACK_PUT_GET,62.90,51.87,114.77,True,0,0.0,False,16,5,NONE
1709,1791484226838,LTE,LOOPBACK_PUT_GET,449.84,0.00,449.84,False,1,0.0,False,16,0,PUT_TIMEOUT
1710,1791484226838,LTE,LOOPBACK_PUT_GET,216.12,74.56,290.68,True,0,0.0,False,16,3,NONE
1711,1791484226838,LTE,LOOPBACK_PUT_GET,77.33,46.92,124.24,True,0,0.0,False,16,8,NONE
1712,1791484226838,LTE,LOOPBACK_PUT_GET,89.61,74.05,163.66,True,0,0.0,False,16,5,NONE
1713,1791484226838,LTE,LOOPBACK_PUT_GET,45.22,38.14,83.36,True,0,0.0,False,16,7,NONE
1714,1791484226838,LTE,LOOPBACK_PUT_GET,53.95,366.51,420.46,True,0,0.0,False,16,8,NONE
1715,1791484226838,LTE,LOOPBACK_PUT_GET,45.32,48.15,93.47,True,0,0.0,False,16,4,NONE
1716,1791484226838,LTE,LOOPBACK_PUT_GET,55.05,33.28,88.32,True,0,0.0,False,16,4,NONE
1717,1791484226838,LTE,LOOPBACK_PUT_GET,252.62,49.32,301.93,True,0,0.0,False,16,4,NONE
1718,1791484226838,LTE,LOOPBACK_PUT_GET,39.98,73.33,113.31,True,0,0.0,False,16,4,NONE
1719,1791484226838,LTE,LOOPBACK_PUT_GET,54.91,64.01,118.92,True,0,0.0,False,16,6,NONE
1720,1791484226838,LTE,LOOPBACK_PUT_GET,34.99,87.11,122.10,True,0,0.0,False,16,5,NONE
1721,1791484226838,LTE,LOOPBACK_PUT_GET,38.00,92.11,130.10,True,0,0.0,False,16,7,NONE
1722,1791484226838,LTE,LOOPBACK_PUT_GET,56.09,89.46,145.55,True,0,0.0,False,16,4,NONE
1723,1791484226838,LTE,LOOPBACK_PUT_GET,332.28,52.08,384.35,True,0,0.0,False,16,7,NONE
1724,1791484226838,LTE,LOOPBACK_PUT_GET,52.88,83.73,136.61,True,0,0.0,False,16,8,NONE
1725,1791484226838,LTE,LOOPBACK_PUT_GET,87.11,80.71,167.82,True,0,0.0,False,16,3,NONE
1726,1791484226838,LTE,LOOPBACK_PUT_GET,41.50,88.23,129.72,True,0,0.0,False,16,6,NONE
1727,1791484226838,LTE,LOOPBACK_PUT_GET,93.58,36.73,130.32,True,0,0.0,False,16,3,NONE
1728,1791484226838,LTE,LOOPBACK_PUT_GET,196.38,102.40,298.79,True,0,0.0,False,16,5,NONE
1729,1791484226838,LTE,LOOPBACK_PUT_GET,52.98,238.92,291.90,True,0,0.0,False,16,6,NONE
1730,1791484226838,LTE,LOOPBACK_PUT_GET,71.69,72.86,144.55,True,0,0.0,False,16,6,NONE
1731,1791484226838,LTE,LOOPBACK_PUT_GET,360.58,47.78,408.36,True,0,0.0,False,16,6,NONE
1732,1791484226838,LTE,LOOPBACK_PUT_GET,56.43,79.71,136.13,True,0,0.0,False,16,5,NONE
1733,1791484226838,LTE,LOOPBACK_PUT_GET,220.33,66.53,286.86,True,0,0.0,False,16,6,NONE
1734,1791484226838,LTE,LOOPBACK_PUT_GET,89.88,37.14,127.01,True,0,0.0,False,16,3,NONE
1735,1791484226838,LTE,LOOPBACK_PUT_GET,79.68,66.87,146.55,True,0,0.0,False,16,6,NONE
1736,1791484226838,LTE,LOOPBACK_PUT_GET,34.77,169.74,204.51,True,0,0.0,False,16,8,NONE
1737,1791484226838,LTE,LOOPBACK_PUT_GET,86.83,65.89,152.73,True,0,0.0,False,16,6,NONE
1738,1791484226838,LTE,LOOPBACK_PUT_GET,53.90,59.67,113.57,True,0,0.0,False,16,7,NONE
1739,1791484226838,LTE,LOOPBACK_PUT_GET,75.18,89.03,164.21,True,0,0.0,False,16,7,NONE
1740,1791484226838,LTE,LOOPBACK_PUT_GET,102.39,354.12,456.51,True,0,0.0,False,16,4,NONE
1741,1791484226838,LTE,LOOPBACK_PUT_GET,45.00,295.14,340.14,True,0,0.0,False,16,6,NONE
1742,1791484226838,LTE,LOOPBACK_PUT_GET,36.85,434.66,471.51,True,1,0.0,False,16,3,NONE
1743,1791484226838,LTE,LOOPBACK_PUT_GET,62.37,52.03,114.40,True,0,0.0,False,16,4,NONE
1744,1791484226838,LTE,LOOPBACK_PUT_GET,85.77,96.81,182.58,True,0,0.0,False,16,6,NONE
1745,1791484226838,LTE,LOOPBACK_PUT_GET,58.26,328.70,386.96,True,0,0.0,False,16,8,NONE
1746,1791484226838,LTE,LOOPBACK_PUT_GET,85.19,58.33,143.52,True,0,0.0,False,16,6,NONE
1747,1791484226838,LTE,LOOPBACK_PUT_GET,39.82,73.83,113.65,True,0,0.0,False,16,6,NONE
1748,1791484226838,LTE,LOOPBACK_PUT_GET,79.92,89.99,169.91,True,0,0.0,False,16,6,NONE
1749,1791484226838,LTE,LOOPBACK_PUT_GET,55.03,34.25,89.28,True,0,0.0,False,16,8,NONE
1750,1791484226838,LTE,LOOPBACK_PUT_GET,73.75,52.30,126.06,True,0,0.0,False,16,4,NONE
1751,1791484226838,LTE,LOOPBACK_PUT_GET,60.63,312.68,373.31,True,0,0.0,False,16,4,NONE
1752,1791484226838,LTE,LOOPBACK_PUT_GET,67.89,71.26,139.15,True,0,0.0,False,16,3,NONE
1753,1791484226838,LTE,LOOPBACK_PUT_GET,97.44,94.22,191.66,True,0,0.0,False,16,7,NONE
1754,1791484226838,LTE,LOOPBACK_PUT_GET,58.04,76.12,134.15,True,0,0.0,False,16,6,NONE
1755,1791484226838,LTE,LOOPBACK_PUT_GET,208.10,91.44,299.54,True,0,0.0,False,16,5,NONE
1756,1791484226838,LTE,LOOPBACK_PUT_GET,228.50,45.13,273.63,True,0,0.0,False,16,4,NONE
1757,1791484226838,LTE,LOOPBACK_PUT_GET,41.20,292.04,333.24,True,0,0.0,False,16,5,NONE
1758,1791484226838,LTE,LOOPBACK_PUT_GET,95.84,81.15,176.99,True,0,0.0,False,16,6,NONE
1759,1791484226838,LTE,LOOPBACK_PUT_GET,33.08,88.40,121.48,True,0,0.0,False,16,5,NONE
1760,1791484226838,LTE,LOOPBACK_PUT_GET,47.84,459.69,507.52,True,1,0.0,False,16,6,NONE
1761,1791484226838,LTE,LOOPBACK_PUT_GET,48.29,91.39,139.68,True,0,0.0,False,16,4,NONE
1762,1791484226838,LTE,LOOPBACK_PUT_GET,85.34,45.23,130.56,True,0,0.0,False,16,4,NONE
1763,1791484226838,LTE,LOOPBACK_PUT_GET,762.84,102.78,865.61,True,1,0.0,False,16,5,NONE
1764,1791484226838,LTE,LOOPBACK_PUT_GET,86.10,36.65,122.74,True,0,0.0,False,16,4,NONE
1765,1791484226838,LTE,LOOPBACK_PUT_GET,44.59,63.81,108.40,True,0,0.0,False,16,8,NONE
1766,1791484226838,LTE,LOOPBACK_PUT_GET,195.27,45.26,240.53,True,0,0.0,False,16,3,NONE
1767,1791484226838,LTE,LOOPBACK_PUT_GET,66.95,92.69,159.64,True,0,0.0,False,16,4,NONE
1768,1791484226838,LTE,LOOPBACK_PUT_GET,92.90,85.24,178.13,True,0,0.0,False,16,5,NONE
1769,1791484226838,LTE,LOOPBACK_PUT_GET,54.86,52.30,107.16,True,0,0.0,False,16,6,NONE
1770,1791484226838,LTE,LOOPBACK_PUT_GET,47.45,94.35,141.80,True,0,0.0,False,16,4,NONE
1771,1791484226838,LTE,LOOPBACK_PUT_GET,95.78,322.57,418.35,True,0,0.0,False,16,3,NONE
1772,1791484226838,LTE,LOOPBACK_PUT_GET,76.30,74.08,150.38,True,0,0.0,False,16,5,NONE
1773,1791484226838,LTE,LOOPBACK_PUT_GET,38.91,52.87,91.78,True,0,0.0,False,16,6,NONE
1774,1791484226838,LTE,LOOPBACK_PUT_GET,34.16,44.66,78.82,True,0,0.0,False,16,6,NONE
1775,1791484226838,LTE,LOOPBACK_PUT_GET,101.14,88.90,190.05,True,0,0.0,False,16,8,NONE
1776,1791484226838,LTE,LOOPBACK_PUT_GET,263.38,344.45,607.83,True,0,0.0,False,16,8,NONE
1777,1791484226838,LTE,LOOPBACK_PUT_GET,53.79,355.46,409.25,True,0,0.0,False,16,8,NONE
1778,1791484226838,LTE,LOOPBACK_PUT_GET,59.00,77.37,136.37,True,0,0.0,False,16,3,NONE
1779,1791484226838,LTE,LOOPBACK_PUT_GET,59.48,35.25,94.72,True,0,0.0,False,16,6,NONE
1780,1791484226838,LTE,LOOPBACK_PUT_GET,71.09,257.19,328.27,True,0,0.0,False,16,6,NONE
1781,1791484226838,LTE,LOOPBACK_PUT_GET,98.41,282.62,381.03,True,0,0.0,False,16,4,NONE
1782,1791484226838,LTE,LOOPBACK_PUT_GET,77.06,64.93,141.99,True,0,0.0,False,16,5,NONE
1783,1791484226838,LTE,LOOPBACK_PUT_GET,93.56,102.41,195.97,True,0,0.0,False,16,6,NONE
1784,1791484226838,LTE,LOOPBACK_PUT_GET,46.03,99.64,145.67,True,0,0.0,False,16,8,NONE
1785,1791484226838,LTE,LOOPBACK_PUT_GET,53.59,70.89,124.48,True,0,0.0,False,16,4,NONE
1786,1791484226838,LTE,LOOPBACK_PUT_GET,242.51,99.68,342.19,True,0,0.0,False,16,8,NONE
1787,1791484226838,LTE,LOOPBACK_PUT_GET,246.14,281.95,528.09,True,0,0.0,False,16,3,NONE
1788,1791484226838,LTE,LOOPBACK_PUT_GET,101.91,41.07,142.97,True,0,0.0,False,16,3,NONE
1789,1791484226838,LTE,LOOPBACK_PUT_GET,73.11,65.75,138.86,True,0,0.0,False,16,3,NONE
1790,1791484226838,LTE,LOOPBACK_PUT_GET,80.16,60.66,140.82,True,0,0.0,False,16,4,NONE
1791,1791484226838,LTE,LOOPBACK_PUT_GET,66.61,40.18,106.80,True,0,0.0,False,16,4,NONE
1792,1791484226838,LTE,LOOPBACK_PUT_GET,44.04,53.13,97.16,True,0,0.0,False,16,5,NONE
1793,1791484226838,LTE,LOOPBACK_PUT_GET,195.13,54.74,249.87,True,0,0.0,False,16,3,NONE
1794,1791484226838,LTE,LOOPBACK_PUT_GET,60.43,77.20,137.63,True,0,0.0,False,16,7,NONE
1795,1791484226838,LTE,LOOPBACK_PUT_GET,55.99,62.35,118.34,True,0,0.0,False,16,7,NONE
1796,1791484226838,LTE,LOOPBACK_PUT_GET,80.05,353.31,433.36,True,0,0.0,False,16,3,NONE
1797,1791484226838,LTE,LOOPBACK_PUT_GET,81.72,70.64,152.37,True,0,0.0,False,16,3,NONE
1798,1791484226838,LTE,LOOPBACK_PUT_GET,55.38,57.02,112.40,True,0,0.0,False,16,3,NONE
1799,1791484226838,LTE,LOOPBACK_PUT_GET,235.11,40.65,275.76,True,0,0.0,False,16,8,NONE
1800,1791484226838,LTE,LOOPBACK_PUT_GET,94.07,277.53,371.60,True,0,0.0,False,16,8,NONE
1801,1791484226838,LTE,LOOPBACK_PUT_GET,73.81,51.18,124.98,True,0,0.0,False,16,3,NONE
1802,1791484226838,LTE,LOOPBACK_PUT_GET,79.10,81.71,160.81,True,0,0.0,False,16,8,NONE
1803,1791484226838,LTE,LOOPBACK_PUT_GET,72.20,89.51,161.71,True,0,0.0,False,16,4,NONE
1804,1791484226838,LTE,LOOPBACK_PUT_GET,46.98,61.61,108.59,True,0,0.0,False,16,5,NONE
1805,1791484226838,LTE,LOOPBACK_PUT_GET,64.56,568.49,633.05,False,1,0.0,False,16,7,GET_TIMEOUT
1806,1791484226838,LTE,LOOPBACK_PUT_GET,36.21,41.27,77.48,True,0,0.0,False,16,5,NONE
1807,1791484226838,LTE,LOOPBACK_PUT_GET,61.30,74.39,135.69,True,0,0.0,False,16,3,NONE
1808,1791484226838,LTE,LOOPBACK_PUT_GET,87.99,46.65,134.64,True,0,0.0,False,16,5,NONE
1809,1791484226838,LTE,LOOPBACK_PUT_GET,74.35,89.99,164.34,True,0,0.0,False,16,4,NONE
1810,1791484226838,LTE,LOOPBACK_PUT_GET,52.49,36.35,88.84,True,0,0.0,False,16,4,NONE
1811,1791484226838,LTE,LOOPBACK_PUT_GET,94.31,263.65,357.95,True,0,0.0,False,16,4,NONE
1812,1791484226838,LTE,LOOPBACK_PUT_GET,90.16,68.81,158.97,True,0,0.0,False,16,7,NONE
1813,1791484226838,LTE,LOOPBACK_PUT_GET,78.04,78.14,156.17,True,0,0.0,False,16,7,NONE
1814,1791484226838,LTE,LOOPBACK_PUT_GET,63.23,82.79,146.03,True,0,0.0,False,16,4,NONE
1815,1791484226838,LTE,LOOPBACK_PUT_GET,34.63,37.65,72.28,True,0,0.0,False,16,6,NONE
1816,1791484226838,LTE,LOOPBACK_PUT_GET,210.80,89.99,300.79,True,0,0.0,False,16,5,NONE
1817,1791484226838,LTE,LOOPBACK_PUT_GET,59.87,222.53,282.40,True,0,0.0,False,16,3,NONE
1818,1791484226838,LTE,LOOPBACK_PUT_GET,68.19,75.81,143.99,True,0,0.0,False,16,7,NONE
1819,1791484226838,LTE,LOOPBACK_PUT_GET,101.94,85.68,187.62,True,0,0.0,False,16,3,NONE
1820,1791484226838,LTE,LOOPBACK_PUT_GET,46.99,47.64,94.63,True,0,0.0,False,16,5,NONE
1821,1791484226838,LTE,LOOPBACK_PUT_GET,59.43,33.30,92.73,True,0,0.0,False,16,5,NONE
1822,1791484226838,LTE,LOOPBACK_PUT_GET,73.60,72.29,145.89,True,0,0.0,False,16,4,NONE
1823,1791484226838,LTE,LOOPBACK_PUT_GET,89.64,42.90,132.54,True,0,0.0,False,16,6,NONE
1824,1791484226838,LTE,LOOPBACK_PUT_GET,68.59,54.91,123.50,True,0,0.0,False,16,7,NONE
1825,1791484226838,LTE,LOOPBACK_PUT_GET,99.28,98.86,198.14,True,0,0.0,False,16,4,NONE
1826,1791484226838,LTE,LOOPBACK_PUT_GET,89.93,92.86,182.79,True,0,0.0,False,16,5,NONE
1827,1791484226838,LTE,LOOPBACK_PUT_GET,303.66,33.11,336.77,True,0,0.0,False,16,7,NONE
1828,1791484226838,LTE,LOOPBACK_PUT_GET,60.86,439.78,500.64,True,1,0.0,False,16,7,NONE
1829,1791484226838,LTE,LOOPBACK_PUT_GET,74.83,69.08,143.91,True,0,0.0,False,16,5,NONE
1830,1791484226838,LTE,LOOPBACK_PUT_GET,39.37,90.15,129.52,True,0,0.0,False,16,8,NONE
1831,1791484226838,LTE,LOOPBACK_PUT_GET,90.54,39.23,129.77,True,0,0.0,False,16,7,NONE
1832,1791484226838,LTE,LOOPBACK_PUT_GET,99.19,61.99,161.18,True,0,0.0,False,16,5,NONE
1833,1791484226838,LTE,LOOPBACK_PUT_GET,99.56,39.79,139.34,True,0,0.0,False,16,5,NONE
1834,1791484226838,LTE,LOOPBACK_PUT_GET,62.56,65.75,128.32,True,0,0.0,False,16,4,NONE
1835,1791484226838,LTE,LOOPBACK_PUT_GET,78.40,59.61,138.01,True,0,0.0,False,16,7,NONE
1836,1791484226838,LTE,LOOPBACK_PUT_GET,44.24,56.30,100.54,True,0,0.0,False,16,3,NONE
1837,1791484226838,LTE,LOOPBACK_PUT_GET,34.56,290.02,324.58,True,0,0.0,False,16,5,NONE
1838,1791484226838,LTE,LOOPBACK_PUT_GET,66.71,35.66,102.37,True,0,0.0,False,16,6,NONE
1839,1791484226838,LTE,LOOPBACK_PUT_GET,65.54,183.55,249.09,True,0,0.0,False,16,5,NONE
1840,1791484226838,LTE,LOOPBACK_PUT_GET,38.82,354.15,392.96,True,0,0.0,False,16,4,NONE
1841,1791484226838,LTE,LOOPBACK_PUT_GET,63.01,98.40,161.41,True,0,0.0,False,16,8,NONE
1842,1791484226838,LTE,LOOPBACK_PUT_GET,87.80,55.21,143.01,True,0,0.0,False,16,5,NONE
1843,1791484226838,LTE,LOOPBACK_PUT_GET,53.39,73.99,127.38,True,0,0.0,False,16,4,NONE
1844,1791484226838,LTE,LOOPBACK_PUT_GET,64.60,81.46,146.06,True,0,0.0,False,16,5,NONE
1845,1791484226838,LTE,LOOPBACK_PUT_GET,78.03,100.94,178.97,True,0,0.0,False,16,7,NONE
1846,1791484226838,LTE,LOOPBACK_PUT_GET,66.81,85.45,152.26,True,0,0.0,False,16,8,NONE
1847,1791484226838,LTE,LOOPBACK_PUT_GET,79.39,249.02,328.41,True,0,0.0,False,16,8,NONE
1848,1791484226838,LTE,LOOPBACK_PUT_GET,33.88,300.06,333.95,True,0,0.0,False,16,8,NONE
1849,1791484226838,LTE,LOOPBACK_PUT_GET,35.77,49.01,84.77,True,0,0.0,False,16,7,NONE
1850,1791484226838,LTE,LOOPBACK_PUT_GET,94.41,63.96,158.36,True,0,0.0,False,16,3,NONE
1851,1791484226838,LTE,LOOPBACK_PUT_GET,91.36,77.06,168.42,True,0,0.0,False,16,5,NONE
1852,1791484226838,LTE,LOOPBACK_PUT_GET,49.21,74.34,123.55,True,0,0.0,False,16,3,NONE
1853,1791484226838,LTE,LOOPBACK_PUT_GET,236.48,97.39,333.87,True,0,0.0,False,16,7,NONE
1854,1791484226838,LTE,LOOPBACK_PUT_GET,84.48,253.48,337.96,True,0,0.0,False,16,5,NONE
1855,1791484226838,LTE,LOOPBACK_PUT_GET,67.12,72.09,139.21,True,0,0.0,False,16,8,NONE
1856,1791484226839,LTE,LOOPBACK_PUT_GET,67.40,84.75,152.15,True,0,0.0,False,16,3,NONE
1857,1791484226839,LTE,LOOPBACK_PUT_GET,99.14,59.83,158.96,True,0,0.0,False,16,6,NONE
1858,1791484226839,LTE,LOOPBACK_PUT_GET,60.15,62.92,123.07,True,0,0.0,False,16,4,NONE
1859,1791484226839,LTE,LOOPBACK_PUT_GET,197.95,90.94,288.89,True,0,0.0,False,16,4,NONE
1860,1791484226839,LTE,LOOPBACK_PUT_GET,70.63,64.90,135.53,True,0,0.0,False,16,7,NONE
1861,1791484226839,LTE,LOOPBACK_PUT_GET,45.00,85.48,130.49,True,0,0.0,False,16,8,NONE
1862,1791484226839,LTE,LOOPBACK_PUT_GET,88.94,88.59,177.53,True,0,0.0,False,16,3,NONE
1863,1791484226839,LTE,LOOPBACK_PUT_GET,65.16,69.25,134.41,True,0,0.0,False,16,4,NONE
1864,1791484226839,LTE,LOOPBACK_PUT_GET,227.74,49.43,277.17,True,0,0.0,False,16,8,NONE
1865,1791484226839,LTE,LOOPBACK_PUT_GET,86.96,47.64,134.60,True,0,0.0,False,16,8,NONE
1866,1791484226839,LTE,LOOPBACK_PUT_GET,220.88,62.91,283.79,True,0,0.0,False,16,4,NONE
1867,1791484226839,LTE,LOOPBACK_PUT_GET,487.62,489.49,977.11,True,2,0.0,False,16,3,NONE
1868,1791484226839,LTE,LOOPBACK_PUT_GET,48.09,101.70,149.79,True,0,0.0,False,16,8,NONE
1869,1791484226839,LTE,LOOPBACK_PUT_GET,100.89,64.29,165.18,True,0,0.0,False,16,7,NONE
1870,1791484226839,LTE,LOOPBACK_PUT_GET,91.60,96.98,188.58,True,0,0.0,False,16,4,NONE
1871,1791484226839,LTE,LOOPBACK_PUT_GET,84.71,101.95,186.66,True,0,0.0,False,16,5,NONE
1872,1791484226839,LTE,LOOPBACK_PUT_GET,173.40,54.53,227.93,True,0,0.0,False,16,5,NONE
1873,1791484226839,LTE,LOOPBACK_PUT_GET,257.28,100.24,357.53,True,0,0.0,False,16,8,NONE
1874,1791484226839,LTE,LOOPBACK_PUT_GET,282.38,75.46,357.84,True,0,0.0,False,16,8,NONE
1875,1791484226839,LTE,LOOPBACK_PUT_GET,46.29,78.81,125.10,True,0,0.0,False,16,5,NONE
1876,1791484226839,LTE,LOOPBACK_PUT_GET,46.33,98.55,144.87,True,0,0.0,False,16,6,NONE
1877,1791484226839,LTE,LOOPBACK_PUT_GET,92.78,47.48,140.25,True,0,0.0,False,16,6,NONE
1878,1791484226839,LTE,LOOPBACK_PUT_GET,59.64,55.18,114.82,True,0,0.0,False,16,8,NONE
1879,1791484226839,LTE,LOOPBACK_PUT_GET,481.38,63.40,544.78,True,1,0.0,False,16,8,NONE
1880,1791484226839,LTE,LOOPBACK_PUT_GET,87.45,74.52,161.97,True,0,0.0,False,16,6,NONE
1881,1791484226839,LTE,LOOPBACK_PUT_GET,41.25,43.99,85.23,True,0,0.0,False,16,5,NONE
1882,1791484226839,LTE,LOOPBACK_PUT_GET,47.43,100.75,148.18,True,0,0.0,False,16,8,NONE
1883,1791484226839,LTE,LOOPBACK_PUT_GET,53.30,57.44,110.74,True,0,0.0,False,16,3,NONE
1884,1791484226839,LTE,LOOPBACK_PUT_GET,78.71,52.08,130.79,True,0,0.0,False,16,7,NONE
1885,1791484226839,LTE,LOOPBACK_PUT_GET,81.23,92.74,173.97,True,0,0.0,False,16,7,NONE
1886,1791484226839,LTE,LOOPBACK_PUT_GET,101.37,44.30,145.67,True,0,0.0,False,16,4,NONE
1887,1791484226839,LTE,LOOPBACK_PUT_GET,62.86,78.61,141.48,True,0,0.0,False,16,4,NONE
1888,1791484226839,LTE,LOOPBACK_PUT_GET,54.30,87.87,142.17,True,0,0.0,False,16,5,NONE
1889,1791484226839,LTE,LOOPBACK_PUT_GET,66.58,100.39,166.97,True,0,0.0,False,16,6,NONE
1890,1791484226839,LTE,LOOPBACK_PUT_GET,80.22,58.83,139.04,True,0,0.0,False,16,8,NONE
1891,1791484226839,LTE,LOOPBACK_PUT_GET,87.18,265.67,352.85,True,0,0.0,False,16,4,NONE
1892,1791484226839,LTE,LOOPBACK_PUT_GET,330.87,76.85,407.72,True,0,0.0,False,16,6,NONE
1893,1791484226839,LTE,LOOPBACK_PUT_GET,53.39,51.36,104.76,True,0,0.0,False,16,4,NONE
1894,1791484226839,LTE,LOOPBACK_PUT_GET,51.36,78.62,129.98,True,0,0.0,False,16,7,NONE
1895,1791484226839,LTE,LOOPBACK_PUT_GET,57.99,51.54,109.52,True,0,0.0,False,16,3,NONE
1896,1791484226839,LTE,LOOPBACK_PUT_GET,60.66,240.37,301.03,True,0,0.0,False,16,7,NONE
1897,1791484226839,LTE,LOOPBACK_PUT_GET,35.82,38.43,74.25,True,0,0.0,False,16,5,NONE
1898,1791484226839,LTE,LOOPBACK_PUT_GET,89.16,49.86,139.02,True,0,0.0,False,16,3,NONE
1899,1791484226839,LTE,LOOPBACK_PUT_GET,89.64,208.59,298.23,True,0,0.0,False,16,4,NONE
1900,1791484226839,LTE,LOOPBACK_PUT_GET,62.92,45.78,108.69,True,0,0.0,False,16,4,NONE
1901,1791484226839,LTE,LOOPBACK_PUT_GET,75.25,44.88,120.12,True,0,0.0,False,16,6,NONE
1902,1791484226839,LTE,LOOPBACK_PUT_GET,52.05,589.59,641.64,True,1,0.0,False,16,5,NONE
1903,1791484226839,LTE,LOOPBACK_PUT_GET,42.59,55.39,97.98,True,0,0.0,False,16,4,NONE
1904,1791484226839,LTE,LOOPBACK_PUT_GET,331.13,191.97,523.10,True,0,0.0,False,16,3,NONE
1905,1791484226839,LTE,LOOPBACK_PUT_GET,47.85,434.05,481.90,True,1,0.0,False,16,7,NONE
1906,1791484226839,LTE,LOOPBACK_PUT_GET,62.29,500.79,563.08,True,1,0.0,False,16,4,NONE
1907,1791484226839,LTE,LOOPBACK_PUT_GET,69.40,287.23,356.63,True,0,0.0,False,16,6,NONE
1908,1791484226839,LTE,LOOPBACK_PUT_GET,98.15,476.52,574.67,True,1,0.0,False,16,7,NONE
1909,1791484226839,LTE,LOOPBACK_PUT_GET,85.87,56.40,142.27,True,0,0.0,False,16,4,NONE
1910,1791484226839,LTE,LOOPBACK_PUT_GET,91.04,55.13,146.17,True,0,0.0,False,16,4,NONE
1911,1791484226839,LTE,LOOPBACK_PUT_GET,666.66,53.20,719.86,True,1,0.0,False,16,5,NONE
1912,1791484226839,LTE,LOOPBACK_PUT_GET,79.11,69.25,148.36,True,0,0.0,False,16,8,NONE
1913,1791484226839,LTE,LOOPBACK_PUT_GET,66.28,77.59,143.87,True,0,0.0,False,16,8,NONE
1914,1791484226839,LTE,LOOPBACK_PUT_GET,311.72,57.57,369.29,True,0,0.0,False,16,5,NONE
1915,1791484226839,LTE,LOOPBACK_PUT_GET,60.46,323.83,384.29,True,0,0.0,False,16,6,NONE
1916,1791484226839,LTE,LOOPBACK_PUT_GET,92.12,496.08,588.20,True,1,0.0,False,16,3,NONE
1917,1791484226839,LTE,LOOPBACK_PUT_GET,40.28,93.35,133.64,True,0,0.0,False,16,3,NONE
1918,1791484226839,LTE,LOOPBACK_PUT_GET,317.28,454.49,771.77,True,1,0.0,False,16,7,NONE
1919,1791484226839,LTE,LOOPBACK_PUT_GET,70.63,80.72,151.35,True,0,0.0,False,16,8,NONE
1920,1791484226839,LTE,LOOPBACK_PUT_GET,79.03,66.28,145.31,True,0,0.0,False,16,8,NONE
1921,1791484226839,LTE,LOOPBACK_PUT_GET,282.17,85.96,368.13,True,0,0.0,False,16,4,NONE
1922,1791484226839,LTE,LOOPBACK_PUT_GET,224.60,52.54,277.14,True,0,0.0,False,16,3,NONE
1923,1791484226839,LTE,LOOPBACK_PUT_GET,38.09,67.88,105.97,True,0,0.0,False,16,6,NONE
1924,1791484226839,LTE,LOOPBACK_PUT_GET,65.46,451.66,517.13,True,1,0.0,False,16,4,NONE
1925,1791484226839,LTE,LOOPBACK_PUT_GET,36.68,88.75,125.43,True,0,0.0,False,16,3,NONE
1926,1791484226839,LTE,LOOPBACK_PUT_GET,46.10,74.64,120.74,True,0,0.0,False,16,4,NONE
1927,1791484226839,LTE,LOOPBACK_PUT_GET,284.33,306.59,590.92,True,0,0.0,False,16,5,NONE
1928,1791484226839,LTE,LOOPBACK_PUT_GET,91.16,88.61,179.77,True,0,0.0,False,16,4,NONE
1929,1791484226839,LTE,LOOPBACK_PUT_GET,74.33,265.89,340.22,True,0,0.0,False,16,4,NONE
1930,1791484226839,LTE,LOOPBACK_PUT_GET,80.84,94.48,175.33,True,0,0.0,False,16,8,NONE
1931,1791484226839,LTE,LOOPBACK_PUT_GET,234.85,72.42,307.27,True,0,0.0,False,16,7,NONE
1932,1791484226839,LTE,LOOPBACK_PUT_GET,65.51,99.74,165.25,True,0,0.0,False,16,6,NONE
1933,1791484226839,LTE,LOOPBACK_PUT_GET,277.88,96.36,374.24,True,0,0.0,False,16,4,NONE
1934,1791484226839,LTE,LOOPBACK_PUT_GET,50.61,235.30,285.90,True,0,0.0,False,16,4,NONE
1935,1791484226839,LTE,LOOPBACK_PUT_GET,40.47,60.61,101.08,True,0,0.0,False,16,7,NONE
1936,1791484226839,LTE,LOOPBACK_PUT_GET,51.61,81.04,132.65,True,0,0.0,False,16,6,NONE
1937,1791484226839,LTE,LOOPBACK_PUT_GET,35.27,90.91,126.18,True,0,0.0,False,16,7,NONE
1938,1791484226839,LTE,LOOPBACK_PUT_GET,62.81,98.67,161.47,True,0,0.0,False,16,6,NONE
1939,1791484226839,LTE,LOOPBACK_PUT_GET,36.16,48.08,84.24,True,0,0.0,False,16,3,NONE
1940,1791484226839,LTE,LOOPBACK_PUT_GET,53.18,86.39,139.58,True,0,0.0,False,16,4,NONE
1941,1791484226839,LTE,LOOPBACK_PUT_GET,92.47,51.89,144.37,True,0,0.0,False,16,7,NONE
1942,1791484226839,LTE,LOOPBACK_PUT_GET,41.97,42.49,84.46,True,0,0.0,False,16,7,NONE
1943,1791484226839,LTE,LOOPBACK_PUT_GET,67.84,59.86,127.70,True,0,0.0,False,16,4,NONE
1944,1791484226839,LTE,LOOPBACK_PUT_GET,98.62,51.01,149.63,True,0,0.0,False,16,6,NONE
1945,1791484226839,LTE,LOOPBACK_PUT_GET,67.88,94.67,162.55,True,0,0.0,False,16,5,NONE
1946,1791484226839,LTE,LOOPBACK_PUT_GET,97.48,74.49,171.97,True,0,0.0,False,16,8,NONE
1947,1791484226839,LTE,LOOPBACK_PUT_GET,236.85,97.41,334.25,True,0,0.0,False,16,6,NONE
1948,1791484226839,LTE,LOOPBACK_PUT_GET,46.33,97.79,144.13,True,0,0.0,False,16,3,NONE
1949,1791484226839,LTE,LOOPBACK_PUT_GET,47.48,64.29,111.76,True,0,0.0,False,16,3,NONE
1950,1791484226839,LTE,LOOPBACK_PUT_GET,99.61,48.81,148.43,True,0,0.0,False,16,4,NONE
1951,1791484226839,LTE,LOOPBACK_PUT_GET,73.31,93.81,167.12,True,0,0.0,False,16,6,NONE
1952,1791484226839,LTE,LOOPBACK_PUT_GET,328.64,85.05,413.68,True,0,0.0,False,16,7,NONE
1953,1791484226839,LTE,LOOPBACK_PUT_GET,98.16,34.48,132.64,True,0,0.0,False,16,7,NONE
1954,1791484226839,LTE,LOOPBACK_PUT_GET,65.71,36.93,102.63,True,0,0.0,False,16,7,NONE
1955,1791484226839,LTE,LOOPBACK_PUT_GET,51.91,39.45,91.36,True,0,0.0,False,16,6,NONE
1956,1791484226839,LTE,LOOPBACK_PUT_GET,74.71,63.49,138.19,True,0,0.0,False,16,6,NONE
1957,1791484226839,LTE,LOOPBACK_PUT_GET,79.07,70.78,149.85,True,0,0.0,False,16,4,NONE
1958,1791484226839,LTE,LOOPBACK_PUT_GET,95.88,60.13,156.02,True,0,0.0,False,16,5,NONE
1959,1791484226839,LTE,LOOPBACK_PUT_GET,56.25,37.64,93.88,True,0,0.0,False,16,4,NONE
1960,1791484226839,LTE,LOOPBACK_PUT_GET,55.35,80.34,135.69,True,0,0.0,False,16,7,NONE
1961,1791484226839,LTE,LOOPBACK_PUT_GET,72.13,36.10,108.24,True,0,0.0,False,16,4,NONE
1962,1791484226839,LTE,LOOPBACK_PUT_GET,62.80,93.04,155.84,True,0,0.0,False,16,7,NONE
1963,1791484226839,LTE,LOOPBACK_PUT_GET,235.41,46.38,281.79,True,0,0.0,False,16,5,NONE
1964,1791484226839,LTE,LOOPBACK_PUT_GET,55.23,88.38,143.61,True,0,0.0,False,16,4,NONE
1965,1791484226839,LTE,LOOPBACK_PUT_GET,472.96,54.60,527.56,True,1,0.0,False,16,4,NONE
1966,1791484226839,LTE,LOOPBACK_PUT_GET,66.53,58.21,124.74,True,0,0.0,False,16,7,NONE
1967,1791484226839,LTE,LOOPBACK_PUT_GET,78.63,67.53,146.17,True,0,0.0,False,16,3,NONE
1968,1791484226839,LTE,LOOPBACK_PUT_GET,53.22,352.42,405.63,True,0,0.0,False,16,3,NONE
1969,1791484226839,LTE,LOOPBACK_PUT_GET,314.98,40.37,355.35,True,0,0.0,False,16,4,NONE
1970,1791484226839,LTE,LOOPBACK_PUT_GET,60.35,282.15,342.49,True,0,0.0,False,16,7,NONE
1971,1791484226839,LTE,LOOPBACK_PUT_GET,36.36,83.71,120.07,True,0,0.0,False,16,8,NONE
1972,1791484226839,LTE,LOOPBACK_PUT_GET,46.16,35.98,82.14,True,0,0.0,False,16,8,NONE
1973,1791484226839,LTE,LOOPBACK_PUT_GET,206.30,68.51,274.80,True,0,0.0,False,16,3,NONE
1974,1791484226839,LTE,LOOPBACK_PUT_GET,46.97,48.37,95.34,True,0,0.0,False,16,4,NONE
1975,1791484226839,LTE,LOOPBACK_PUT_GET,309.50,306.07,615.57,True,0,0.0,False,16,7,NONE
1976,1791484226839,LTE,LOOPBACK_PUT_GET,72.49,467.23,539.72,True,1,0.0,False,16,7,NONE
1977,1791484226839,LTE,LOOPBACK_PUT_GET,53.46,168.88,222.34,True,0,0.0,False,16,4,NONE
1978,1791484226839,LTE,LOOPBACK_PUT_GET,75.29,66.12,141.41,True,0,0.0,False,16,8,NONE
1979,1791484226839,LTE,LOOPBACK_PUT_GET,272.87,53.66,326.53,True,0,0.0,False,16,4,NONE
1980,1791484226839,LTE,LOOPBACK_PUT_GET,94.52,48.38,142.90,True,0,0.0,False,16,3,NONE
1981,1791484226839,LTE,LOOPBACK_PUT_GET,51.17,54.34,105.50,True,0,0.0,False,16,5,NONE
1982,1791484226839,LTE,LOOPBACK_PUT_GET,45.96,34.57,80.52,True,0,0.0,False,16,4,NONE
1983,1791484226839,LTE,LOOPBACK_PUT_GET,40.12,78.88,118.99,True,0,0.0,False,16,5,NONE
1984,1791484226839,LTE,LOOPBACK_PUT_GET,99.81,96.22,196.03,True,0,0.0,False,16,4,NONE
1985,1791484226839,LTE,LOOPBACK_PUT_GET,90.51,294.85,385.35,True,0,0.0,False,16,6,NONE
1986,1791484226839,LTE,LOOPBACK_PUT_GET,49.59,49.38,98.97,True,0,0.0,False,16,5,NONE
1987,1791484226839,LTE,LOOPBACK_PUT_GET,97.25,72.28,169.53,True,0,0.0,False,16,6,NONE
1988,1791484226839,LTE,LOOPBACK_PUT_GET,61.27,88.43,149.70,True,0,0.0,False,16,7,NONE
1989,1791484226839,LTE,LOOPBACK_PUT_GET,237.71,82.83,320.54,True,0,0.0,False,16,7,NONE
1990,1791484226839,LTE,LOOPBACK_PUT_GET,67.08,33.87,100.95,True,0,0.0,False,16,4,NONE
1991,1791484226839,LTE,LOOPBACK_PUT_GET,36.64,71.69,108.33,True,0,0.0,False,16,8,NONE
1992,1791484226839,LTE,LOOPBACK_PUT_GET,84.64,46.76,131.41,True,0,0.0,False,16,8,NONE
1993,1791484226839,LTE,LOOPBACK_PUT_GET,37.44,34.39,71.83,True,0,0.0,False,16,4,NONE
1994,1791484226839,LTE,LOOPBACK_PUT_GET,77.82,178.48,256.30,True,0,0.0,False,16,4,NONE
1995,1791484226839,LTE,LOOPBACK_PUT_GET,96.34,56.11,152.45,True,0,0.0,False,16,8,NONE
1996,1791484226839,LTE,LOOPBACK_PUT_GET,57.51,101.24,158.75,True,0,0.0,False,16,7,NONE
1997,1791484226839,LTE,LOOPBACK_PUT_GET,53.94,66.02,119.96,True,0,0.0,False,16,5,NONE
1998,1791484226839,LTE,LOOPBACK_PUT_GET,477.21,682.49,1159.69,True,2,0.0,False,16,6,NONE
1999,1791484226839,LTE,LOOPBACK_PUT_GET,34.64,47.78,82.42,True,0,0.0,False,16,6,NONE
2000,1791484226839,LTE,LOOPBACK_PUT_GET,74.89,75.61,150.50,True,0,0.0,False,16,8,NONE
2001,1791484226840,RESTRICTIVE_NAT,LOOPBACK_PUT_GET,100.44,521.60,622.04,True,1,0.0,False,16,7,NONE
2002,1791484226840,RESTRICTIVE_NAT,LOOPBACK_PUT_GET,68.52,159.33,227.85,True,0,0.0,False,16,5,NONE
2003,1791484226840,RESTRICTIVE_NAT,LOOPBACK_PUT_GET,170.74,155.21,325.95,True,0,0.0,False,16,6,NONE
2004,1791484226840,RESTRICTIVE_NAT,LOOPBACK_PUT_GET,92.02,119.48,211.50,True,0,0.0,False,16,4,NONE
2005,1791484226840,RESTRICTIVE_NAT,LOOPBACK_PUT_GET,1037.17,0.00,1037.17,False,1,0.0,False,16,0,PUT_TIMEOUT
2006,1791484226840,RESTRICTIVE_NAT,LOOPBACK_PUT_GET,71.57,151.06,222.63,True,0,0.0,False,16,4,NONE
2007,1791484226840,RESTRICTIVE_NAT,LOOPBACK_PUT_GET,329.61,64.00,393.61,True,0,0.0,False,16,7,NONE
2008,1791484226840,RESTRICTIVE_NAT,LOOPBACK_PUT_GET,291.75,123.26,415.02,True,0,0.0,False,16,6,NONE
2009,1791484226840,RESTRICTIVE_NAT,LOOPBACK_PUT_GET,79.19,75.12,154.30,True,0,0.0,False,16,6,NONE
2010,1791484226840,RESTRICTIVE_NAT,LOOPBACK_PUT_GET,560.42,521.73,1082.15,True,1,0.0,False,16,3,NONE
2011,1791484226840,RESTRICTIVE_NAT,LOOPBACK_PUT_GET,549.37,95.88,645.26,True,1,0.0,False,16,4,NONE
2012,1791484226840,RESTRICTIVE_NAT,LOOPBACK_PUT_GET,93.28,533.22,626.50,True,1,0.0,False,16,6,NONE
2013,1791484226840,RESTRICTIVE_NAT,LOOPBACK_PUT_GET,179.84,178.08,357.92,True,0,0.0,False,16,7,NONE
2014,1791484226840,RESTRICTIVE_NAT,LOOPBACK_PUT_GET,453.57,120.08,573.64,True,0,0.0,False,16,8,NONE
2015,1791484226840,RESTRICTIVE_NAT,LOOPBACK_PUT_GET,420.90,490.77,911.67,True,0,0.0,False,16,6,NONE
2016,1791484226840,RESTRICTIVE_NAT,LOOPBACK_PUT_GET,531.73,508.36,1040.09,True,0,0.0,False,16,6,NONE
2017,1791484226840,RESTRICTIVE_NAT,LOOPBACK_PUT_GET,80.14,365.17,445.31,True,0,0.0,False,16,4,NONE
2018,1791484226840,RESTRICTIVE_NAT,LOOPBACK_PUT_GET,386.47,124.62,511.10,True,0,0.0,False,16,3,NONE
2019,1791484226840,RESTRICTIVE_NAT,LOOPBACK_PUT_GET,94.94,51.03,145.97,True,0,0.0,False,16,7,NONE
2020,1791484226840,RESTRICTIVE_NAT,LOOPBACK_PUT_GET,161.42,57.90,219.32,True,0,0.0,False,16,7,NONE
2021,1791484226840,RESTRICTIVE_NAT,LOOPBACK_PUT_GET,531.42,421.22,952.64,True,0,0.0,False,16,6,NONE
2022,1791484226840,RESTRICTIVE_NAT,LOOPBACK_PUT_GET,126.33,159.25,285.58,True,0,0.0,False,16,6,NONE
2023,1791484226840,RESTRICTIVE_NAT,LOOPBACK_PUT_GET,177.45,153.78,331.22,True,0,0.0,False,16,6,NONE
2024,1791484226840,RESTRICTIVE_NAT,LOOPBACK_PUT_GET,393.96,499.31,893.26,True,0,0.0,False,16,6,NONE
2025,1791484226840,RESTRICTIVE_NAT,LOOPBACK_PUT_GET,468.80,85.16,553.96,True,0,0.0,False,16,8,NONE
2026,1791484226840,RESTRICTIVE_NAT,LOOPBACK_PUT_GET,54.54,176.38,230.92,True,0,0.0,False,16,6,NONE
2027,1791484226840,RESTRICTIVE_NAT,LOOPBACK_PUT_GET,125.57,139.67,265.23,True,0,0.0,False,16,5,NONE
2028,1791484226840,RESTRICTIVE_NAT,LOOPBACK_PUT_GET,85.40,78.30,163.70,True,0,0.0,False,16,6,NONE
2029,1791484226840,RESTRICTIVE_NAT,LOOPBACK_PUT_GET,404.70,149.05,553.75,True,0,0.0,False,16,4,NONE
2030,1791484226840,RESTRICTIVE_NAT,LOOPBACK_PUT_GET,138.12,469.31,607.43,True,0,0.0,False,16,6,NONE
2031,1791484226840,RESTRICTIVE_NAT,LOOPBACK_PUT_GET,144.57,593.36,737.93,True,1,0.0,False,16,7,NONE
2032,1791484226840,RESTRICTIVE_NAT,LOOPBACK_PUT_GET,546.03,51.63,597.66,True,1,0.0,False,16,5,NONE
2033,1791484226840,RESTRICTIVE_NAT,LOOPBACK_PUT_GET,106.30,297.82,404.12,True,0,0.0,False,16,4,NONE
2034,1791484226840,RESTRICTIVE_NAT,LOOPBACK_PUT_GET,86.71,62.49,149.19,True,0,0.0,False,16,4,NONE
2035,1791484226840,RESTRICTIVE_NAT,LOOPBACK_PUT_GET,91.99,626.03,718.02,False,1,0.0,False,16,8,GET_TIMEOUT
2036,1791484226840,RESTRICTIVE_NAT,LOOPBACK_PUT_GET,316.59,976.93,1293.52,True,1,0.0,False,16,7,NONE
2037,1791484226840,RESTRICTIVE_NAT,LOOPBACK_PUT_GET,503.89,152.16,656.05,True,0,0.0,False,16,5,NONE
2038,1791484226840,RESTRICTIVE_NAT,LOOPBACK_PUT_GET,82.44,94.56,177.01,True,0,0.0,False,16,8,NONE
2039,1791484226840,RESTRICTIVE_NAT,LOOPBACK_PUT_GET,101.51,502.92,604.43,True,0,0.0,False,16,6,NONE
2040,1791484226840,RESTRICTIVE_NAT,LOOPBACK_PUT_GET,140.96,178.70,319.66,True,0,0.0,False,16,3,NONE
2041,1791484226840,RESTRICTIVE_NAT,LOOPBACK_PUT_GET,169.21,115.65,284.86,True,0,0.0,False,16,8,NONE
2042,1791484226840,RESTRICTIVE_NAT,LOOPBACK_PUT_GET,108.45,239.19,347.64,True,0,0.0,False,16,5,NONE
2043,1791484226840,RESTRICTIVE_NAT,LOOPBACK_PUT_GET,153.56,62.73,216.29,True,0,0.0,False,16,5,NONE
2044,1791484226840,RESTRICTIVE_NAT,LOOPBACK_PUT_GET,121.24,123.08,244.31,True,0,0.0,False,16,3,NONE
2045,1791484226840,RESTRICTIVE_NAT,LOOPBACK_PUT_GET,50.99,161.40,212.39,True,0,0.0,False,16,3,NONE
2046,1791484226840,RESTRICTIVE_NAT,LOOPBACK_PUT_GET,121.36,90.85,212.21,True,0,0.0,False,16,3,NONE
2047,1791484226840,RESTRICTIVE_NAT,LOOPBACK_PUT_GET,93.01,108.10,201.11,True,0,0.0,False,16,3,NONE
2048,1791484226840,RESTRICTIVE_NAT,LOOPBACK_PUT_GET,72.97,416.42,489.39,True,0,0.0,False,16,5,NONE
2049,1791484226840,RESTRICTIVE_NAT,LOOPBACK_PUT_GET,56.58,635.74,692.33,True,1,0.0,False,16,4,NONE
2050,1791484226840,RESTRICTIVE_NAT,LOOPBACK_PUT_GET,118.10,559.75,677.85,True,1,0.0,False,16,3,NONE
2051,1791484226840,RESTRICTIVE_NAT,LOOPBACK_PUT_GET,121.30,148.32,269.62,True,0,0.0,False,16,3,NONE
2052,1791484226840,RESTRICTIVE_NAT,LOOPBACK_PUT_GET,98.36,109.07,207.43,True,0,0.0,False,16,4,NONE
2053,1791484226840,RESTRICTIVE_NAT,LOOPBACK_PUT_GET,70.37,93.13,163.50,True,0,0.0,False,16,6,NONE
2054,1791484226840,RESTRICTIVE_NAT,LOOPBACK_PUT_GET,332.34,95.46,427.80,True,0,0.0,False,16,3,NONE
2055,1791484226840,RESTRICTIVE_NAT,LOOPBACK_PUT_GET,74.97,100.54,175.52,True,0,0.0,False,16,6,NONE
2056,1791484226840,RESTRICTIVE_NAT,LOOPBACK_PUT_GET,115.54,163.64,279.18,True,0,0.0,False,16,4,NONE
2057,1791484226840,RESTRICTIVE_NAT,LOOPBACK_PUT_GET,160.19,630.36,790.55,True,1,0.0,False,16,6,NONE
2058,1791484226840,RESTRICTIVE_NAT,LOOPBACK_PUT_GET,136.74,364.33,501.07,True,0,0.0,False,16,7,NONE
2059,1791484226840,RESTRICTIVE_NAT,LOOPBACK_PUT_GET,474.30,154.40,628.70,True,0,0.0,False,16,8,NONE
2060,1791484226840,RESTRICTIVE_NAT,LOOPBACK_PUT_GET,135.41,60.91,196.32,True,0,0.0,False,16,7,NONE
2061,1791484226840,RESTRICTIVE_NAT,LOOPBACK_PUT_GET,70.93,70.31,141.24,True,0,0.0,False,16,6,NONE
2062,1791484226840,RESTRICTIVE_NAT,LOOPBACK_PUT_GET,86.89,118.74,205.63,True,0,0.0,False,16,6,NONE
2063,1791484226840,RESTRICTIVE_NAT,LOOPBACK_PUT_GET,134.22,92.20,226.43,True,0,0.0,False,16,6,NONE
2064,1791484226840,RESTRICTIVE_NAT,LOOPBACK_PUT_GET,138.54,170.33,308.87,True,0,0.0,False,16,5,NONE
2065,1791484226840,RESTRICTIVE_NAT,LOOPBACK_PUT_GET,102.36,125.28,227.64,True,0,0.0,False,16,7,NONE
2066,1791484226840,RESTRICTIVE_NAT,LOOPBACK_PUT_GET,484.11,122.09,606.20,True,0,0.0,False,16,4,NONE
2067,1791484226840,RESTRICTIVE_NAT,LOOPBACK_PUT_GET,297.87,52.26,350.13,True,0,0.0,False,16,7,NONE
2068,1791484226840,RESTRICTIVE_NAT,LOOPBACK_PUT_GET,172.61,559.95,732.57,True,1,0.0,False,16,5,NONE
2069,1791484226840,RESTRICTIVE_NAT,LOOPBACK_PUT_GET,546.40,425.04,971.44,True,1,0.0,False,16,6,NONE
2070,1791484226840,RESTRICTIVE_NAT,LOOPBACK_PUT_GET,142.95,378.43,521.38,True,0,0.0,False,16,4,NONE
2071,1791484226840,RESTRICTIVE_NAT,LOOPBACK_PUT_GET,176.76,103.18,279.94,True,0,0.0,False,16,5,NONE
2072,1791484226840,RESTRICTIVE_NAT,LOOPBACK_PUT_GET,88.08,146.61,234.69,True,0,0.0,False,16,5,NONE
2073,1791484226840,RESTRICTIVE_NAT,LOOPBACK_PUT_GET,396.84,148.87,545.70,True,0,0.0,False,16,4,NONE
2074,1791484226840,RESTRICTIVE_NAT,LOOPBACK_PUT_GET,118.18,78.68,196.86,True,0,0.0,False,16,4,NONE
2075,1791484226840,RESTRICTIVE_NAT,LOOPBACK_PUT_GET,427.93,370.50,798.43,True,0,0.0,False,16,4,NONE
2076,1791484226840,RESTRICTIVE_NAT,LOOPBACK_PUT_GET,493.94,538.56,1032.50,True,1,0.0,False,16,4,NONE
2077,1791484226840,RESTRICTIVE_NAT,LOOPBACK_PUT_GET,132.81,765.28,898.09,True,1,0.0,False,16,4,NONE
2078,1791484226840,RESTRICTIVE_NAT,LOOPBACK_PUT_GET,58.16,101.86,160.02,True,0,0.0,False,16,5,NONE
2079,1791484226840,RESTRICTIVE_NAT,LOOPBACK_PUT_GET,123.77,150.81,274.58,True,0,0.0,False,16,5,NONE
2080,1791484226840,RESTRICTIVE_NAT,LOOPBACK_PUT_GET,110.54,126.20,236.74,True,0,0.0,False,16,7,NONE
2081,1791484226840,RESTRICTIVE_NAT,LOOPBACK_PUT_GET,175.44,427.24,602.68,True,0,0.0,False,16,5,NONE
2082,1791484226840,RESTRICTIVE_NAT,LOOPBACK_PUT_GET,88.06,50.61,138.67,True,0,0.0,False,16,8,NONE
2083,1791484226840,RESTRICTIVE_NAT,LOOPBACK_PUT_GET,99.70,155.99,255.70,True,0,0.0,False,16,4,NONE
2084,1791484226840,RESTRICTIVE_NAT,LOOPBACK_PUT_GET,894.73,379.90,1274.64,True,1,0.0,False,16,3,NONE
2085,1791484226840,RESTRICTIVE_NAT,LOOPBACK_PUT_GET,121.49,137.70,259.18,True,0,0.0,False,16,4,NONE
2086,1791484226840,RESTRICTIVE_NAT,LOOPBACK_PUT_GET,110.41,65.76,176.17,True,0,0.0,False,16,3,NONE
2087,1791484226840,RESTRICTIVE_NAT,LOOPBACK_PUT_GET,151.52,72.31,223.83,True,0,0.0,False,16,3,NONE
2088,1791484226840,RESTRICTIVE_NAT,LOOPBACK_PUT_GET,79.31,180.00,259.31,True,0,0.0,False,16,3,NONE
2089,1791484226840,RESTRICTIVE_NAT,LOOPBACK_PUT_GET,82.00,170.56,252.56,True,0,0.0,False,16,4,NONE
2090,1791484226840,RESTRICTIVE_NAT,LOOPBACK_PUT_GET,137.84,124.05,261.89,True,0,0.0,False,16,3,NONE
2091,1791484226840,RESTRICTIVE_NAT,LOOPBACK_PUT_GET,156.17,328.16,484.32,True,0,0.0,False,16,4,NONE
2092,1791484226840,RESTRICTIVE_NAT,LOOPBACK_PUT_GET,59.48,542.52,601.99,True,0,0.0,False,16,7,NONE
2093,1791484226840,RESTRICTIVE_NAT,LOOPBACK_PUT_GET,517.21,89.31,606.52,True,0,0.0,False,16,3,NONE
2094,1791484226840,RESTRICTIVE_NAT,LOOPBACK_PUT_GET,100.54,166.11,266.65,True,0,0.0,False,16,8,NONE
2095,1791484226840,RESTRICTIVE_NAT,LOOPBACK_PUT_GET,134.23,173.06,307.29,True,0,0.0,False,16,8,NONE
2096,1791484226840,RESTRICTIVE_NAT,LOOPBACK_PUT_GET,116.44,92.74,209.18,True,0,0.0,False,16,4,NONE
2097,1791484226840,RESTRICTIVE_NAT,LOOPBACK_PUT_GET,116.64,509.72,626.36,True,0,0.0,False,16,6,NONE
2098,1791484226840,RESTRICTIVE_NAT,LOOPBACK_PUT_GET,114.30,119.63,233.93,True,0,0.0,False,16,8,NONE
2099,1791484226840,RESTRICTIVE_NAT,LOOPBACK_PUT_GET,65.65,87.05,152.70,True,0,0.0,False,16,8,NONE
2100,1791484226840,RESTRICTIVE_NAT,LOOPBACK_PUT_GET,164.95,56.96,221.91,True,0,0.0,False,16,3,NONE
2101,1791484226840,RESTRICTIVE_NAT,LOOPBACK_PUT_GET,168.95,616.67,785.62,True,1,0.0,False,16,8,NONE
2102,1791484226840,RESTRICTIVE_NAT,LOOPBACK_PUT_GET,93.07,76.82,169.89,True,0,0.0,False,16,4,NONE
2103,1791484226840,RESTRICTIVE_NAT,LOOPBACK_PUT_GET,68.11,522.02,590.13,True,0,0.0,False,16,7,NONE
2104,1791484226840,RESTRICTIVE_NAT,LOOPBACK_PUT_GET,177.63,82.32,259.96,True,0,0.0,False,16,3,NONE
2105,1791484226840,RESTRICTIVE_NAT,LOOPBACK_PUT_GET,521.89,517.23,1039.11,True,1,0.0,False,16,3,NONE
2106,1791484226840,RESTRICTIVE_NAT,LOOPBACK_PUT_GET,576.53,164.26,740.80,True,1,0.0,False,16,7,NONE
2107,1791484226840,RESTRICTIVE_NAT,LOOPBACK_PUT_GET,541.06,480.34,1021.40,True,1,0.0,False,16,5,NONE
2108,1791484226840,RESTRICTIVE_NAT,LOOPBACK_PUT_GET,170.52,171.29,341.82,True,0,0.0,False,16,7,NONE
2109,1791484226840,RESTRICTIVE_NAT,LOOPBACK_PUT_GET,913.60,0.00,913.60,False,1,0.0,False,16,0,PUT_TIMEOUT
2110,1791484226840,RESTRICTIVE_NAT,LOOPBACK_PUT_GET,117.89,125.24,243.13,True,0,0.0,False,16,5,NONE
2111,1791484226840,RESTRICTIVE_NAT,LOOPBACK_PUT_GET,118.38,88.78,207.17,True,0,0.0,False,16,7,NONE
2112,1791484226840,RESTRICTIVE_NAT,LOOPBACK_PUT_GET,106.09,494.00,600.09,True,0,0.0,False,16,4,NONE
2113,1791484226840,RESTRICTIVE_NAT,LOOPBACK_PUT_GET,316.70,53.98,370.68,True,0,0.0,False,16,8,NONE
2114,1791484226840,RESTRICTIVE_NAT,LOOPBACK_PUT_GET,58.90,157.84,216.75,True,0,0.0,False,16,8,NONE
2115,1791484226840,RESTRICTIVE_NAT,LOOPBACK_PUT_GET,361.80,56.28,418.08,True,0,0.0,False,16,5,NONE
2116,1791484226840,RESTRICTIVE_NAT,LOOPBACK_PUT_GET,134.67,423.12,557.79,True,0,0.0,False,16,7,NONE
2117,1791484226840,RESTRICTIVE_NAT,LOOPBACK_PUT_GET,145.22,572.41,717.62,True,1,0.0,False,16,6,NONE
2118,1791484226840,RESTRICTIVE_NAT,LOOPBACK_PUT_GET,87.15,88.89,176.04,True,0,0.0,False,16,6,NONE
2119,1791484226840,RESTRICTIVE_NAT,LOOPBACK_PUT_GET,416.87,704.90,1121.77,True,1,0.0,False,16,8,NONE
2120,1791484226840,RESTRICTIVE_NAT,LOOPBACK_PUT_GET,317.08,449.33,766.41,True,0,0.0,False,16,4,NONE
2121,1791484226840,RESTRICTIVE_NAT,LOOPBACK_PUT_GET,161.16,453.03,614.20,True,0,0.0,False,16,5,NONE
2122,1791484226840,RESTRICTIVE_NAT,LOOPBACK_PUT_GET,76.43,161.10,237.53,True,0,0.0,False,16,3,NONE
2123,1791484226840,RESTRICTIVE_NAT,LOOPBACK_PUT_GET,60.93,152.84,213.76,True,0,0.0,False,16,8,NONE
2124,1791484226840,RESTRICTIVE_NAT,LOOPBACK_PUT_GET,163.87,154.26,318.13,True,0,0.0,False,16,6,NONE
2125,1791484226840,RESTRICTIVE_NAT,LOOPBACK_PUT_GET,67.56,98.96,166.52,True,0,0.0,False,16,7,NONE
2126,1791484226840,RESTRICTIVE_NAT,LOOPBACK_PUT_GET,78.33,468.77,547.10,True,0,0.0,False,16,3,NONE
2127,1791484226840,RESTRICTIVE_NAT,LOOPBACK_PUT_GET,137.44,90.91,228.35,True,0,0.0,False,16,5,NONE
2128,1791484226840,RESTRICTIVE_NAT,LOOPBACK_PUT_GET,89.68,158.46,248.14,True,0,0.0,False,16,8,NONE
2129,1791484226840,RESTRICTIVE_NAT,LOOPBACK_PUT_GET,71.47,139.24,210.71,True,0,0.0,False,16,6,NONE
2130,1791484226840,RESTRICTIVE_NAT,LOOPBACK_PUT_GET,176.85,166.06,342.91,True,0,0.0,False,16,4,NONE
2131,1791484226840,RESTRICTIVE_NAT,LOOPBACK_PUT_GET,93.68,490.57,584.25,True,0,0.0,False,16,8,NONE
2132,1791484226840,RESTRICTIVE_NAT,LOOPBACK_PUT_GET,59.48,71.33,130.81,True,0,0.0,False,16,6,NONE
2133,1791484226840,RESTRICTIVE_NAT,LOOPBACK_PUT_GET,232.51,427.13,659.64,True,0,0.0,False,16,8,NONE
2134,1791484226840,RESTRICTIVE_NAT,LOOPBACK_PUT_GET,284.76,91.36,376.12,True,0,0.0,False,16,8,NONE
2135,1791484226840,RESTRICTIVE_NAT,LOOPBACK_PUT_GET,90.21,127.91,218.12,True,0,0.0,False,16,4,NONE
2136,1791484226840,RESTRICTIVE_NAT,LOOPBACK_PUT_GET,363.02,177.15,540.17,True,0,0.0,False,16,5,NONE
2137,1791484226840,RESTRICTIVE_NAT,LOOPBACK_PUT_GET,54.70,50.45,105.15,True,0,0.0,False,16,8,NONE
2138,1791484226840,RESTRICTIVE_NAT,LOOPBACK_PUT_GET,131.93,110.44,242.37,True,0,0.0,False,16,8,NONE
2139,1791484226840,RESTRICTIVE_NAT,LOOPBACK_PUT_GET,438.11,166.67,604.78,True,0,0.0,False,16,8,NONE
2140,1791484226840,RESTRICTIVE_NAT,LOOPBACK_PUT_GET,73.58,60.06,133.63,True,0,0.0,False,16,3,NONE
2141,1791484226840,RESTRICTIVE_NAT,LOOPBACK_PUT_GET,464.02,86.24,550.26,True,0,0.0,False,16,5,NONE
2142,1791484226840,RESTRICTIVE_NAT,LOOPBACK_PUT_GET,178.30,143.24,321.54,True,0,0.0,False,16,4,NONE
2143,1791484226840,RESTRICTIVE_NAT,LOOPBACK_PUT_GET,534.30,97.08,631.38,True,0,0.0,False,16,6,NONE
2144,1791484226840,RESTRICTIVE_NAT,LOOPBACK_PUT_GET,111.88,141.72,253.60,True,0,0.0,False,16,4,NONE
2145,1791484226840,RESTRICTIVE_NAT,LOOPBACK_PUT_GET,560.89,167.75,728.64,True,1,0.0,False,16,5,NONE
2146,1791484226840,RESTRICTIVE_NAT,LOOPBACK_PUT_GET,112.38,131.62,243.99,True,0,0.0,False,16,5,NONE
2147,1791484226840,RESTRICTIVE_NAT,LOOPBACK_PUT_GET,64.19,473.98,538.16,True,0,0.0,False,16,5,NONE
2148,1791484226840,RESTRICTIVE_NAT,LOOPBACK_PUT_GET,174.55,87.33,261.88,True,0,0.0,False,16,5,NONE
2149,1791484226840,RESTRICTIVE_NAT,LOOPBACK_PUT_GET,59.04,140.76,199.80,True,0,0.0,False,16,4,NONE
2150,1791484226840,RESTRICTIVE_NAT,LOOPBACK_PUT_GET,100.27,176.27,276.54,True,0,0.0,False,16,7,NONE
2151,1791484226840,RESTRICTIVE_NAT,LOOPBACK_PUT_GET,157.27,163.25,320.52,True,0,0.0,False,16,8,NONE
2152,1791484226841,RESTRICTIVE_NAT,LOOPBACK_PUT_GET,160.40,117.99,278.39,True,0,0.0,False,16,8,NONE
2153,1791484226841,RESTRICTIVE_NAT,LOOPBACK_PUT_GET,103.64,377.72,481.37,True,0,0.0,False,16,3,NONE
2154,1791484226841,RESTRICTIVE_NAT,LOOPBACK_PUT_GET,58.60,71.04,129.64,True,0,0.0,False,16,3,NONE
2155,1791484226841,RESTRICTIVE_NAT,LOOPBACK_PUT_GET,145.13,159.11,304.24,True,0,0.0,False,16,8,NONE
2156,1791484226841,RESTRICTIVE_NAT,LOOPBACK_PUT_GET,457.76,158.77,616.53,True,0,0.0,False,16,3,NONE
2157,1791484226841,RESTRICTIVE_NAT,LOOPBACK_PUT_GET,110.99,592.60,703.59,True,1,0.0,False,16,7,NONE
2158,1791484226841,RESTRICTIVE_NAT,LOOPBACK_PUT_GET,84.93,115.67,200.59,True,0,0.0,False,16,6,NONE
2159,1791484226841,RESTRICTIVE_NAT,LOOPBACK_PUT_GET,174.33,148.91,323.24,True,0,0.0,False,16,5,NONE
2160,1791484226841,RESTRICTIVE_NAT,LOOPBACK_PUT_GET,110.69,327.95,438.64,True,0,0.0,False,16,8,NONE
2161,1791484226841,RESTRICTIVE_NAT,LOOPBACK_PUT_GET,132.74,171.43,304.17,True,0,0.0,False,16,4,NONE
2162,1791484226841,RESTRICTIVE_NAT,LOOPBACK_PUT_GET,463.52,84.96,548.48,True,0,0.0,False,16,3,NONE
2163,1791484226841,RESTRICTIVE_NAT,LOOPBACK_PUT_GET,812.71,344.72,1157.43,True,1,0.0,False,16,8,NONE
2164,1791484226841,RESTRICTIVE_NAT,LOOPBACK_PUT_GET,64.13,476.76,540.89,True,0,0.0,False,16,6,NONE
2165,1791484226841,RESTRICTIVE_NAT,LOOPBACK_PUT_GET,109.71,126.51,236.22,True,0,0.0,False,16,4,NONE
2166,1791484226841,RESTRICTIVE_NAT,LOOPBACK_PUT_GET,140.96,175.94,316.90,True,0,0.0,False,16,6,NONE
2167,1791484226841,RESTRICTIVE_NAT,LOOPBACK_PUT_GET,151.66,143.84,295.49,True,0,0.0,False,16,4,NONE
2168,1791484226841,RESTRICTIVE_NAT,LOOPBACK_PUT_GET,177.39,52.21,229.60,True,0,0.0,False,16,4,NONE
2169,1791484226841,RESTRICTIVE_NAT,LOOPBACK_PUT_GET,134.15,66.50,200.65,True,0,0.0,False,16,4,NONE
2170,1791484226841,RESTRICTIVE_NAT,LOOPBACK_PUT_GET,462.50,68.14,530.64,True,0,0.0,False,16,5,NONE
2171,1791484226841,RESTRICTIVE_NAT,LOOPBACK_PUT_GET,511.16,101.72,612.89,True,0,0.0,False,16,8,NONE
2172,1791484226841,RESTRICTIVE_NAT,LOOPBACK_PUT_GET,63.29,374.93,438.22,True,0,0.0,False,16,7,NONE
2173,1791484226841,RESTRICTIVE_NAT,LOOPBACK_PUT_GET,263.22,96.17,359.39,True,0,0.0,False,16,6,NONE
2174,1791484226841,RESTRICTIVE_NAT,LOOPBACK_PUT_GET,478.68,102.68,581.37,True,0,0.0,False,16,4,NONE
2175,1791484226841,RESTRICTIVE_NAT,LOOPBACK_PUT_GET,529.82,55.39,585.21,True,0,0.0,False,16,6,NONE
2176,1791484226841,RESTRICTIVE_NAT,LOOPBACK_PUT_GET,528.24,745.90,1274.13,True,2,0.0,False,16,8,NONE
2177,1791484226841,RESTRICTIVE_NAT,LOOPBACK_PUT_GET,135.32,90.47,225.79,True,0,0.0,False,16,5,NONE
2178,1791484226841,RESTRICTIVE_NAT,LOOPBACK_PUT_GET,417.14,128.00,545.14,True,0,0.0,False,16,6,NONE
2179,1791484226841,RESTRICTIVE_NAT,LOOPBACK_PUT_GET,109.12,231.51,340.63,True,0,0.0,False,16,5,NONE
2180,1791484226841,RESTRICTIVE_NAT,LOOPBACK_PUT_GET,906.36,168.36,1074.73,True,1,0.0,False,16,4,NONE
2181,1791484226841,RESTRICTIVE_NAT,LOOPBACK_PUT_GET,170.31,69.73,240.04,True,0,0.0,False,16,3,NONE
2182,1791484226841,RESTRICTIVE_NAT,LOOPBACK_PUT_GET,107.88,173.22,281.10,True,0,0.0,False,16,7,NONE
2183,1791484226841,RESTRICTIVE_NAT,LOOPBACK_PUT_GET,132.24,94.34,226.58,True,0,0.0,False,16,7,NONE
2184,1791484226841,RESTRICTIVE_NAT,LOOPBACK_PUT_GET,515.18,907.32,1422.50,True,1,0.0,False,16,4,NONE
2185,1791484226841,RESTRICTIVE_NAT,LOOPBACK_PUT_GET,56.31,150.84,207.16,True,0,0.0,False,16,6,NONE
2186,1791484226841,RESTRICTIVE_NAT,LOOPBACK_PUT_GET,76.77,69.93,146.70,True,0,0.0,False,16,7,NONE
2187,1791484226841,RESTRICTIVE_NAT,LOOPBACK_PUT_GET,79.75,178.97,258.72,True,0,0.0,False,16,5,NONE
2188,1791484226841,RESTRICTIVE_NAT,LOOPBACK_PUT_GET,179.68,154.56,334.24,True,0,0.0,False,16,8,NONE
2189,1791484226841,RESTRICTIVE_NAT,LOOPBACK_PUT_GET,121.25,97.53,218.78,True,0,0.0,False,16,8,NONE
2190,1791484226841,RESTRICTIVE_NAT,LOOPBACK_PUT_GET,479.03,135.44,614.47,True,0,0.0,False,16,5,NONE
2191,1791484226841,RESTRICTIVE_NAT,LOOPBACK_PUT_GET,170.64,101.17,271.80,True,0,0.0,False,16,7,NONE
2192,1791484226841,RESTRICTIVE_NAT,LOOPBACK_PUT_GET,622.65,296.42,919.07,True,1,0.0,False,16,5,NONE
2193,1791484226841,RESTRICTIVE_NAT,LOOPBACK_PUT_GET,1000.24,347.59,1347.83,True,1,0.0,False,16,5,NONE
2194,1791484226841,RESTRICTIVE_NAT,LOOPBACK_PUT_GET,62.54,171.61,234.15,True,0,0.0,False,16,4,NONE
2195,1791484226841,RESTRICTIVE_NAT,LOOPBACK_PUT_GET,75.95,131.67,207.62,True,0,0.0,False,16,6,NONE
2196,1791484226841,RESTRICTIVE_NAT,LOOPBACK_PUT_GET,174.16,116.27,290.43,True,0,0.0,False,16,4,NONE
2197,1791484226841,RESTRICTIVE_NAT,LOOPBACK_PUT_GET,179.30,140.17,319.47,True,0,0.0,False,16,5,NONE
2198,1791484226841,RESTRICTIVE_NAT,LOOPBACK_PUT_GET,165.59,96.26,261.85,True,0,0.0,False,16,3,NONE
2199,1791484226841,RESTRICTIVE_NAT,LOOPBACK_PUT_GET,85.60,451.49,537.09,True,0,0.0,False,16,7,NONE
2200,1791484226841,RESTRICTIVE_NAT,LOOPBACK_PUT_GET,63.79,136.40,200.19,True,0,0.0,False,16,7,NONE
2201,1791484226841,RESTRICTIVE_NAT,LOOPBACK_PUT_GET,161.36,146.69,308.05,True,0,0.0,False,16,3,NONE
2202,1791484226841,RESTRICTIVE_NAT,LOOPBACK_PUT_GET,113.05,121.95,235.00,True,0,0.0,False,16,3,NONE
2203,1791484226841,RESTRICTIVE_NAT,LOOPBACK_PUT_GET,87.36,153.29,240.65,True,0,0.0,False,16,7,NONE
2204,1791484226841,RESTRICTIVE_NAT,LOOPBACK_PUT_GET,246.65,542.75,789.40,True,0,0.0,False,16,7,NONE
2205,1791484226841,RESTRICTIVE_NAT,LOOPBACK_PUT_GET,102.17,280.93,383.10,True,0,0.0,False,16,7,NONE
2206,1791484226841,RESTRICTIVE_NAT,LOOPBACK_PUT_GET,619.66,164.86,784.52,True,1,0.0,False,16,8,NONE
2207,1791484226841,RESTRICTIVE_NAT,LOOPBACK_PUT_GET,138.78,512.71,651.49,True,1,0.0,False,16,8,NONE
2208,1791484226841,RESTRICTIVE_NAT,LOOPBACK_PUT_GET,629.19,73.38,702.57,True,1,0.0,False,16,6,NONE
2209,1791484226841,RESTRICTIVE_NAT,LOOPBACK_PUT_GET,91.44,73.39,164.83,True,0,0.0,False,16,4,NONE
2210,1791484226841,RESTRICTIVE_NAT,LOOPBACK_PUT_GET,161.35,286.37,447.73,True,0,0.0,False,16,3,NONE
2211,1791484226841,RESTRICTIVE_NAT,LOOPBACK_PUT_GET,139.34,613.95,753.28,True,1,0.0,False,16,5,NONE
2212,1791484226841,RESTRICTIVE_NAT,LOOPBACK_PUT_GET,333.05,118.90,451.95,True,0,0.0,False,16,5,NONE
2213,1791484226841,RESTRICTIVE_NAT,LOOPBACK_PUT_GET,171.31,172.01,343.32,True,0,0.0,False,16,7,NONE
2214,1791484226841,RESTRICTIVE_NAT,LOOPBACK_PUT_GET,177.64,111.98,289.61,True,0,0.0,False,16,4,NONE
2215,1791484226841,RESTRICTIVE_NAT,LOOPBACK_PUT_GET,152.37,498.14,650.51,True,0,0.0,False,16,6,NONE
2216,1791484226841,RESTRICTIVE_NAT,LOOPBACK_PUT_GET,177.83,91.19,269.03,True,0,0.0,False,16,5,NONE
2217,1791484226841,RESTRICTIVE_NAT,LOOPBACK_PUT_GET,112.48,74.92,187.40,True,0,0.0,False,16,7,NONE
2218,1791484226841,RESTRICTIVE_NAT,LOOPBACK_PUT_GET,329.69,250.02,579.71,True,0,0.0,False,16,8,NONE
2219,1791484226841,RESTRICTIVE_NAT,LOOPBACK_PUT_GET,626.37,481.77,1108.14,True,1,0.0,False,16,7,NONE
2220,1791484226841,RESTRICTIVE_NAT,LOOPBACK_PUT_GET,104.02,176.87,280.90,True,0,0.0,False,16,4,NONE
2221,1791484226841,RESTRICTIVE_NAT,LOOPBACK_PUT_GET,178.18,491.50,669.67,True,0,0.0,False,16,7,NONE
2222,1791484226841,RESTRICTIVE_NAT,LOOPBACK_PUT_GET,128.95,103.84,232.79,True,0,0.0,False,16,5,NONE
2223,1791484226841,RESTRICTIVE_NAT,LOOPBACK_PUT_GET,154.05,423.85,577.90,True,0,0.0,False,16,5,NONE
2224,1791484226841,RESTRICTIVE_NAT,LOOPBACK_PUT_GET,84.42,312.06,396.48,True,0,0.0,False,16,8,NONE
2225,1791484226841,RESTRICTIVE_NAT,LOOPBACK_PUT_GET,116.75,598.45,715.20,False,1,0.0,False,16,6,GET_TIMEOUT
2226,1791484226841,RESTRICTIVE_NAT,LOOPBACK_PUT_GET,78.21,149.34,227.55,True,0,0.0,False,16,8,NONE
2227,1791484226841,RESTRICTIVE_NAT,LOOPBACK_PUT_GET,366.97,172.02,538.99,True,0,0.0,False,16,6,NONE
2228,1791484226841,RESTRICTIVE_NAT,LOOPBACK_PUT_GET,74.80,160.88,235.67,True,0,0.0,False,16,4,NONE
2229,1791484226841,RESTRICTIVE_NAT,LOOPBACK_PUT_GET,360.21,153.17,513.38,True,0,0.0,False,16,5,NONE
2230,1791484226841,RESTRICTIVE_NAT,LOOPBACK_PUT_GET,122.30,141.91,264.22,True,0,0.0,False,16,3,NONE
2231,1791484226841,RESTRICTIVE_NAT,LOOPBACK_PUT_GET,79.53,346.53,426.06,True,0,0.0,False,16,7,NONE
2232,1791484226841,RESTRICTIVE_NAT,LOOPBACK_PUT_GET,76.58,56.97,133.55,True,0,0.0,False,16,5,NONE
2233,1791484226841,RESTRICTIVE_NAT,LOOPBACK_PUT_GET,136.98,109.75,246.73,True,0,0.0,False,16,4,NONE
2234,1791484226841,RESTRICTIVE_NAT,LOOPBACK_PUT_GET,123.09,62.26,185.34,True,0,0.0,False,16,4,NONE
2235,1791484226841,RESTRICTIVE_NAT,LOOPBACK_PUT_GET,389.52,140.13,529.65,True,0,0.0,False,16,5,NONE
2236,1791484226841,RESTRICTIVE_NAT,LOOPBACK_PUT_GET,124.60,586.74,711.34,True,0,0.0,False,16,7,NONE
2237,1791484226841,RESTRICTIVE_NAT,LOOPBACK_PUT_GET,92.58,85.70,178.28,True,0,0.0,False,16,4,NONE
2238,1791484226841,RESTRICTIVE_NAT,LOOPBACK_PUT_GET,509.66,104.71,614.37,True,0,0.0,False,16,4,NONE
2239,1791484226841,RESTRICTIVE_NAT,LOOPBACK_PUT_GET,92.07,70.81,162.88,True,0,0.0,False,16,8,NONE
2240,1791484226841,RESTRICTIVE_NAT,LOOPBACK_PUT_GET,368.86,324.06,692.93,True,0,0.0,False,16,5,NONE
2241,1791484226841,RESTRICTIVE_NAT,LOOPBACK_PUT_GET,131.37,55.16,186.53,True,0,0.0,False,16,5,NONE
2242,1791484226841,RESTRICTIVE_NAT,LOOPBACK_PUT_GET,522.70,169.42,692.12,True,0,0.0,False,16,8,NONE
2243,1791484226841,RESTRICTIVE_NAT,LOOPBACK_PUT_GET,533.77,356.77,890.54,True,0,0.0,False,16,4,NONE
2244,1791484226841,RESTRICTIVE_NAT,LOOPBACK_PUT_GET,410.71,94.07,504.78,True,0,0.0,False,16,8,NONE
2245,1791484226841,RESTRICTIVE_NAT,LOOPBACK_PUT_GET,149.12,379.50,528.62,True,0,0.0,False,16,7,NONE
2246,1791484226841,RESTRICTIVE_NAT,LOOPBACK_PUT_GET,89.59,143.78,233.38,True,0,0.0,False,16,5,NONE
2247,1791484226841,RESTRICTIVE_NAT,LOOPBACK_PUT_GET,50.15,95.89,146.03,True,0,0.0,False,16,3,NONE
2248,1791484226841,RESTRICTIVE_NAT,LOOPBACK_PUT_GET,118.28,177.31,295.60,True,0,0.0,False,16,8,NONE
2249,1791484226841,RESTRICTIVE_NAT,LOOPBACK_PUT_GET,111.47,73.91,185.38,True,0,0.0,False,16,4,NONE
2250,1791484226841,RESTRICTIVE_NAT,LOOPBACK_PUT_GET,506.75,101.02,607.77,True,0,0.0,False,16,7,NONE
2251,1791484226841,RESTRICTIVE_NAT,LOOPBACK_PUT_GET,158.86,77.09,235.95,True,0,0.0,False,16,5,NONE
2252,1791484226841,RESTRICTIVE_NAT,LOOPBACK_PUT_GET,131.05,80.07,211.11,True,0,0.0,False,16,7,NONE
2253,1791484226841,RESTRICTIVE_NAT,LOOPBACK_PUT_GET,67.89,130.84,198.72,True,0,0.0,False,16,5,NONE
2254,1791484226841,RESTRICTIVE_NAT,LOOPBACK_PUT_GET,454.87,132.83,587.69,True,0,0.0,False,16,6,NONE
2255,1791484226841,RESTRICTIVE_NAT,LOOPBACK_PUT_GET,76.15,581.18,657.33,True,1,0.0,False,16,3,NONE
2256,1791484226841,RESTRICTIVE_NAT,LOOPBACK_PUT_GET,530.74,159.41,690.15,True,1,0.0,False,16,6,NONE
2257,1791484226841,RESTRICTIVE_NAT,LOOPBACK_PUT_GET,287.43,50.77,338.20,True,0,0.0,False,16,7,NONE
2258,1791484226841,RESTRICTIVE_NAT,LOOPBACK_PUT_GET,119.02,104.03,223.05,True,0,0.0,False,16,5,NONE
2259,1791484226841,RESTRICTIVE_NAT,LOOPBACK_PUT_GET,111.00,55.76,166.76,True,0,0.0,False,16,8,NONE
2260,1791484226841,RESTRICTIVE_NAT,LOOPBACK_PUT_GET,96.59,54.99,151.58,True,0,0.0,False,16,5,NONE
2261,1791484226841,RESTRICTIVE_NAT,LOOPBACK_PUT_GET,126.75,147.85,274.60,True,0,0.0,False,16,7,NONE
2262,1791484226841,RESTRICTIVE_NAT,LOOPBACK_PUT_GET,55.52,123.59,179.12,True,0,0.0,False,16,8,NONE
2263,1791484226841,RESTRICTIVE_NAT,LOOPBACK_PUT_GET,423.21,97.86,521.06,True,0,0.0,False,16,4,NONE
2264,1791484226841,RESTRICTIVE_NAT,LOOPBACK_PUT_GET,375.04,152.15,527.19,True,0,0.0,False,16,3,NONE
2265,1791484226841,RESTRICTIVE_NAT,LOOPBACK_PUT_GET,50.48,148.28,198.76,True,0,0.0,False,16,4,NONE
2266,1791484226841,RESTRICTIVE_NAT,LOOPBACK_PUT_GET,86.16,148.99,235.15,True,0,0.0,False,16,8,NONE
2267,1791484226841,RESTRICTIVE_NAT,LOOPBACK_PUT_GET,169.29,169.92,339.21,True,0,0.0,False,16,6,NONE
2268,1791484226841,RESTRICTIVE_NAT,LOOPBACK_PUT_GET,102.40,66.53,168.93,True,0,0.0,False,16,5,NONE
2269,1791484226841,RESTRICTIVE_NAT,LOOPBACK_PUT_GET,94.02,96.31,190.32,True,0,0.0,False,16,8,NONE
2270,1791484226841,RESTRICTIVE_NAT,LOOPBACK_PUT_GET,60.52,174.97,235.49,True,0,0.0,False,16,3,NONE
2271,1791484226841,RESTRICTIVE_NAT,LOOPBACK_PUT_GET,90.36,262.28,352.64,True,0,0.0,False,16,8,NONE
2272,1791484226841,RESTRICTIVE_NAT,LOOPBACK_PUT_GET,154.60,102.76,257.36,True,0,0.0,False,16,6,NONE
2273,1791484226841,RESTRICTIVE_NAT,LOOPBACK_PUT_GET,298.31,97.00,395.30,True,0,0.0,False,16,8,NONE
2274,1791484226841,RESTRICTIVE_NAT,LOOPBACK_PUT_GET,146.14,470.64,616.78,True,0,0.0,False,16,7,NONE
2275,1791484226841,RESTRICTIVE_NAT,LOOPBACK_PUT_GET,163.06,117.50,280.56,True,0,0.0,False,16,6,NONE
2276,1791484226841,RESTRICTIVE_NAT,LOOPBACK_PUT_GET,108.73,412.66,521.39,True,0,0.0,False,16,5,NONE
2277,1791484226841,RESTRICTIVE_NAT,LOOPBACK_PUT_GET,134.92,163.48,298.40,True,0,0.0,False,16,4,NONE
2278,1791484226841,RESTRICTIVE_NAT,LOOPBACK_PUT_GET,172.77,131.78,304.55,True,0,0.0,False,16,4,NONE
2279,1791484226841,RESTRICTIVE_NAT,LOOPBACK_PUT_GET,51.29,138.33,189.62,True,0,0.0,False,16,4,NONE
2280,1791484226841,RESTRICTIVE_NAT,LOOPBACK_PUT_GET,573.13,451.06,1024.19,True,1,0.0,False,16,5,NONE
2281,1791484226841,RESTRICTIVE_NAT,LOOPBACK_PUT_GET,408.81,120.91,529.72,True,0,0.0,False,16,7,NONE
2282,1791484226841,RESTRICTIVE_NAT,LOOPBACK_PUT_GET,307.43,73.71,381.14,True,0,0.0,False,16,6,NONE
2283,1791484226841,RESTRICTIVE_NAT,LOOPBACK_PUT_GET,77.19,143.43,220.62,True,0,0.0,False,16,8,NONE
2284,1791484226841,RESTRICTIVE_NAT,LOOPBACK_PUT_GET,50.94,77.18,128.12,True,0,0.0,False,16,4,NONE
2285,1791484226841,RESTRICTIVE_NAT,LOOPBACK_PUT_GET,109.32,548.21,657.53,True,1,0.0,False,16,3,NONE
2286,1791484226841,RESTRICTIVE_NAT,LOOPBACK_PUT_GET,497.21,242.68,739.89,True,0,0.0,False,16,7,NONE
2287,1791484226841,RESTRICTIVE_NAT,LOOPBACK_PUT_GET,136.00,555.24,691.23,True,0,0.0,False,16,6,NONE
2288,1791484226841,RESTRICTIVE_NAT,LOOPBACK_PUT_GET,385.84,948.21,1334.05,True,1,0.0,False,16,5,NONE
2289,1791484226841,RESTRICTIVE_NAT,LOOPBACK_PUT_GET,115.07,136.61,251.68,True,0,0.0,False,16,4,NONE
2290,1791484226841,RESTRICTIVE_NAT,LOOPBACK_PUT_GET,92.80,114.18,206.97,True,0,0.0,False,16,6,NONE
2291,1791484226841,RESTRICTIVE_NAT,LOOPBACK_PUT_GET,169.43,338.77,508.20,True,0,0.0,False,16,3,NONE
2292,1791484226841,RESTRICTIVE_NAT,LOOPBACK_PUT_GET,175.58,131.40,306.98,True,0,0.0,False,16,7,NONE
2293,1791484226841,RESTRICTIVE_NAT,LOOPBACK_PUT_GET,97.84,61.94,159.78,True,0,0.0,False,16,5,NONE
2294,1791484226841,RESTRICTIVE_NAT,LOOPBACK_PUT_GET,140.38,76.57,216.94,True,0,0.0,False,16,7,NONE
2295,1791484226841,RESTRICTIVE_NAT,LOOPBACK_PUT_GET,136.13,76.28,212.41,True,0,0.0,False,16,6,NONE
2296,1791484226841,RESTRICTIVE_NAT,LOOPBACK_PUT_GET,292.93,82.18,375.11,True,0,0.0,False,16,4,NONE
2297,1791484226841,RESTRICTIVE_NAT,LOOPBACK_PUT_GET,77.73,127.04,204.77,True,0,0.0,False,16,4,NONE
2298,1791484226841,RESTRICTIVE_NAT,LOOPBACK_PUT_GET,114.29,122.31,236.60,True,0,0.0,False,16,8,NONE
2299,1791484226841,RESTRICTIVE_NAT,LOOPBACK_PUT_GET,356.87,176.56,533.43,True,0,0.0,False,16,6,NONE
2300,1791484226841,RESTRICTIVE_NAT,LOOPBACK_PUT_GET,173.96,91.31,265.27,True,0,0.0,False,16,5,NONE
2301,1791484226841,RESTRICTIVE_NAT,LOOPBACK_PUT_GET,155.79,149.29,305.09,True,0,0.0,False,16,7,NONE
2302,1791484226841,RESTRICTIVE_NAT,LOOPBACK_PUT_GET,394.83,123.81,518.63,True,0,0.0,False,16,7,NONE
2303,1791484226841,RESTRICTIVE_NAT,LOOPBACK_PUT_GET,108.43,52.35,160.79,True,0,0.0,False,16,8,NONE
2304,1791484226841,RESTRICTIVE_NAT,LOOPBACK_PUT_GET,126.39,63.16,189.55,True,0,0.0,False,16,3,NONE
2305,1791484226841,RESTRICTIVE_NAT,LOOPBACK_PUT_GET,157.79,141.43,299.23,True,0,0.0,False,16,7,NONE
2306,1791484226841,RESTRICTIVE_NAT,LOOPBACK_PUT_GET,353.97,145.66,499.62,True,0,0.0,False,16,8,NONE
2307,1791484226841,RESTRICTIVE_NAT,LOOPBACK_PUT_GET,54.97,64.25,119.21,True,0,0.0,False,16,7,NONE
2308,1791484226841,RESTRICTIVE_NAT,LOOPBACK_PUT_GET,70.42,157.20,227.62,True,0,0.0,False,16,4,NONE
2309,1791484226841,RESTRICTIVE_NAT,LOOPBACK_PUT_GET,721.00,225.31,946.31,True,1,0.0,False,16,8,NONE
2310,1791484226841,RESTRICTIVE_NAT,LOOPBACK_PUT_GET,307.17,155.61,462.78,True,0,0.0,False,16,5,NONE
2311,1791484226841,RESTRICTIVE_NAT,LOOPBACK_PUT_GET,129.39,621.26,750.65,True,1,0.0,False,16,5,NONE
2312,1791484226841,RESTRICTIVE_NAT,LOOPBACK_PUT_GET,542.33,118.83,661.16,True,1,0.0,False,16,4,NONE
2313,1791484226841,RESTRICTIVE_NAT,LOOPBACK_PUT_GET,437.29,410.34,847.64,True,0,0.0,False,16,8,NONE
2314,1791484226841,RESTRICTIVE_NAT,LOOPBACK_PUT_GET,539.07,157.47,696.53,True,0,0.0,False,16,4,NONE
2315,1791484226841,RESTRICTIVE_NAT,LOOPBACK_PUT_GET,273.22,103.11,376.32,True,0,0.0,False,16,3,NONE
2316,1791484226841,RESTRICTIVE_NAT,LOOPBACK_PUT_GET,637.89,78.63,716.52,True,1,0.0,False,16,5,NONE
2317,1791484226841,RESTRICTIVE_NAT,LOOPBACK_PUT_GET,78.76,526.63,605.39,True,1,0.0,False,16,3,NONE
2318,1791484226841,RESTRICTIVE_NAT,LOOPBACK_PUT_GET,173.47,79.74,253.21,True,0,0.0,False,16,3,NONE
2319,1791484226841,RESTRICTIVE_NAT,LOOPBACK_PUT_GET,95.54,132.10,227.64,True,0,0.0,False,16,8,NONE
2320,1791484226841,RESTRICTIVE_NAT,LOOPBACK_PUT_GET,105.14,543.70,648.84,False,1,0.0,False,16,7,GET_TIMEOUT
2321,1791484226841,RESTRICTIVE_NAT,LOOPBACK_PUT_GET,130.16,351.85,482.01,True,0,0.0,False,16,4,NONE
2322,1791484226841,RESTRICTIVE_NAT,LOOPBACK_PUT_GET,313.27,141.97,455.24,True,0,0.0,False,16,5,NONE
2323,1791484226841,RESTRICTIVE_NAT,LOOPBACK_PUT_GET,117.95,119.33,237.28,True,0,0.0,False,16,4,NONE
2324,1791484226841,RESTRICTIVE_NAT,LOOPBACK_PUT_GET,98.24,130.91,229.14,True,0,0.0,False,16,4,NONE
2325,1791484226841,RESTRICTIVE_NAT,LOOPBACK_PUT_GET,169.84,258.54,428.38,True,0,0.0,False,16,6,NONE
2326,1791484226841,RESTRICTIVE_NAT,LOOPBACK_PUT_GET,439.48,149.88,589.36,True,0,0.0,False,16,4,NONE
2327,1791484226841,RESTRICTIVE_NAT,LOOPBACK_PUT_GET,110.82,79.37,190.19,True,0,0.0,False,16,7,NONE
2328,1791484226841,RESTRICTIVE_NAT,LOOPBACK_PUT_GET,120.03,545.42,665.45,True,0,0.0,False,16,7,NONE
2329,1791484226841,RESTRICTIVE_NAT,LOOPBACK_PUT_GET,172.37,109.28,281.65,True,0,0.0,False,16,8,NONE
2330,1791484226841,RESTRICTIVE_NAT,LOOPBACK_PUT_GET,544.58,847.31,1391.88,True,2,0.0,False,16,4,NONE
2331,1791484226841,RESTRICTIVE_NAT,LOOPBACK_PUT_GET,80.29,548.69,628.98,True,0,0.0,False,16,3,NONE
2332,1791484226841,RESTRICTIVE_NAT,LOOPBACK_PUT_GET,614.66,841.21,1455.86,True,1,0.0,False,16,5,NONE
2333,1791484226841,RESTRICTIVE_NAT,LOOPBACK_PUT_GET,136.12,97.63,233.75,True,0,0.0,False,16,4,NONE
2334,1791484226841,RESTRICTIVE_NAT,LOOPBACK_PUT_GET,155.68,376.20,531.88,True,0,0.0,False,16,8,NONE
2335,1791484226841,RESTRICTIVE_NAT,LOOPBACK_PUT_GET,130.10,73.89,203.99,True,0,0.0,False,16,4,NONE
2336,1791484226841,RESTRICTIVE_NAT,LOOPBACK_PUT_GET,110.60,463.85,574.46,True,0,0.0,False,16,6,NONE
2337,1791484226841,RESTRICTIVE_NAT,LOOPBACK_PUT_GET,72.38,443.63,516.01,True,0,0.0,False,16,3,NONE
2338,1791484226841,RESTRICTIVE_NAT,LOOPBACK_PUT_GET,54.15,148.30,202.45,True,0,0.0,False,16,3,NONE
2339,1791484226841,RESTRICTIVE_NAT,LOOPBACK_PUT_GET,418.55,123.76,542.30,True,0,0.0,False,16,4,NONE
2340,1791484226841,RESTRICTIVE_NAT,LOOPBACK_PUT_GET,76.90,445.45,522.35,True,0,0.0,False,16,4,NONE
2341,1791484226841,RESTRICTIVE_NAT,LOOPBACK_PUT_GET,452.34,73.06,525.40,True,0,0.0,False,16,4,NONE
2342,1791484226841,RESTRICTIVE_NAT,LOOPBACK_PUT_GET,66.86,480.17,547.02,True,0,0.0,False,16,6,NONE
2343,1791484226841,RESTRICTIVE_NAT,LOOPBACK_PUT_GET,60.46,549.75,610.21,True,1,0.0,False,16,5,NONE
2344,1791484226841,RESTRICTIVE_NAT,LOOPBACK_PUT_GET,551.78,91.35,643.13,True,0,0.0,False,16,6,NONE
2345,1791484226841,RESTRICTIVE_NAT,LOOPBACK_PUT_GET,133.82,113.19,247.01,True,0,0.0,False,16,6,NONE
2346,1791484226841,RESTRICTIVE_NAT,LOOPBACK_PUT_GET,60.37,76.64,137.02,True,0,0.0,False,16,8,NONE
2347,1791484226841,RESTRICTIVE_NAT,LOOPBACK_PUT_GET,380.30,179.21,559.51,True,0,0.0,False,16,6,NONE
2348,1791484226841,RESTRICTIVE_NAT,LOOPBACK_PUT_GET,106.36,136.95,243.31,True,0,0.0,False,16,3,NONE
2349,1791484226841,RESTRICTIVE_NAT,LOOPBACK_PUT_GET,96.61,770.61,867.22,True,1,0.0,False,16,4,NONE
2350,1791484226841,RESTRICTIVE_NAT,LOOPBACK_PUT_GET,96.18,412.35,508.53,True,0,0.0,False,16,8,NONE
2351,1791484226841,RESTRICTIVE_NAT,LOOPBACK_PUT_GET,67.83,99.77,167.60,True,0,0.0,False,16,3,NONE
2352,1791484226841,RESTRICTIVE_NAT,LOOPBACK_PUT_GET,163.44,136.81,300.25,True,0,0.0,False,16,7,NONE
2353,1791484226841,RESTRICTIVE_NAT,LOOPBACK_PUT_GET,122.04,143.52,265.56,True,0,0.0,False,16,3,NONE
2354,1791484226841,RESTRICTIVE_NAT,LOOPBACK_PUT_GET,95.65,627.38,723.03,True,1,0.0,False,16,4,NONE
2355,1791484226841,RESTRICTIVE_NAT,LOOPBACK_PUT_GET,87.59,142.61,230.21,True,0,0.0,False,16,5,NONE
2356,1791484226841,RESTRICTIVE_NAT,LOOPBACK_PUT_GET,151.22,105.19,256.41,True,0,0.0,False,16,3,NONE
2357,1791484226841,RESTRICTIVE_NAT,LOOPBACK_PUT_GET,72.41,384.69,457.10,True,0,0.0,False,16,4,NONE
2358,1791484226841,RESTRICTIVE_NAT,LOOPBACK_PUT_GET,540.47,121.90,662.37,True,1,0.0,False,16,3,NONE
2359,1791484226841,RESTRICTIVE_NAT,LOOPBACK_PUT_GET,53.06,60.21,113.26,True,0,0.0,False,16,8,NONE
2360,1791484226841,RESTRICTIVE_NAT,LOOPBACK_PUT_GET,144.84,249.61,394.45,True,0,0.0,False,16,7,NONE
2361,1791484226841,RESTRICTIVE_NAT,LOOPBACK_PUT_GET,124.43,595.55,719.98,True,0,0.0,False,16,6,NONE
2362,1791484226841,RESTRICTIVE_NAT,LOOPBACK_PUT_GET,154.43,70.19,224.62,True,0,0.0,False,16,3,NONE
2363,1791484226841,RESTRICTIVE_NAT,LOOPBACK_PUT_GET,114.33,175.94,290.27,True,0,0.0,False,16,4,NONE
2364,1791484226841,RESTRICTIVE_NAT,LOOPBACK_PUT_GET,126.62,145.46,272.08,True,0,0.0,False,16,4,NONE
2365,1791484226841,RESTRICTIVE_NAT,LOOPBACK_PUT_GET,147.45,157.43,304.88,True,0,0.0,False,16,3,NONE
2366,1791484226841,RESTRICTIVE_NAT,LOOPBACK_PUT_GET,112.83,134.66,247.49,True,0,0.0,False,16,4,NONE
2367,1791484226841,RESTRICTIVE_NAT,LOOPBACK_PUT_GET,71.35,458.32,529.67,True,0,0.0,False,16,8,NONE
2368,1791484226841,RESTRICTIVE_NAT,LOOPBACK_PUT_GET,140.73,134.58,275.31,True,0,0.0,False,16,8,NONE
2369,1791484226841,RESTRICTIVE_NAT,LOOPBACK_PUT_GET,95.61,131.44,227.05,True,0,0.0,False,16,4,NONE
2370,1791484226841,RESTRICTIVE_NAT,LOOPBACK_PUT_GET,126.20,137.36,263.55,True,0,0.0,False,16,5,NONE
2371,1791484226841,RESTRICTIVE_NAT,LOOPBACK_PUT_GET,91.13,90.92,182.05,True,0,0.0,False,16,7,NONE
2372,1791484226841,RESTRICTIVE_NAT,LOOPBACK_PUT_GET,460.02,111.43,571.45,True,0,0.0,False,16,4,NONE
2373,1791484226841,RESTRICTIVE_NAT,LOOPBACK_PUT_GET,132.10,61.36,193.46,True,0,0.0,False,16,3,NONE
2374,1791484226841,RESTRICTIVE_NAT,LOOPBACK_PUT_GET,150.82,59.02,209.84,True,0,0.0,False,16,5,NONE
2375,1791484226841,RESTRICTIVE_NAT,LOOPBACK_PUT_GET,84.25,65.23,149.48,True,0,0.0,False,16,6,NONE
2376,1791484226841,RESTRICTIVE_NAT,LOOPBACK_PUT_GET,85.11,510.26,595.37,True,1,0.0,False,16,7,NONE
2377,1791484226841,RESTRICTIVE_NAT,LOOPBACK_PUT_GET,70.46,331.55,402.02,True,0,0.0,False,16,7,NONE
2378,1791484226841,RESTRICTIVE_NAT,LOOPBACK_PUT_GET,607.84,69.93,677.78,True,0,0.0,False,16,7,NONE
2379,1791484226841,RESTRICTIVE_NAT,LOOPBACK_PUT_GET,168.93,275.81,444.74,True,0,0.0,False,16,7,NONE
2380,1791484226841,RESTRICTIVE_NAT,LOOPBACK_PUT_GET,108.68,167.12,275.80,True,0,0.0,False,16,6,NONE
2381,1791484226841,RESTRICTIVE_NAT,LOOPBACK_PUT_GET,136.37,363.61,499.99,True,0,0.0,False,16,5,NONE
2382,1791484226841,RESTRICTIVE_NAT,LOOPBACK_PUT_GET,58.96,313.06,372.03,True,0,0.0,False,16,8,NONE
2383,1791484226841,RESTRICTIVE_NAT,LOOPBACK_PUT_GET,64.77,77.85,142.61,True,0,0.0,False,16,5,NONE
2384,1791484226841,RESTRICTIVE_NAT,LOOPBACK_PUT_GET,498.14,56.98,555.12,True,0,0.0,False,16,6,NONE
2385,1791484226841,RESTRICTIVE_NAT,LOOPBACK_PUT_GET,133.58,147.91,281.49,True,0,0.0,False,16,8,NONE
2386,1791484226841,RESTRICTIVE_NAT,LOOPBACK_PUT_GET,435.21,120.96,556.17,True,0,0.0,False,16,7,NONE
2387,1791484226841,RESTRICTIVE_NAT,LOOPBACK_PUT_GET,139.97,51.89,191.86,True,0,0.0,False,16,7,NONE
2388,1791484226841,RESTRICTIVE_NAT,LOOPBACK_PUT_GET,487.28,171.15,658.43,True,0,0.0,False,16,5,NONE
2389,1791484226841,RESTRICTIVE_NAT,LOOPBACK_PUT_GET,166.40,155.36,321.76,True,0,0.0,False,16,4,NONE
2390,1791484226841,RESTRICTIVE_NAT,LOOPBACK_PUT_GET,490.34,579.93,1070.27,True,1,0.0,False,16,4,NONE
2391,1791484226841,RESTRICTIVE_NAT,LOOPBACK_PUT_GET,160.35,99.76,260.11,True,0,0.0,False,16,5,NONE
2392,1791484226841,RESTRICTIVE_NAT,LOOPBACK_PUT_GET,124.12,555.17,679.29,False,1,0.0,False,16,8,GET_TIMEOUT
2393,1791484226841,RESTRICTIVE_NAT,LOOPBACK_PUT_GET,116.80,503.42,620.22,True,0,0.0,False,16,7,NONE
2394,1791484226841,RESTRICTIVE_NAT,LOOPBACK_PUT_GET,595.45,0.00,595.45,False,1,0.0,False,16,0,PUT_TIMEOUT
2395,1791484226841,RESTRICTIVE_NAT,LOOPBACK_PUT_GET,613.87,540.02,1153.89,True,2,0.0,False,16,8,NONE
2396,1791484226841,RESTRICTIVE_NAT,LOOPBACK_PUT_GET,379.20,136.64,515.84,True,0,0.0,False,16,5,NONE
2397,1791484226841,RESTRICTIVE_NAT,LOOPBACK_PUT_GET,842.06,165.67,1007.73,True,1,0.0,False,16,7,NONE
2398,1791484226841,RESTRICTIVE_NAT,LOOPBACK_PUT_GET,542.10,163.57,705.67,True,0,0.0,False,16,3,NONE
2399,1791484226841,RESTRICTIVE_NAT,LOOPBACK_PUT_GET,66.62,177.58,244.20,True,0,0.0,False,16,8,NONE
2400,1791484226841,RESTRICTIVE_NAT,LOOPBACK_PUT_GET,135.20,122.41,257.61,True,0,0.0,False,16,7,NONE
2401,1791484226841,RESTRICTIVE_NAT,LOOPBACK_PUT_GET,165.43,114.09,279.52,True,0,0.0,False,16,4,NONE
2402,1791484226841,RESTRICTIVE_NAT,LOOPBACK_PUT_GET,139.18,75.59,214.77,True,0,0.0,False,16,7,NONE
2403,1791484226841,RESTRICTIVE_NAT,LOOPBACK_PUT_GET,114.56,428.91,543.47,True,0,0.0,False,16,5,NONE
2404,1791484226841,RESTRICTIVE_NAT,LOOPBACK_PUT_GET,128.00,142.57,270.57,True,0,0.0,False,16,4,NONE
2405,1791484226841,RESTRICTIVE_NAT,LOOPBACK_PUT_GET,137.50,538.40,675.90,True,1,0.0,False,16,7,NONE
2406,1791484226841,RESTRICTIVE_NAT,LOOPBACK_PUT_GET,289.50,400.01,689.50,True,0,0.0,False,16,5,NONE
2407,1791484226841,RESTRICTIVE_NAT,LOOPBACK_PUT_GET,532.63,88.31,620.94,True,1,0.0,False,16,7,NONE
2408,1791484226841,RESTRICTIVE_NAT,LOOPBACK_PUT_GET,134.08,308.01,442.09,True,0,0.0,False,16,7,NONE
2409,1791484226841,RESTRICTIVE_NAT,LOOPBACK_PUT_GET,94.69,379.71,474.40,True,0,0.0,False,16,3,NONE
2410,1791484226841,RESTRICTIVE_NAT,LOOPBACK_PUT_GET,423.17,61.50,484.67,True,0,0.0,False,16,7,NONE
2411,1791484226841,RESTRICTIVE_NAT,LOOPBACK_PUT_GET,52.74,80.77,133.51,True,0,0.0,False,16,8,NONE
2412,1791484226841,RESTRICTIVE_NAT,LOOPBACK_PUT_GET,117.64,132.30,249.94,True,0,0.0,False,16,4,NONE
2413,1791484226841,RESTRICTIVE_NAT,LOOPBACK_PUT_GET,74.57,89.86,164.44,True,0,0.0,False,16,4,NONE
2414,1791484226841,RESTRICTIVE_NAT,LOOPBACK_PUT_GET,114.98,884.21,999.19,True,1,0.0,False,16,4,NONE
2415,1791484226841,RESTRICTIVE_NAT,LOOPBACK_PUT_GET,88.61,178.47,267.08,True,0,0.0,False,16,6,NONE
2416,1791484226841,RESTRICTIVE_NAT,LOOPBACK_PUT_GET,174.47,127.83,302.30,True,0,0.0,False,16,5,NONE
2417,1791484226841,RESTRICTIVE_NAT,LOOPBACK_PUT_GET,632.22,0.00,632.22,False,1,0.0,False,16,0,PUT_TIMEOUT
2418,1791484226841,RESTRICTIVE_NAT,LOOPBACK_PUT_GET,585.07,115.25,700.32,True,1,0.0,False,16,3,NONE
2419,1791484226841,RESTRICTIVE_NAT,LOOPBACK_PUT_GET,107.10,581.28,688.38,True,1,0.0,False,16,8,NONE
2420,1791484226841,RESTRICTIVE_NAT,LOOPBACK_PUT_GET,638.91,331.56,970.47,True,1,0.0,False,16,3,NONE
2421,1791484226841,RESTRICTIVE_NAT,LOOPBACK_PUT_GET,129.58,126.23,255.82,True,0,0.0,False,16,4,NONE
2422,1791484226841,RESTRICTIVE_NAT,LOOPBACK_PUT_GET,886.96,113.41,1000.37,True,1,0.0,False,16,5,NONE
2423,1791484226841,RESTRICTIVE_NAT,LOOPBACK_PUT_GET,473.24,89.51,562.75,True,0,0.0,False,16,7,NONE
2424,1791484226841,RESTRICTIVE_NAT,LOOPBACK_PUT_GET,424.77,155.10,579.87,True,0,0.0,False,16,5,NONE
2425,1791484226841,RESTRICTIVE_NAT,LOOPBACK_PUT_GET,309.12,529.78,838.90,True,1,0.0,False,16,5,NONE
2426,1791484226841,RESTRICTIVE_NAT,LOOPBACK_PUT_GET,332.93,65.92,398.85,True,0,0.0,False,16,5,NONE
2427,1791484226841,RESTRICTIVE_NAT,LOOPBACK_PUT_GET,116.50,617.41,733.91,False,1,0.0,False,16,5,GET_TIMEOUT
2428,1791484226841,RESTRICTIVE_NAT,LOOPBACK_PUT_GET,537.59,86.28,623.86,True,1,0.0,False,16,3,NONE
2429,1791484226841,RESTRICTIVE_NAT,LOOPBACK_PUT_GET,800.93,166.11,967.03,True,1,0.0,False,16,4,NONE
2430,1791484226841,RESTRICTIVE_NAT,LOOPBACK_PUT_GET,100.31,360.44,460.75,True,0,0.0,False,16,3,NONE
2431,1791484226841,RESTRICTIVE_NAT,LOOPBACK_PUT_GET,542.31,144.85,687.16,True,1,0.0,False,16,4,NONE
2432,1791484226841,RESTRICTIVE_NAT,LOOPBACK_PUT_GET,136.32,139.12,275.44,True,0,0.0,False,16,6,NONE
2433,1791484226841,RESTRICTIVE_NAT,LOOPBACK_PUT_GET,85.12,582.71,667.83,True,1,0.0,False,16,3,NONE
2434,1791484226841,RESTRICTIVE_NAT,LOOPBACK_PUT_GET,131.36,123.39,254.75,True,0,0.0,False,16,7,NONE
2435,1791484226841,RESTRICTIVE_NAT,LOOPBACK_PUT_GET,89.33,570.43,659.76,True,1,0.0,False,16,4,NONE
2436,1791484226841,RESTRICTIVE_NAT,LOOPBACK_PUT_GET,286.29,53.57,339.87,True,0,0.0,False,16,4,NONE
2437,1791484226841,RESTRICTIVE_NAT,LOOPBACK_PUT_GET,99.62,60.61,160.24,True,0,0.0,False,16,6,NONE
2438,1791484226842,RESTRICTIVE_NAT,LOOPBACK_PUT_GET,115.52,119.27,234.80,True,0,0.0,False,16,4,NONE
2439,1791484226842,RESTRICTIVE_NAT,LOOPBACK_PUT_GET,138.48,108.59,247.07,True,0,0.0,False,16,7,NONE
2440,1791484226842,RESTRICTIVE_NAT,LOOPBACK_PUT_GET,553.39,137.53,690.92,True,0,0.0,False,16,4,NONE
2441,1791484226842,RESTRICTIVE_NAT,LOOPBACK_PUT_GET,139.25,836.30,975.55,True,1,0.0,False,16,7,NONE
2442,1791484226842,RESTRICTIVE_NAT,LOOPBACK_PUT_GET,433.20,168.37,601.57,True,0,0.0,False,16,4,NONE
2443,1791484226842,RESTRICTIVE_NAT,LOOPBACK_PUT_GET,70.27,60.28,130.55,True,0,0.0,False,16,3,NONE
2444,1791484226842,RESTRICTIVE_NAT,LOOPBACK_PUT_GET,56.19,178.40,234.58,True,0,0.0,False,16,7,NONE
2445,1791484226842,RESTRICTIVE_NAT,LOOPBACK_PUT_GET,85.02,139.51,224.53,True,0,0.0,False,16,6,NONE
2446,1791484226842,RESTRICTIVE_NAT,LOOPBACK_PUT_GET,81.13,123.67,204.80,True,0,0.0,False,16,5,NONE
2447,1791484226842,RESTRICTIVE_NAT,LOOPBACK_PUT_GET,66.15,83.06,149.21,True,0,0.0,False,16,3,NONE
2448,1791484226842,RESTRICTIVE_NAT,LOOPBACK_PUT_GET,563.37,469.87,1033.25,True,1,0.0,False,16,6,NONE
2449,1791484226842,RESTRICTIVE_NAT,LOOPBACK_PUT_GET,357.60,552.97,910.56,True,0,0.0,False,16,8,NONE
2450,1791484226842,RESTRICTIVE_NAT,LOOPBACK_PUT_GET,165.53,455.92,621.45,True,0,0.0,False,16,5,NONE
2451,1791484226842,RESTRICTIVE_NAT,LOOPBACK_PUT_GET,95.84,429.76,525.60,True,0,0.0,False,16,5,NONE
2452,1791484226842,RESTRICTIVE_NAT,LOOPBACK_PUT_GET,140.58,579.54,720.11,True,1,0.0,False,16,3,NONE
2453,1791484226842,RESTRICTIVE_NAT,LOOPBACK_PUT_GET,160.07,465.26,625.34,True,0,0.0,False,16,8,NONE
2454,1791484226842,RESTRICTIVE_NAT,LOOPBACK_PUT_GET,118.06,81.94,200.00,True,0,0.0,False,16,3,NONE
2455,1791484226842,RESTRICTIVE_NAT,LOOPBACK_PUT_GET,453.67,453.72,907.39,True,0,0.0,False,16,5,NONE
2456,1791484226842,RESTRICTIVE_NAT,LOOPBACK_PUT_GET,151.20,139.82,291.01,True,0,0.0,False,16,6,NONE
2457,1791484226842,RESTRICTIVE_NAT,LOOPBACK_PUT_GET,138.15,66.36,204.51,True,0,0.0,False,16,4,NONE
2458,1791484226842,RESTRICTIVE_NAT,LOOPBACK_PUT_GET,174.90,537.41,712.31,True,0,0.0,False,16,4,NONE
2459,1791484226842,RESTRICTIVE_NAT,LOOPBACK_PUT_GET,120.16,122.16,242.32,True,0,0.0,False,16,6,NONE
2460,1791484226842,RESTRICTIVE_NAT,LOOPBACK_PUT_GET,72.67,171.17,243.84,True,0,0.0,False,16,5,NONE
2461,1791484226842,RESTRICTIVE_NAT,LOOPBACK_PUT_GET,77.20,344.18,421.38,True,0,0.0,False,16,3,NONE
2462,1791484226842,RESTRICTIVE_NAT,LOOPBACK_PUT_GET,139.89,84.11,224.00,True,0,0.0,False,16,6,NONE
2463,1791484226842,RESTRICTIVE_NAT,LOOPBACK_PUT_GET,485.58,173.16,658.74,True,0,0.0,False,16,8,NONE
2464,1791484226842,RESTRICTIVE_NAT,LOOPBACK_PUT_GET,156.21,546.37,702.57,True,1,0.0,False,16,7,NONE
2465,1791484226842,RESTRICTIVE_NAT,LOOPBACK_PUT_GET,164.73,448.36,613.09,True,0,0.0,False,16,6,NONE
2466,1791484226842,RESTRICTIVE_NAT,LOOPBACK_PUT_GET,58.62,156.70,215.32,True,0,0.0,False,16,5,NONE
2467,1791484226842,RESTRICTIVE_NAT,LOOPBACK_PUT_GET,826.92,62.18,889.10,True,1,0.0,False,16,8,NONE
2468,1791484226842,RESTRICTIVE_NAT,LOOPBACK_PUT_GET,133.57,137.00,270.57,True,0,0.0,False,16,8,NONE
2469,1791484226842,RESTRICTIVE_NAT,LOOPBACK_PUT_GET,318.56,143.06,461.62,True,0,0.0,False,16,3,NONE
2470,1791484226842,RESTRICTIVE_NAT,LOOPBACK_PUT_GET,137.16,79.95,217.11,True,0,0.0,False,16,7,NONE
2471,1791484226842,RESTRICTIVE_NAT,LOOPBACK_PUT_GET,333.71,619.21,952.92,True,1,0.0,False,16,8,NONE
2472,1791484226842,RESTRICTIVE_NAT,LOOPBACK_PUT_GET,156.00,162.70,318.70,True,0,0.0,False,16,8,NONE
2473,1791484226842,RESTRICTIVE_NAT,LOOPBACK_PUT_GET,164.07,63.61,227.68,True,0,0.0,False,16,3,NONE
2474,1791484226842,RESTRICTIVE_NAT,LOOPBACK_PUT_GET,163.21,122.63,285.83,True,0,0.0,False,16,5,NONE
2475,1791484226842,RESTRICTIVE_NAT,LOOPBACK_PUT_GET,56.05,66.16,122.21,True,0,0.0,False,16,5,NONE
2476,1791484226842,RESTRICTIVE_NAT,LOOPBACK_PUT_GET,560.07,59.89,619.96,True,0,0.0,False,16,3,NONE
2477,1791484226842,RESTRICTIVE_NAT,LOOPBACK_PUT_GET,537.09,177.33,714.42,True,0,0.0,False,16,7,NONE
2478,1791484226842,RESTRICTIVE_NAT,LOOPBACK_PUT_GET,104.14,168.65,272.78,True,0,0.0,False,16,8,NONE
2479,1791484226842,RESTRICTIVE_NAT,LOOPBACK_PUT_GET,89.03,73.52,162.55,True,0,0.0,False,16,3,NONE
2480,1791484226842,RESTRICTIVE_NAT,LOOPBACK_PUT_GET,62.45,50.37,112.82,True,0,0.0,False,16,4,NONE
2481,1791484226842,RESTRICTIVE_NAT,LOOPBACK_PUT_GET,526.63,277.62,804.25,True,1,0.0,False,16,5,NONE
2482,1791484226842,RESTRICTIVE_NAT,LOOPBACK_PUT_GET,155.19,506.77,661.96,True,0,0.0,False,16,7,NONE
2483,1791484226842,RESTRICTIVE_NAT,LOOPBACK_PUT_GET,89.17,64.55,153.72,True,0,0.0,False,16,5,NONE
2484,1791484226842,RESTRICTIVE_NAT,LOOPBACK_PUT_GET,550.33,504.45,1054.77,True,0,0.0,False,16,4,NONE
2485,1791484226842,RESTRICTIVE_NAT,LOOPBACK_PUT_GET,913.71,128.09,1041.80,True,1,0.0,False,16,6,NONE
2486,1791484226842,RESTRICTIVE_NAT,LOOPBACK_PUT_GET,522.72,0.00,522.72,False,1,0.0,False,16,0,PUT_TIMEOUT
2487,1791484226842,RESTRICTIVE_NAT,LOOPBACK_PUT_GET,75.66,159.10,234.76,True,0,0.0,False,16,4,NONE
2488,1791484226842,RESTRICTIVE_NAT,LOOPBACK_PUT_GET,108.46,122.05,230.50,True,0,0.0,False,16,7,NONE
2489,1791484226842,RESTRICTIVE_NAT,LOOPBACK_PUT_GET,61.72,531.09,592.81,True,0,0.0,False,16,8,NONE
2490,1791484226842,RESTRICTIVE_NAT,LOOPBACK_PUT_GET,397.42,400.82,798.24,True,0,0.0,False,16,5,NONE
2491,1791484226842,RESTRICTIVE_NAT,LOOPBACK_PUT_GET,73.07,104.51,177.58,True,0,0.0,False,16,6,NONE
2492,1791484226842,RESTRICTIVE_NAT,LOOPBACK_PUT_GET,73.23,140.88,214.11,True,0,0.0,False,16,4,NONE
2493,1791484226842,RESTRICTIVE_NAT,LOOPBACK_PUT_GET,479.52,111.34,590.86,True,0,0.0,False,16,8,NONE
2494,1791484226842,RESTRICTIVE_NAT,LOOPBACK_PUT_GET,160.46,551.25,711.71,True,1,0.0,False,16,8,NONE
2495,1791484226842,RESTRICTIVE_NAT,LOOPBACK_PUT_GET,130.95,141.96,272.91,True,0,0.0,False,16,3,NONE
2496,1791484226842,RESTRICTIVE_NAT,LOOPBACK_PUT_GET,630.53,60.18,690.71,True,1,0.0,False,16,8,NONE
2497,1791484226842,RESTRICTIVE_NAT,LOOPBACK_PUT_GET,628.61,366.51,995.12,True,1,0.0,False,16,6,NONE
2498,1791484226842,RESTRICTIVE_NAT,LOOPBACK_PUT_GET,564.30,134.25,698.55,True,1,0.0,False,16,3,NONE
2499,1791484226842,RESTRICTIVE_NAT,LOOPBACK_PUT_GET,158.35,176.15,334.50,True,0,0.0,False,16,4,NONE
2500,1791484226842,RESTRICTIVE_NAT,LOOPBACK_PUT_GET,91.37,124.75,216.12,True,0,0.0,False,16,3,NONE
2501,1791484226842,RESTRICTIVE_NAT,LOOPBACK_PUT_GET,95.74,108.17,203.91,True,0,0.0,False,16,5,NONE
2502,1791484226842,RESTRICTIVE_NAT,LOOPBACK_PUT_GET,539.99,106.31,646.31,True,1,0.0,False,16,6,NONE
2503,1791484226842,RESTRICTIVE_NAT,LOOPBACK_PUT_GET,114.29,565.37,679.66,True,0,0.0,False,16,4,NONE
2504,1791484226842,RESTRICTIVE_NAT,LOOPBACK_PUT_GET,87.46,54.66,142.12,True,0,0.0,False,16,8,NONE
2505,1791484226842,RESTRICTIVE_NAT,LOOPBACK_PUT_GET,80.79,73.25,154.05,True,0,0.0,False,16,4,NONE
2506,1791484226842,RESTRICTIVE_NAT,LOOPBACK_PUT_GET,110.87,149.79,260.67,True,0,0.0,False,16,7,NONE
2507,1791484226842,RESTRICTIVE_NAT,LOOPBACK_PUT_GET,304.48,172.43,476.91,True,0,0.0,False,16,4,NONE
2508,1791484226842,RESTRICTIVE_NAT,LOOPBACK_PUT_GET,115.35,67.43,182.78,True,0,0.0,False,16,6,NONE
2509,1791484226842,RESTRICTIVE_NAT,LOOPBACK_PUT_GET,58.76,89.07,147.83,True,0,0.0,False,16,4,NONE
2510,1791484226842,RESTRICTIVE_NAT,LOOPBACK_PUT_GET,340.79,546.86,887.65,True,0,0.0,False,16,7,NONE
2511,1791484226842,RESTRICTIVE_NAT,LOOPBACK_PUT_GET,171.86,144.47,316.33,True,0,0.0,False,16,6,NONE
2512,1791484226842,RESTRICTIVE_NAT,LOOPBACK_PUT_GET,175.42,613.97,789.39,True,1,0.0,False,16,8,NONE
2513,1791484226842,RESTRICTIVE_NAT,LOOPBACK_PUT_GET,131.45,104.55,236.00,True,0,0.0,False,16,4,NONE
2514,1791484226842,RESTRICTIVE_NAT,LOOPBACK_PUT_GET,477.65,168.14,645.79,True,0,0.0,False,16,7,NONE
2515,1791484226842,RESTRICTIVE_NAT,LOOPBACK_PUT_GET,69.06,443.32,512.38,True,0,0.0,False,16,6,NONE
2516,1791484226842,RESTRICTIVE_NAT,LOOPBACK_PUT_GET,147.04,99.97,247.01,True,0,0.0,False,16,7,NONE
2517,1791484226842,RESTRICTIVE_NAT,LOOPBACK_PUT_GET,82.32,437.55,519.87,True,0,0.0,False,16,5,NONE
2518,1791484226842,RESTRICTIVE_NAT,LOOPBACK_PUT_GET,116.33,139.94,256.27,True,0,0.0,False,16,8,NONE
2519,1791484226842,RESTRICTIVE_NAT,LOOPBACK_PUT_GET,407.90,126.61,534.51,True,0,0.0,False,16,5,NONE
2520,1791484226842,RESTRICTIVE_NAT,LOOPBACK_PUT_GET,375.84,158.88,534.72,True,0,0.0,False,16,4,NONE
2521,1791484226842,RESTRICTIVE_NAT,LOOPBACK_PUT_GET,146.61,73.33,219.94,True,0,0.0,False,16,5,NONE
2522,1791484226842,RESTRICTIVE_NAT,LOOPBACK_PUT_GET,460.86,836.28,1297.14,True,1,0.0,False,16,7,NONE
2523,1791484226842,RESTRICTIVE_NAT,LOOPBACK_PUT_GET,609.54,142.45,751.99,True,1,0.0,False,16,5,NONE
2524,1791484226842,RESTRICTIVE_NAT,LOOPBACK_PUT_GET,514.86,260.40,775.26,True,0,0.0,False,16,5,NONE
2525,1791484226842,RESTRICTIVE_NAT,LOOPBACK_PUT_GET,291.84,147.49,439.33,True,0,0.0,False,16,7,NONE
2526,1791484226842,RESTRICTIVE_NAT,LOOPBACK_PUT_GET,69.85,463.44,533.29,True,0,0.0,False,16,4,NONE
2527,1791484226842,RESTRICTIVE_NAT,LOOPBACK_PUT_GET,163.49,72.59,236.07,True,0,0.0,False,16,6,NONE
2528,1791484226842,RESTRICTIVE_NAT,LOOPBACK_PUT_GET,56.45,80.43,136.88,True,0,0.0,False,16,4,NONE
2529,1791484226842,RESTRICTIVE_NAT,LOOPBACK_PUT_GET,69.10,409.60,478.71,True,0,0.0,False,16,8,NONE
2530,1791484226842,RESTRICTIVE_NAT,LOOPBACK_PUT_GET,613.93,0.00,613.93,False,1,0.0,False,16,0,PUT_TIMEOUT
2531,1791484226842,RESTRICTIVE_NAT,LOOPBACK_PUT_GET,70.01,149.06,219.06,True,0,0.0,False,16,5,NONE
2532,1791484226842,RESTRICTIVE_NAT,LOOPBACK_PUT_GET,295.46,89.05,384.51,True,0,0.0,False,16,7,NONE
2533,1791484226842,RESTRICTIVE_NAT,LOOPBACK_PUT_GET,171.11,561.28,732.39,True,0,0.0,False,16,8,NONE
2534,1791484226842,RESTRICTIVE_NAT,LOOPBACK_PUT_GET,56.89,119.67,176.56,True,0,0.0,False,16,4,NONE
2535,1791484226842,RESTRICTIVE_NAT,LOOPBACK_PUT_GET,605.51,0.00,605.51,False,1,0.0,False,16,0,PUT_TIMEOUT
2536,1791484226842,RESTRICTIVE_NAT,LOOPBACK_PUT_GET,174.68,611.81,786.49,True,1,0.0,False,16,4,NONE
2537,1791484226842,RESTRICTIVE_NAT,LOOPBACK_PUT_GET,175.52,379.27,554.78,True,0,0.0,False,16,8,NONE
2538,1791484226842,RESTRICTIVE_NAT,LOOPBACK_PUT_GET,519.96,86.86,606.82,True,1,0.0,False,16,3,NONE
2539,1791484226842,RESTRICTIVE_NAT,LOOPBACK_PUT_GET,155.04,583.07,738.12,True,1,0.0,False,16,4,NONE
2540,1791484226842,RESTRICTIVE_NAT,LOOPBACK_PUT_GET,109.81,599.47,709.28,True,1,0.0,False,16,4,NONE
2541,1791484226842,RESTRICTIVE_NAT,LOOPBACK_PUT_GET,166.97,510.82,677.79,True,1,0.0,False,16,4,NONE
2542,1791484226842,RESTRICTIVE_NAT,LOOPBACK_PUT_GET,67.08,76.77,143.86,True,0,0.0,False,16,7,NONE
2543,1791484226842,RESTRICTIVE_NAT,LOOPBACK_PUT_GET,138.50,428.84,567.34,True,0,0.0,False,16,6,NONE
2544,1791484226842,RESTRICTIVE_NAT,LOOPBACK_PUT_GET,93.34,145.57,238.92,True,0,0.0,False,16,7,NONE
2545,1791484226842,RESTRICTIVE_NAT,LOOPBACK_PUT_GET,141.49,91.57,233.06,True,0,0.0,False,16,8,NONE
2546,1791484226842,RESTRICTIVE_NAT,LOOPBACK_PUT_GET,138.26,428.61,566.88,True,0,0.0,False,16,4,NONE
2547,1791484226842,RESTRICTIVE_NAT,LOOPBACK_PUT_GET,514.73,90.87,605.61,True,0,0.0,False,16,4,NONE
2548,1791484226842,RESTRICTIVE_NAT,LOOPBACK_PUT_GET,405.04,53.10,458.14,True,0,0.0,False,16,8,NONE
2549,1791484226842,RESTRICTIVE_NAT,LOOPBACK_PUT_GET,96.11,169.65,265.75,True,0,0.0,False,16,7,NONE
2550,1791484226842,RESTRICTIVE_NAT,LOOPBACK_PUT_GET,60.05,608.36,668.41,True,1,0.0,False,16,8,NONE
2551,1791484226842,RESTRICTIVE_NAT,LOOPBACK_PUT_GET,107.15,87.81,194.96,True,0,0.0,False,16,7,NONE
2552,1791484226842,RESTRICTIVE_NAT,LOOPBACK_PUT_GET,171.47,68.27,239.74,True,0,0.0,False,16,6,NONE
2553,1791484226842,RESTRICTIVE_NAT,LOOPBACK_PUT_GET,622.49,0.00,622.49,False,1,0.0,False,16,0,PUT_TIMEOUT
2554,1791484226842,RESTRICTIVE_NAT,LOOPBACK_PUT_GET,70.23,149.01,219.23,True,0,0.0,False,16,5,NONE
2555,1791484226842,RESTRICTIVE_NAT,LOOPBACK_PUT_GET,157.22,566.23,723.44,True,1,0.0,False,16,6,NONE
2556,1791484226842,RESTRICTIVE_NAT,LOOPBACK_PUT_GET,611.04,86.89,697.93,True,1,0.0,False,16,6,NONE
2557,1791484226842,RESTRICTIVE_NAT,LOOPBACK_PUT_GET,68.88,53.60,122.48,True,0,0.0,False,16,4,NONE
2558,1791484226842,RESTRICTIVE_NAT,LOOPBACK_PUT_GET,68.22,486.51,554.73,True,0,0.0,False,16,7,NONE
2559,1791484226842,RESTRICTIVE_NAT,LOOPBACK_PUT_GET,77.84,171.93,249.77,True,0,0.0,False,16,3,NONE
2560,1791484226842,RESTRICTIVE_NAT,LOOPBACK_PUT_GET,143.20,163.52,306.72,True,0,0.0,False,16,7,NONE
2561,1791484226842,RESTRICTIVE_NAT,LOOPBACK_PUT_GET,161.15,178.37,339.53,True,0,0.0,False,16,7,NONE
2562,1791484226842,RESTRICTIVE_NAT,LOOPBACK_PUT_GET,69.40,110.65,180.05,True,0,0.0,False,16,4,NONE
2563,1791484226842,RESTRICTIVE_NAT,LOOPBACK_PUT_GET,298.77,455.14,753.91,True,0,0.0,False,16,8,NONE
2564,1791484226842,RESTRICTIVE_NAT,LOOPBACK_PUT_GET,106.78,111.92,218.70,True,0,0.0,False,16,5,NONE
2565,1791484226842,RESTRICTIVE_NAT,LOOPBACK_PUT_GET,163.77,176.55,340.32,True,0,0.0,False,16,8,NONE
2566,1791484226842,RESTRICTIVE_NAT,LOOPBACK_PUT_GET,100.30,133.57,233.88,True,0,0.0,False,16,7,NONE
2567,1791484226842,RESTRICTIVE_NAT,LOOPBACK_PUT_GET,78.94,118.07,197.01,True,0,0.0,False,16,3,NONE
2568,1791484226842,RESTRICTIVE_NAT,LOOPBACK_PUT_GET,115.40,63.07,178.47,True,0,0.0,False,16,4,NONE
2569,1791484226842,RESTRICTIVE_NAT,LOOPBACK_PUT_GET,286.66,98.40,385.06,True,0,0.0,False,16,7,NONE
2570,1791484226842,RESTRICTIVE_NAT,LOOPBACK_PUT_GET,71.32,424.63,495.94,True,0,0.0,False,16,8,NONE
2571,1791484226842,RESTRICTIVE_NAT,LOOPBACK_PUT_GET,126.62,553.95,680.57,True,0,0.0,False,16,7,NONE
2572,1791484226842,RESTRICTIVE_NAT,LOOPBACK_PUT_GET,124.78,130.07,254.85,True,0,0.0,False,16,4,NONE
2573,1791484226842,RESTRICTIVE_NAT,LOOPBACK_PUT_GET,101.42,543.63,645.05,True,0,0.0,False,16,7,NONE
2574,1791484226842,RESTRICTIVE_NAT,LOOPBACK_PUT_GET,127.78,155.96,283.74,True,0,0.0,False,16,6,NONE
2575,1791484226842,RESTRICTIVE_NAT,LOOPBACK_PUT_GET,123.19,612.29,735.48,True,1,0.0,False,16,3,NONE
2576,1791484226842,RESTRICTIVE_NAT,LOOPBACK_PUT_GET,453.37,523.62,976.99,True,1,0.0,False,16,4,NONE
2577,1791484226842,RESTRICTIVE_NAT,LOOPBACK_PUT_GET,105.94,521.97,627.91,True,1,0.0,False,16,5,NONE
2578,1791484226842,RESTRICTIVE_NAT,LOOPBACK_PUT_GET,555.16,82.70,637.86,True,0,0.0,False,16,5,NONE
2579,1791484226842,RESTRICTIVE_NAT,LOOPBACK_PUT_GET,624.62,0.00,624.62,False,1,0.0,False,16,0,PUT_TIMEOUT
2580,1791484226842,RESTRICTIVE_NAT,LOOPBACK_PUT_GET,131.76,84.34,216.10,True,0,0.0,False,16,7,NONE
2581,1791484226842,RESTRICTIVE_NAT,LOOPBACK_PUT_GET,497.01,101.60,598.61,True,0,0.0,False,16,6,NONE
2582,1791484226842,RESTRICTIVE_NAT,LOOPBACK_PUT_GET,481.07,176.93,658.00,True,0,0.0,False,16,4,NONE
2583,1791484226842,RESTRICTIVE_NAT,LOOPBACK_PUT_GET,102.86,95.14,198.00,True,0,0.0,False,16,8,NONE
2584,1791484226842,RESTRICTIVE_NAT,LOOPBACK_PUT_GET,274.44,129.10,403.54,True,0,0.0,False,16,3,NONE
2585,1791484226842,RESTRICTIVE_NAT,LOOPBACK_PUT_GET,68.75,70.46,139.21,True,0,0.0,False,16,6,NONE
2586,1791484226842,RESTRICTIVE_NAT,LOOPBACK_PUT_GET,531.26,114.14,645.39,True,1,0.0,False,16,6,NONE
2587,1791484226842,RESTRICTIVE_NAT,LOOPBACK_PUT_GET,515.93,124.93,640.86,True,1,0.0,False,16,5,NONE
2588,1791484226842,RESTRICTIVE_NAT,LOOPBACK_PUT_GET,512.70,114.51,627.21,True,0,0.0,False,16,7,NONE
2589,1791484226842,RESTRICTIVE_NAT,LOOPBACK_PUT_GET,107.93,426.99,534.93,True,0,0.0,False,16,5,NONE
2590,1791484226842,RESTRICTIVE_NAT,LOOPBACK_PUT_GET,454.67,266.63,721.29,True,0,0.0,False,16,8,NONE
2591,1791484226842,RESTRICTIVE_NAT,LOOPBACK_PUT_GET,773.14,143.52,916.67,True,1,0.0,False,16,4,NONE
2592,1791484226842,RESTRICTIVE_NAT,LOOPBACK_PUT_GET,61.31,119.70,181.01,True,0,0.0,False,16,6,NONE
2593,1791484226842,RESTRICTIVE_NAT,LOOPBACK_PUT_GET,174.74,572.49,747.23,False,1,0.0,False,16,5,GET_TIMEOUT
2594,1791484226842,RESTRICTIVE_NAT,LOOPBACK_PUT_GET,113.93,551.90,665.83,True,1,0.0,False,16,6,NONE
2595,1791484226842,RESTRICTIVE_NAT,LOOPBACK_PUT_GET,154.91,146.75,301.66,True,0,0.0,False,16,6,NONE
2596,1791484226842,RESTRICTIVE_NAT,LOOPBACK_PUT_GET,118.23,607.96,726.19,True,1,0.0,False,16,5,NONE
2597,1791484226842,RESTRICTIVE_NAT,LOOPBACK_PUT_GET,74.85,578.33,653.18,True,0,0.0,False,16,3,NONE
2598,1791484226842,RESTRICTIVE_NAT,LOOPBACK_PUT_GET,137.04,545.17,682.22,True,1,0.0,False,16,3,NONE
2599,1791484226842,RESTRICTIVE_NAT,LOOPBACK_PUT_GET,56.63,137.75,194.38,True,0,0.0,False,16,8,NONE
2600,1791484226842,RESTRICTIVE_NAT,LOOPBACK_PUT_GET,55.17,537.97,593.14,False,1,0.0,False,16,6,GET_TIMEOUT
2601,1791484226842,RESTRICTIVE_NAT,LOOPBACK_PUT_GET,145.62,91.18,236.80,True,0,0.0,False,16,6,NONE
2602,1791484226842,RESTRICTIVE_NAT,LOOPBACK_PUT_GET,610.19,164.64,774.83,True,1,0.0,False,16,4,NONE
2603,1791484226842,RESTRICTIVE_NAT,LOOPBACK_PUT_GET,124.83,492.18,617.01,True,0,0.0,False,16,6,NONE
2604,1791484226842,RESTRICTIVE_NAT,LOOPBACK_PUT_GET,500.08,419.91,919.99,True,0,0.0,False,16,8,NONE
2605,1791484226842,RESTRICTIVE_NAT,LOOPBACK_PUT_GET,95.71,134.81,230.52,True,0,0.0,False,16,7,NONE
2606,1791484226842,RESTRICTIVE_NAT,LOOPBACK_PUT_GET,166.02,512.00,678.02,True,0,0.0,False,16,5,NONE
2607,1791484226842,RESTRICTIVE_NAT,LOOPBACK_PUT_GET,140.75,87.96,228.70,True,0,0.0,False,16,4,NONE
2608,1791484226842,RESTRICTIVE_NAT,LOOPBACK_PUT_GET,119.40,96.88,216.28,True,0,0.0,False,16,4,NONE
2609,1791484226842,RESTRICTIVE_NAT,LOOPBACK_PUT_GET,111.52,387.33,498.84,True,0,0.0,False,16,8,NONE
2610,1791484226842,RESTRICTIVE_NAT,LOOPBACK_PUT_GET,147.27,80.20,227.47,True,0,0.0,False,16,3,NONE
2611,1791484226842,RESTRICTIVE_NAT,LOOPBACK_PUT_GET,394.68,173.95,568.63,True,0,0.0,False,16,3,NONE
2612,1791484226842,RESTRICTIVE_NAT,LOOPBACK_PUT_GET,132.95,106.32,239.27,True,0,0.0,False,16,7,NONE
2613,1791484226842,RESTRICTIVE_NAT,LOOPBACK_PUT_GET,167.99,279.66,447.65,True,0,0.0,False,16,4,NONE
2614,1791484226842,RESTRICTIVE_NAT,LOOPBACK_PUT_GET,115.51,97.04,212.55,True,0,0.0,False,16,3,NONE
2615,1791484226842,RESTRICTIVE_NAT,LOOPBACK_PUT_GET,511.60,161.16,672.76,True,0,0.0,False,16,7,NONE
2616,1791484226842,RESTRICTIVE_NAT,LOOPBACK_PUT_GET,163.49,179.63,343.12,True,0,0.0,False,16,8,NONE
2617,1791484226842,RESTRICTIVE_NAT,LOOPBACK_PUT_GET,130.32,102.40,232.73,True,0,0.0,False,16,4,NONE
2618,1791484226842,RESTRICTIVE_NAT,LOOPBACK_PUT_GET,69.56,577.89,647.45,True,0,0.0,False,16,4,NONE
2619,1791484226842,RESTRICTIVE_NAT,LOOPBACK_PUT_GET,152.50,386.78,539.28,True,0,0.0,False,16,8,NONE
2620,1791484226842,RESTRICTIVE_NAT,LOOPBACK_PUT_GET,101.33,932.81,1034.14,True,1,0.0,False,16,4,NONE
2621,1791484226842,RESTRICTIVE_NAT,LOOPBACK_PUT_GET,296.87,596.80,893.67,True,1,0.0,False,16,7,NONE
2622,1791484226842,RESTRICTIVE_NAT,LOOPBACK_PUT_GET,69.85,132.25,202.11,True,0,0.0,False,16,7,NONE
2623,1791484226842,RESTRICTIVE_NAT,LOOPBACK_PUT_GET,53.41,615.22,668.63,True,1,0.0,False,16,7,NONE
2624,1791484226842,RESTRICTIVE_NAT,LOOPBACK_PUT_GET,91.92,498.58,590.51,True,0,0.0,False,16,8,NONE
2625,1791484226842,RESTRICTIVE_NAT,LOOPBACK_PUT_GET,394.44,146.16,540.61,True,0,0.0,False,16,3,NONE
2626,1791484226842,RESTRICTIVE_NAT,LOOPBACK_PUT_GET,318.07,119.74,437.81,True,0,0.0,False,16,4,NONE
2627,1791484226842,RESTRICTIVE_NAT,LOOPBACK_PUT_GET,128.54,155.31,283.85,True,0,0.0,False,16,4,NONE
2628,1791484226842,RESTRICTIVE_NAT,LOOPBACK_PUT_GET,538.03,162.61,700.65,True,1,0.0,False,16,4,NONE
2629,1791484226842,RESTRICTIVE_NAT,LOOPBACK_PUT_GET,147.98,81.21,229.19,True,0,0.0,False,16,4,NONE
2630,1791484226842,RESTRICTIVE_NAT,LOOPBACK_PUT_GET,169.93,143.79,313.71,True,0,0.0,False,16,6,NONE
2631,1791484226842,RESTRICTIVE_NAT,LOOPBACK_PUT_GET,477.03,418.19,895.22,True,0,0.0,False,16,6,NONE
2632,1791484226842,RESTRICTIVE_NAT,LOOPBACK_PUT_GET,150.03,298.76,448.79,True,0,0.0,False,16,8,NONE
2633,1791484226842,RESTRICTIVE_NAT,LOOPBACK_PUT_GET,146.96,69.41,216.37,True,0,0.0,False,16,8,NONE
2634,1791484226842,RESTRICTIVE_NAT,LOOPBACK_PUT_GET,78.25,95.99,174.24,True,0,0.0,False,16,7,NONE
2635,1791484226842,RESTRICTIVE_NAT,LOOPBACK_PUT_GET,61.11,144.56,205.68,True,0,0.0,False,16,7,NONE
2636,1791484226842,RESTRICTIVE_NAT,LOOPBACK_PUT_GET,143.46,120.81,264.27,True,0,0.0,False,16,3,NONE
2637,1791484226842,RESTRICTIVE_NAT,LOOPBACK_PUT_GET,112.40,101.20,213.60,True,0,0.0,False,16,6,NONE
2638,1791484226842,RESTRICTIVE_NAT,LOOPBACK_PUT_GET,179.66,67.93,247.59,True,0,0.0,False,16,4,NONE
2639,1791484226842,RESTRICTIVE_NAT,LOOPBACK_PUT_GET,127.38,143.81,271.19,True,0,0.0,False,16,8,NONE
2640,1791484226842,RESTRICTIVE_NAT,LOOPBACK_PUT_GET,577.95,0.00,577.95,False,1,0.0,False,16,0,PUT_TIMEOUT
2641,1791484226842,RESTRICTIVE_NAT,LOOPBACK_PUT_GET,493.10,109.07,602.17,True,0,0.0,False,16,3,NONE
2642,1791484226842,RESTRICTIVE_NAT,LOOPBACK_PUT_GET,84.52,68.61,153.14,True,0,0.0,False,16,5,NONE
2643,1791484226842,RESTRICTIVE_NAT,LOOPBACK_PUT_GET,78.38,533.15,611.53,True,1,0.0,False,16,4,NONE
2644,1791484226842,RESTRICTIVE_NAT,LOOPBACK_PUT_GET,95.14,105.78,200.92,True,0,0.0,False,16,7,NONE
2645,1791484226842,RESTRICTIVE_NAT,LOOPBACK_PUT_GET,120.34,121.97,242.32,True,0,0.0,False,16,5,NONE
2646,1791484226842,RESTRICTIVE_NAT,LOOPBACK_PUT_GET,106.54,166.42,272.96,True,0,0.0,False,16,7,NONE
2647,1791484226842,RESTRICTIVE_NAT,LOOPBACK_PUT_GET,52.24,146.80,199.04,True,0,0.0,False,16,8,NONE
2648,1791484226842,RESTRICTIVE_NAT,LOOPBACK_PUT_GET,94.82,65.45,160.28,True,0,0.0,False,16,6,NONE
2649,1791484226842,RESTRICTIVE_NAT,LOOPBACK_PUT_GET,102.65,80.98,183.63,True,0,0.0,False,16,7,NONE
2650,1791484226842,RESTRICTIVE_NAT,LOOPBACK_PUT_GET,122.24,110.75,232.98,True,0,0.0,False,16,8,NONE
2651,1791484226842,RESTRICTIVE_NAT,LOOPBACK_PUT_GET,62.64,116.30,178.94,True,0,0.0,False,16,6,NONE
2652,1791484226842,RESTRICTIVE_NAT,LOOPBACK_PUT_GET,91.76,110.88,202.64,True,0,0.0,False,16,5,NONE
2653,1791484226842,RESTRICTIVE_NAT,LOOPBACK_PUT_GET,63.38,73.80,137.18,True,0,0.0,False,16,3,NONE
2654,1791484226842,RESTRICTIVE_NAT,LOOPBACK_PUT_GET,90.77,66.66,157.43,True,0,0.0,False,16,7,NONE
2655,1791484226842,RESTRICTIVE_NAT,LOOPBACK_PUT_GET,59.11,129.62,188.73,True,0,0.0,False,16,6,NONE
2656,1791484226842,RESTRICTIVE_NAT,LOOPBACK_PUT_GET,163.75,955.10,1118.85,True,1,0.0,False,16,8,NONE
2657,1791484226842,RESTRICTIVE_NAT,LOOPBACK_PUT_GET,502.61,626.50,1129.11,True,1,0.0,False,16,4,NONE
2658,1791484226842,RESTRICTIVE_NAT,LOOPBACK_PUT_GET,498.67,554.15,1052.82,True,0,0.0,False,16,7,NONE
2659,1791484226842,RESTRICTIVE_NAT,LOOPBACK_PUT_GET,572.46,120.30,692.76,True,0,0.0,False,16,7,NONE
2660,1791484226842,RESTRICTIVE_NAT,LOOPBACK_PUT_GET,58.74,115.47,174.20,True,0,0.0,False,16,4,NONE
2661,1791484226842,RESTRICTIVE_NAT,LOOPBACK_PUT_GET,583.56,291.87,875.42,True,1,0.0,False,16,5,NONE
2662,1791484226842,RESTRICTIVE_NAT,LOOPBACK_PUT_GET,586.54,132.99,719.53,True,1,0.0,False,16,6,NONE
2663,1791484226842,RESTRICTIVE_NAT,LOOPBACK_PUT_GET,73.74,357.55,431.28,True,0,0.0,False,16,8,NONE
2664,1791484226842,RESTRICTIVE_NAT,LOOPBACK_PUT_GET,576.32,118.67,694.99,True,1,0.0,False,16,5,NONE
2665,1791484226842,RESTRICTIVE_NAT,LOOPBACK_PUT_GET,715.71,132.65,848.35,True,1,0.0,False,16,7,NONE
2666,1791484226842,RESTRICTIVE_NAT,LOOPBACK_PUT_GET,151.52,769.76,921.28,True,1,0.0,False,16,8,NONE
2667,1791484226842,RESTRICTIVE_NAT,LOOPBACK_PUT_GET,179.86,88.97,268.83,True,0,0.0,False,16,6,NONE
2668,1791484226842,RESTRICTIVE_NAT,LOOPBACK_PUT_GET,787.81,523.08,1310.89,True,1,0.0,False,16,6,NONE
2669,1791484226842,RESTRICTIVE_NAT,LOOPBACK_PUT_GET,87.41,76.37,163.79,True,0,0.0,False,16,3,NONE
2670,1791484226842,RESTRICTIVE_NAT,LOOPBACK_PUT_GET,166.55,127.61,294.16,True,0,0.0,False,16,6,NONE
2671,1791484226842,RESTRICTIVE_NAT,LOOPBACK_PUT_GET,140.73,586.85,727.58,True,1,0.0,False,16,6,NONE
2672,1791484226842,RESTRICTIVE_NAT,LOOPBACK_PUT_GET,102.65,317.34,419.99,True,0,0.0,False,16,8,NONE
2673,1791484226842,RESTRICTIVE_NAT,LOOPBACK_PUT_GET,89.18,107.69,196.87,True,0,0.0,False,16,8,NONE
2674,1791484226842,RESTRICTIVE_NAT,LOOPBACK_PUT_GET,162.01,169.51,331.52,True,0,0.0,False,16,4,NONE
2675,1791484226842,RESTRICTIVE_NAT,LOOPBACK_PUT_GET,368.41,483.18,851.59,True,0,0.0,False,16,6,NONE
2676,1791484226842,RESTRICTIVE_NAT,LOOPBACK_PUT_GET,65.69,60.59,126.28,True,0,0.0,False,16,3,NONE
2677,1791484226842,RESTRICTIVE_NAT,LOOPBACK_PUT_GET,117.41,56.15,173.56,True,0,0.0,False,16,6,NONE
2678,1791484226842,RESTRICTIVE_NAT,LOOPBACK_PUT_GET,612.19,0.00,612.19,False,1,0.0,False,16,0,PUT_TIMEOUT
2679,1791484226842,RESTRICTIVE_NAT,LOOPBACK_PUT_GET,62.19,522.89,585.08,True,0,0.0,False,16,5,NONE
2680,1791484226842,RESTRICTIVE_NAT,LOOPBACK_PUT_GET,152.26,68.74,221.00,True,0,0.0,False,16,4,NONE
2681,1791484226842,RESTRICTIVE_NAT,LOOPBACK_PUT_GET,567.84,139.45,707.30,True,1,0.0,False,16,5,NONE
2682,1791484226842,RESTRICTIVE_NAT,LOOPBACK_PUT_GET,52.08,61.49,113.57,True,0,0.0,False,16,8,NONE
2683,1791484226842,RESTRICTIVE_NAT,LOOPBACK_PUT_GET,722.37,83.35,805.72,True,1,0.0,False,16,6,NONE
2684,1791484226842,RESTRICTIVE_NAT,LOOPBACK_PUT_GET,381.90,78.32,460.21,True,0,0.0,False,16,8,NONE
2685,1791484226842,RESTRICTIVE_NAT,LOOPBACK_PUT_GET,526.98,175.17,702.15,True,0,0.0,False,16,3,NONE
2686,1791484226842,RESTRICTIVE_NAT,LOOPBACK_PUT_GET,60.34,124.47,184.81,True,0,0.0,False,16,3,NONE
2687,1791484226842,RESTRICTIVE_NAT,LOOPBACK_PUT_GET,78.51,107.27,185.78,True,0,0.0,False,16,4,NONE
2688,1791484226842,RESTRICTIVE_NAT,LOOPBACK_PUT_GET,551.90,518.36,1070.26,True,2,0.0,False,16,4,NONE
2689,1791484226842,RESTRICTIVE_NAT,LOOPBACK_PUT_GET,109.64,459.17,568.81,True,0,0.0,False,16,8,NONE
2690,1791484226842,RESTRICTIVE_NAT,LOOPBACK_PUT_GET,521.86,0.00,521.86,False,1,0.0,False,16,0,PUT_TIMEOUT
2691,1791484226842,RESTRICTIVE_NAT,LOOPBACK_PUT_GET,342.97,165.00,507.97,True,0,0.0,False,16,7,NONE
2692,1791484226842,RESTRICTIVE_NAT,LOOPBACK_PUT_GET,101.16,70.17,171.33,True,0,0.0,False,16,5,NONE
2693,1791484226842,RESTRICTIVE_NAT,LOOPBACK_PUT_GET,143.76,570.52,714.28,True,0,0.0,False,16,7,NONE
2694,1791484226842,RESTRICTIVE_NAT,LOOPBACK_PUT_GET,94.54,294.17,388.72,True,0,0.0,False,16,4,NONE
2695,1791484226842,RESTRICTIVE_NAT,LOOPBACK_PUT_GET,131.46,63.77,195.23,True,0,0.0,False,16,4,NONE
2696,1791484226842,RESTRICTIVE_NAT,LOOPBACK_PUT_GET,114.36,102.19,216.55,True,0,0.0,False,16,4,NONE
2697,1791484226842,RESTRICTIVE_NAT,LOOPBACK_PUT_GET,143.20,548.65,691.85,True,1,0.0,False,16,4,NONE
2698,1791484226842,RESTRICTIVE_NAT,LOOPBACK_PUT_GET,324.29,360.79,685.08,True,0,0.0,False,16,6,NONE
2699,1791484226842,RESTRICTIVE_NAT,LOOPBACK_PUT_GET,162.45,98.28,260.73,True,0,0.0,False,16,8,NONE
2700,1791484226842,RESTRICTIVE_NAT,LOOPBACK_PUT_GET,560.27,67.94,628.21,True,0,0.0,False,16,6,NONE
2701,1791484226842,RESTRICTIVE_NAT,LOOPBACK_PUT_GET,59.96,108.28,168.23,True,0,0.0,False,16,3,NONE
2702,1791484226842,RESTRICTIVE_NAT,LOOPBACK_PUT_GET,163.95,283.43,447.38,True,0,0.0,False,16,5,NONE
2703,1791484226842,RESTRICTIVE_NAT,LOOPBACK_PUT_GET,74.73,117.91,192.64,True,0,0.0,False,16,6,NONE
2704,1791484226842,RESTRICTIVE_NAT,LOOPBACK_PUT_GET,50.97,530.38,581.36,True,0,0.0,False,16,6,NONE
2705,1791484226842,RESTRICTIVE_NAT,LOOPBACK_PUT_GET,83.84,179.76,263.60,True,0,0.0,False,16,3,NONE
2706,1791484226842,RESTRICTIVE_NAT,LOOPBACK_PUT_GET,127.53,113.00,240.53,True,0,0.0,False,16,7,NONE
2707,1791484226842,RESTRICTIVE_NAT,LOOPBACK_PUT_GET,165.09,165.48,330.57,True,0,0.0,False,16,4,NONE
2708,1791484226842,RESTRICTIVE_NAT,LOOPBACK_PUT_GET,156.30,143.27,299.57,True,0,0.0,False,16,4,NONE
2709,1791484226842,RESTRICTIVE_NAT,LOOPBACK_PUT_GET,548.64,552.87,1101.51,True,0,0.0,False,16,3,NONE
2710,1791484226842,RESTRICTIVE_NAT,LOOPBACK_PUT_GET,83.54,55.44,138.98,True,0,0.0,False,16,8,NONE
2711,1791484226842,RESTRICTIVE_NAT,LOOPBACK_PUT_GET,318.93,77.52,396.44,True,0,0.0,False,16,6,NONE
2712,1791484226842,RESTRICTIVE_NAT,LOOPBACK_PUT_GET,597.86,63.85,661.71,True,1,0.0,False,16,6,NONE
2713,1791484226842,RESTRICTIVE_NAT,LOOPBACK_PUT_GET,97.82,318.64,416.46,True,0,0.0,False,16,8,NONE
2714,1791484226842,RESTRICTIVE_NAT,LOOPBACK_PUT_GET,178.46,153.13,331.60,True,0,0.0,False,16,3,NONE
2715,1791484226842,RESTRICTIVE_NAT,LOOPBACK_PUT_GET,88.56,165.42,253.97,True,0,0.0,False,16,7,NONE
2716,1791484226842,RESTRICTIVE_NAT,LOOPBACK_PUT_GET,105.15,628.95,734.11,True,1,0.0,False,16,6,NONE
2717,1791484226842,RESTRICTIVE_NAT,LOOPBACK_PUT_GET,59.84,145.27,205.11,True,0,0.0,False,16,5,NONE
2718,1791484226842,RESTRICTIVE_NAT,LOOPBACK_PUT_GET,130.82,324.74,455.56,True,0,0.0,False,16,5,NONE
2719,1791484226842,RESTRICTIVE_NAT,LOOPBACK_PUT_GET,78.70,116.36,195.06,True,0,0.0,False,16,7,NONE
2720,1791484226842,RESTRICTIVE_NAT,LOOPBACK_PUT_GET,127.43,117.43,244.86,True,0,0.0,False,16,6,NONE
2721,1791484226842,RESTRICTIVE_NAT,LOOPBACK_PUT_GET,77.29,108.56,185.85,True,0,0.0,False,16,4,NONE
2722,1791484226842,RESTRICTIVE_NAT,LOOPBACK_PUT_GET,160.08,151.45,311.54,True,0,0.0,False,16,6,NONE
2723,1791484226842,RESTRICTIVE_NAT,LOOPBACK_PUT_GET,733.36,51.49,784.85,True,1,0.0,False,16,8,NONE
2724,1791484226842,RESTRICTIVE_NAT,LOOPBACK_PUT_GET,305.45,151.38,456.83,True,0,0.0,False,16,5,NONE
2725,1791484226842,RESTRICTIVE_NAT,LOOPBACK_PUT_GET,253.03,179.87,432.90,True,0,0.0,False,16,7,NONE
2726,1791484226842,RESTRICTIVE_NAT,LOOPBACK_PUT_GET,147.97,449.96,597.93,True,0,0.0,False,16,4,NONE
2727,1791484226842,RESTRICTIVE_NAT,LOOPBACK_PUT_GET,103.43,122.94,226.37,True,0,0.0,False,16,7,NONE
2728,1791484226842,RESTRICTIVE_NAT,LOOPBACK_PUT_GET,72.54,155.11,227.65,True,0,0.0,False,16,5,NONE
2729,1791484226842,RESTRICTIVE_NAT,LOOPBACK_PUT_GET,64.02,172.48,236.50,True,0,0.0,False,16,3,NONE
2730,1791484226842,RESTRICTIVE_NAT,LOOPBACK_PUT_GET,127.53,135.70,263.24,True,0,0.0,False,16,3,NONE
2731,1791484226842,RESTRICTIVE_NAT,LOOPBACK_PUT_GET,138.33,109.87,248.20,True,0,0.0,False,16,5,NONE
2732,1791484226843,RESTRICTIVE_NAT,LOOPBACK_PUT_GET,106.18,267.85,374.04,True,0,0.0,False,16,6,NONE
2733,1791484226843,RESTRICTIVE_NAT,LOOPBACK_PUT_GET,486.02,414.39,900.41,True,0,0.0,False,16,8,NONE
2734,1791484226843,RESTRICTIVE_NAT,LOOPBACK_PUT_GET,115.01,109.94,224.95,True,0,0.0,False,16,4,NONE
2735,1791484226843,RESTRICTIVE_NAT,LOOPBACK_PUT_GET,134.75,110.63,245.38,True,0,0.0,False,16,8,NONE
2736,1791484226843,RESTRICTIVE_NAT,LOOPBACK_PUT_GET,63.97,152.50,216.47,True,0,0.0,False,16,4,NONE
2737,1791484226843,RESTRICTIVE_NAT,LOOPBACK_PUT_GET,470.72,387.46,858.18,True,0,0.0,False,16,5,NONE
2738,1791484226843,RESTRICTIVE_NAT,LOOPBACK_PUT_GET,98.25,459.54,557.79,True,0,0.0,False,16,4,NONE
2739,1791484226843,RESTRICTIVE_NAT,LOOPBACK_PUT_GET,243.73,158.21,401.95,True,0,0.0,False,16,8,NONE
2740,1791484226843,RESTRICTIVE_NAT,LOOPBACK_PUT_GET,235.47,125.45,360.92,True,0,0.0,False,16,6,NONE
2741,1791484226843,RESTRICTIVE_NAT,LOOPBACK_PUT_GET,810.29,125.13,935.42,True,1,0.0,False,16,8,NONE
2742,1791484226843,RESTRICTIVE_NAT,LOOPBACK_PUT_GET,290.40,91.16,381.56,True,0,0.0,False,16,8,NONE
2743,1791484226843,RESTRICTIVE_NAT,LOOPBACK_PUT_GET,128.44,88.10,216.54,True,0,0.0,False,16,3,NONE
2744,1791484226843,RESTRICTIVE_NAT,LOOPBACK_PUT_GET,136.10,95.42,231.52,True,0,0.0,False,16,8,NONE
2745,1791484226843,RESTRICTIVE_NAT,LOOPBACK_PUT_GET,548.94,68.51,617.45,True,1,0.0,False,16,8,NONE
2746,1791484226843,RESTRICTIVE_NAT,LOOPBACK_PUT_GET,66.82,99.82,166.64,True,0,0.0,False,16,5,NONE
2747,1791484226843,RESTRICTIVE_NAT,LOOPBACK_PUT_GET,580.61,136.51,717.12,True,1,0.0,False,16,4,NONE
2748,1791484226843,RESTRICTIVE_NAT,LOOPBACK_PUT_GET,389.22,177.64,566.86,True,0,0.0,False,16,4,NONE
2749,1791484226843,RESTRICTIVE_NAT,LOOPBACK_PUT_GET,600.48,443.25,1043.73,True,1,0.0,False,16,6,NONE
2750,1791484226843,RESTRICTIVE_NAT,LOOPBACK_PUT_GET,124.13,472.97,597.10,True,0,0.0,False,16,5,NONE
2751,1791484226843,RESTRICTIVE_NAT,LOOPBACK_PUT_GET,81.97,529.43,611.41,True,1,0.0,False,16,6,NONE
2752,1791484226843,RESTRICTIVE_NAT,LOOPBACK_PUT_GET,116.50,117.31,233.81,True,0,0.0,False,16,6,NONE
2753,1791484226843,RESTRICTIVE_NAT,LOOPBACK_PUT_GET,136.48,147.52,284.00,True,0,0.0,False,16,4,NONE
2754,1791484226843,RESTRICTIVE_NAT,LOOPBACK_PUT_GET,132.38,52.55,184.93,True,0,0.0,False,16,5,NONE
2755,1791484226843,RESTRICTIVE_NAT,LOOPBACK_PUT_GET,168.25,563.93,732.18,True,1,0.0,False,16,3,NONE
2756,1791484226843,RESTRICTIVE_NAT,LOOPBACK_PUT_GET,124.48,80.29,204.77,True,0,0.0,False,16,8,NONE
2757,1791484226843,RESTRICTIVE_NAT,LOOPBACK_PUT_GET,144.62,492.79,637.41,True,0,0.0,False,16,8,NONE
2758,1791484226843,RESTRICTIVE_NAT,LOOPBACK_PUT_GET,452.08,146.31,598.38,True,0,0.0,False,16,8,NONE
2759,1791484226843,RESTRICTIVE_NAT,LOOPBACK_PUT_GET,142.61,89.81,232.41,True,0,0.0,False,16,7,NONE
2760,1791484226843,RESTRICTIVE_NAT,LOOPBACK_PUT_GET,434.24,441.30,875.54,True,0,0.0,False,16,6,NONE
2761,1791484226843,RESTRICTIVE_NAT,LOOPBACK_PUT_GET,175.15,56.77,231.92,True,0,0.0,False,16,4,NONE
2762,1791484226843,RESTRICTIVE_NAT,LOOPBACK_PUT_GET,156.81,332.63,489.44,True,0,0.0,False,16,3,NONE
2763,1791484226843,RESTRICTIVE_NAT,LOOPBACK_PUT_GET,142.08,611.89,753.97,True,0,0.0,False,16,4,NONE
2764,1791484226843,RESTRICTIVE_NAT,LOOPBACK_PUT_GET,450.69,147.01,597.71,True,0,0.0,False,16,4,NONE
2765,1791484226843,RESTRICTIVE_NAT,LOOPBACK_PUT_GET,117.61,98.78,216.39,True,0,0.0,False,16,4,NONE
2766,1791484226843,RESTRICTIVE_NAT,LOOPBACK_PUT_GET,455.13,169.30,624.43,True,0,0.0,False,16,5,NONE
2767,1791484226843,RESTRICTIVE_NAT,LOOPBACK_PUT_GET,155.11,165.12,320.23,True,0,0.0,False,16,5,NONE
2768,1791484226843,RESTRICTIVE_NAT,LOOPBACK_PUT_GET,106.52,53.08,159.61,True,0,0.0,False,16,5,NONE
2769,1791484226843,RESTRICTIVE_NAT,LOOPBACK_PUT_GET,142.97,148.86,291.83,True,0,0.0,False,16,8,NONE
2770,1791484226843,RESTRICTIVE_NAT,LOOPBACK_PUT_GET,336.01,56.75,392.76,True,0,0.0,False,16,7,NONE
2771,1791484226843,RESTRICTIVE_NAT,LOOPBACK_PUT_GET,56.55,101.92,158.47,True,0,0.0,False,16,6,NONE
2772,1791484226843,RESTRICTIVE_NAT,LOOPBACK_PUT_GET,64.86,159.01,223.87,True,0,0.0,False,16,5,NONE
2773,1791484226843,RESTRICTIVE_NAT,LOOPBACK_PUT_GET,132.19,474.45,606.64,True,0,0.0,False,16,6,NONE
2774,1791484226843,RESTRICTIVE_NAT,LOOPBACK_PUT_GET,146.06,381.55,527.60,True,0,0.0,False,16,8,NONE
2775,1791484226843,RESTRICTIVE_NAT,LOOPBACK_PUT_GET,370.23,99.50,469.72,True,0,0.0,False,16,8,NONE
2776,1791484226843,RESTRICTIVE_NAT,LOOPBACK_PUT_GET,67.77,104.21,171.98,True,0,0.0,False,16,7,NONE
2777,1791484226843,RESTRICTIVE_NAT,LOOPBACK_PUT_GET,329.26,96.37,425.63,True,0,0.0,False,16,4,NONE
2778,1791484226843,RESTRICTIVE_NAT,LOOPBACK_PUT_GET,506.91,118.62,625.53,True,0,0.0,False,16,4,NONE
2779,1791484226843,RESTRICTIVE_NAT,LOOPBACK_PUT_GET,171.42,74.29,245.71,True,0,0.0,False,16,3,NONE
2780,1791484226843,RESTRICTIVE_NAT,LOOPBACK_PUT_GET,74.24,146.75,220.99,True,0,0.0,False,16,7,NONE
2781,1791484226843,RESTRICTIVE_NAT,LOOPBACK_PUT_GET,161.55,304.19,465.74,True,0,0.0,False,16,5,NONE
2782,1791484226843,RESTRICTIVE_NAT,LOOPBACK_PUT_GET,142.48,792.59,935.07,True,1,0.0,False,16,3,NONE
2783,1791484226843,RESTRICTIVE_NAT,LOOPBACK_PUT_GET,502.35,501.04,1003.39,True,0,0.0,False,16,4,NONE
2784,1791484226843,RESTRICTIVE_NAT,LOOPBACK_PUT_GET,621.95,136.44,758.39,True,1,0.0,False,16,8,NONE
2785,1791484226843,RESTRICTIVE_NAT,LOOPBACK_PUT_GET,96.26,67.82,164.09,True,0,0.0,False,16,4,NONE
2786,1791484226843,RESTRICTIVE_NAT,LOOPBACK_PUT_GET,66.09,282.87,348.96,True,0,0.0,False,16,8,NONE
2787,1791484226843,RESTRICTIVE_NAT,LOOPBACK_PUT_GET,132.77,409.19,541.95,True,0,0.0,False,16,3,NONE
2788,1791484226843,RESTRICTIVE_NAT,LOOPBACK_PUT_GET,169.22,147.38,316.61,True,0,0.0,False,16,5,NONE
2789,1791484226843,RESTRICTIVE_NAT,LOOPBACK_PUT_GET,155.03,611.44,766.46,True,0,0.0,False,16,4,NONE
2790,1791484226843,RESTRICTIVE_NAT,LOOPBACK_PUT_GET,65.96,162.32,228.27,True,0,0.0,False,16,7,NONE
2791,1791484226843,RESTRICTIVE_NAT,LOOPBACK_PUT_GET,117.62,141.60,259.23,True,0,0.0,False,16,7,NONE
2792,1791484226843,RESTRICTIVE_NAT,LOOPBACK_PUT_GET,85.19,154.45,239.64,True,0,0.0,False,16,5,NONE
2793,1791484226843,RESTRICTIVE_NAT,LOOPBACK_PUT_GET,111.72,158.59,270.31,True,0,0.0,False,16,4,NONE
2794,1791484226843,RESTRICTIVE_NAT,LOOPBACK_PUT_GET,157.09,511.21,668.30,True,1,0.0,False,16,4,NONE
2795,1791484226843,RESTRICTIVE_NAT,LOOPBACK_PUT_GET,158.53,563.78,722.31,False,1,0.0,False,16,8,GET_TIMEOUT
2796,1791484226843,RESTRICTIVE_NAT,LOOPBACK_PUT_GET,58.73,290.69,349.42,True,0,0.0,False,16,4,NONE
2797,1791484226843,RESTRICTIVE_NAT,LOOPBACK_PUT_GET,499.09,161.69,660.78,True,0,0.0,False,16,6,NONE
2798,1791484226843,RESTRICTIVE_NAT,LOOPBACK_PUT_GET,107.97,140.02,247.99,True,0,0.0,False,16,3,NONE
2799,1791484226843,RESTRICTIVE_NAT,LOOPBACK_PUT_GET,130.57,176.92,307.49,True,0,0.0,False,16,3,NONE
2800,1791484226843,RESTRICTIVE_NAT,LOOPBACK_PUT_GET,571.25,93.99,665.23,True,1,0.0,False,16,3,NONE
2801,1791484226843,RESTRICTIVE_NAT,LOOPBACK_PUT_GET,361.89,83.94,445.83,True,0,0.0,False,16,5,NONE
2802,1791484226843,RESTRICTIVE_NAT,LOOPBACK_PUT_GET,74.73,112.61,187.34,True,0,0.0,False,16,7,NONE
2803,1791484226843,RESTRICTIVE_NAT,LOOPBACK_PUT_GET,491.82,90.48,582.31,True,0,0.0,False,16,8,NONE
2804,1791484226843,RESTRICTIVE_NAT,LOOPBACK_PUT_GET,361.71,129.20,490.92,True,0,0.0,False,16,8,NONE
2805,1791484226843,RESTRICTIVE_NAT,LOOPBACK_PUT_GET,119.70,92.95,212.65,True,0,0.0,False,16,6,NONE
2806,1791484226843,RESTRICTIVE_NAT,LOOPBACK_PUT_GET,109.31,120.24,229.56,True,0,0.0,False,16,8,NONE
2807,1791484226843,RESTRICTIVE_NAT,LOOPBACK_PUT_GET,412.19,390.98,803.17,True,0,0.0,False,16,7,NONE
2808,1791484226843,RESTRICTIVE_NAT,LOOPBACK_PUT_GET,166.52,364.90,531.42,True,0,0.0,False,16,5,NONE
2809,1791484226843,RESTRICTIVE_NAT,LOOPBACK_PUT_GET,150.66,413.14,563.80,True,0,0.0,False,16,8,NONE
2810,1791484226843,RESTRICTIVE_NAT,LOOPBACK_PUT_GET,490.70,83.77,574.47,True,0,0.0,False,16,8,NONE
2811,1791484226843,RESTRICTIVE_NAT,LOOPBACK_PUT_GET,156.78,61.77,218.55,True,0,0.0,False,16,6,NONE
2812,1791484226843,RESTRICTIVE_NAT,LOOPBACK_PUT_GET,142.60,397.66,540.26,True,0,0.0,False,16,4,NONE
2813,1791484226843,RESTRICTIVE_NAT,LOOPBACK_PUT_GET,133.17,84.47,217.65,True,0,0.0,False,16,4,NONE
2814,1791484226843,RESTRICTIVE_NAT,LOOPBACK_PUT_GET,580.30,50.45,630.75,True,1,0.0,False,16,4,NONE
2815,1791484226843,RESTRICTIVE_NAT,LOOPBACK_PUT_GET,65.96,149.71,215.67,True,0,0.0,False,16,7,NONE
2816,1791484226843,RESTRICTIVE_NAT,LOOPBACK_PUT_GET,103.41,395.76,499.17,True,0,0.0,False,16,6,NONE
2817,1791484226843,RESTRICTIVE_NAT,LOOPBACK_PUT_GET,56.67,176.81,233.48,True,0,0.0,False,16,7,NONE
2818,1791484226843,RESTRICTIVE_NAT,LOOPBACK_PUT_GET,156.18,93.98,250.16,True,0,0.0,False,16,6,NONE
2819,1791484226843,RESTRICTIVE_NAT,LOOPBACK_PUT_GET,155.71,51.51,207.22,True,0,0.0,False,16,3,NONE
2820,1791484226843,RESTRICTIVE_NAT,LOOPBACK_PUT_GET,136.43,547.87,684.30,True,1,0.0,False,16,8,NONE
2821,1791484226843,RESTRICTIVE_NAT,LOOPBACK_PUT_GET,117.04,489.12,606.16,True,0,0.0,False,16,4,NONE
2822,1791484226843,RESTRICTIVE_NAT,LOOPBACK_PUT_GET,528.84,632.66,1161.50,True,2,0.0,False,16,8,NONE
2823,1791484226843,RESTRICTIVE_NAT,LOOPBACK_PUT_GET,507.71,557.69,1065.40,True,1,0.0,False,16,4,NONE
2824,1791484226843,RESTRICTIVE_NAT,LOOPBACK_PUT_GET,110.18,75.84,186.02,True,0,0.0,False,16,7,NONE
2825,1791484226843,RESTRICTIVE_NAT,LOOPBACK_PUT_GET,372.47,83.54,456.01,True,0,0.0,False,16,6,NONE
2826,1791484226843,RESTRICTIVE_NAT,LOOPBACK_PUT_GET,57.70,89.69,147.39,True,0,0.0,False,16,4,NONE
2827,1791484226843,RESTRICTIVE_NAT,LOOPBACK_PUT_GET,89.84,57.95,147.78,True,0,0.0,False,16,7,NONE
2828,1791484226843,RESTRICTIVE_NAT,LOOPBACK_PUT_GET,73.45,117.97,191.42,True,0,0.0,False,16,6,NONE
2829,1791484226843,RESTRICTIVE_NAT,LOOPBACK_PUT_GET,327.39,319.99,647.38,True,0,0.0,False,16,6,NONE
2830,1791484226843,RESTRICTIVE_NAT,LOOPBACK_PUT_GET,53.01,117.61,170.62,True,0,0.0,False,16,4,NONE
2831,1791484226843,RESTRICTIVE_NAT,LOOPBACK_PUT_GET,113.00,94.27,207.27,True,0,0.0,False,16,6,NONE
2832,1791484226843,RESTRICTIVE_NAT,LOOPBACK_PUT_GET,174.03,53.09,227.12,True,0,0.0,False,16,7,NONE
2833,1791484226843,RESTRICTIVE_NAT,LOOPBACK_PUT_GET,105.81,152.23,258.03,True,0,0.0,False,16,6,NONE
2834,1791484226843,RESTRICTIVE_NAT,LOOPBACK_PUT_GET,597.15,126.13,723.28,True,1,0.0,False,16,8,NONE
2835,1791484226843,RESTRICTIVE_NAT,LOOPBACK_PUT_GET,95.63,165.95,261.57,True,0,0.0,False,16,7,NONE
2836,1791484226843,RESTRICTIVE_NAT,LOOPBACK_PUT_GET,101.07,112.31,213.38,True,0,0.0,False,16,7,NONE
2837,1791484226843,RESTRICTIVE_NAT,LOOPBACK_PUT_GET,126.68,54.77,181.45,True,0,0.0,False,16,8,NONE
2838,1791484226843,RESTRICTIVE_NAT,LOOPBACK_PUT_GET,575.07,82.04,657.11,True,1,0.0,False,16,8,NONE
2839,1791484226843,RESTRICTIVE_NAT,LOOPBACK_PUT_GET,160.75,120.98,281.73,True,0,0.0,False,16,6,NONE
2840,1791484226843,RESTRICTIVE_NAT,LOOPBACK_PUT_GET,339.46,173.24,512.70,True,0,0.0,False,16,7,NONE
2841,1791484226843,RESTRICTIVE_NAT,LOOPBACK_PUT_GET,133.74,431.07,564.81,True,0,0.0,False,16,6,NONE
2842,1791484226843,RESTRICTIVE_NAT,LOOPBACK_PUT_GET,317.91,498.94,816.85,True,0,0.0,False,16,7,NONE
2843,1791484226843,RESTRICTIVE_NAT,LOOPBACK_PUT_GET,110.18,575.36,685.54,False,1,0.0,False,16,5,GET_TIMEOUT
2844,1791484226843,RESTRICTIVE_NAT,LOOPBACK_PUT_GET,135.39,852.75,988.14,False,1,0.0,False,16,7,GET_TIMEOUT
2845,1791484226843,RESTRICTIVE_NAT,LOOPBACK_PUT_GET,131.86,60.37,192.23,True,0,0.0,False,16,7,NONE
2846,1791484226843,RESTRICTIVE_NAT,LOOPBACK_PUT_GET,52.11,176.67,228.77,True,0,0.0,False,16,6,NONE
2847,1791484226843,RESTRICTIVE_NAT,LOOPBACK_PUT_GET,597.34,538.22,1135.56,True,1,0.0,False,16,7,NONE
2848,1791484226843,RESTRICTIVE_NAT,LOOPBACK_PUT_GET,146.94,292.46,439.40,True,0,0.0,False,16,8,NONE
2849,1791484226843,RESTRICTIVE_NAT,LOOPBACK_PUT_GET,162.78,565.52,728.31,True,1,0.0,False,16,4,NONE
2850,1791484226843,RESTRICTIVE_NAT,LOOPBACK_PUT_GET,79.96,517.19,597.15,True,1,0.0,False,16,4,NONE
2851,1791484226843,RESTRICTIVE_NAT,LOOPBACK_PUT_GET,488.41,605.54,1093.95,True,1,0.0,False,16,4,NONE
2852,1791484226843,RESTRICTIVE_NAT,LOOPBACK_PUT_GET,94.14,531.11,625.25,True,0,0.0,False,16,3,NONE
2853,1791484226843,RESTRICTIVE_NAT,LOOPBACK_PUT_GET,125.26,402.29,527.55,True,0,0.0,False,16,3,NONE
2854,1791484226843,RESTRICTIVE_NAT,LOOPBACK_PUT_GET,136.74,546.47,683.22,True,1,0.0,False,16,6,NONE
2855,1791484226843,RESTRICTIVE_NAT,LOOPBACK_PUT_GET,168.56,132.88,301.45,True,0,0.0,False,16,4,NONE
2856,1791484226843,RESTRICTIVE_NAT,LOOPBACK_PUT_GET,584.30,88.01,672.31,True,0,0.0,False,16,8,NONE
2857,1791484226843,RESTRICTIVE_NAT,LOOPBACK_PUT_GET,62.06,92.29,154.36,True,0,0.0,False,16,7,NONE
2858,1791484226843,RESTRICTIVE_NAT,LOOPBACK_PUT_GET,174.64,128.58,303.22,True,0,0.0,False,16,7,NONE
2859,1791484226843,RESTRICTIVE_NAT,LOOPBACK_PUT_GET,57.40,482.58,539.98,True,0,0.0,False,16,6,NONE
2860,1791484226843,RESTRICTIVE_NAT,LOOPBACK_PUT_GET,80.07,54.89,134.96,True,0,0.0,False,16,8,NONE
2861,1791484226843,RESTRICTIVE_NAT,LOOPBACK_PUT_GET,849.50,0.00,849.50,False,1,0.0,False,16,0,PUT_TIMEOUT
2862,1791484226843,RESTRICTIVE_NAT,LOOPBACK_PUT_GET,50.24,564.97,615.21,True,1,0.0,False,16,7,NONE
2863,1791484226843,RESTRICTIVE_NAT,LOOPBACK_PUT_GET,124.47,90.78,215.25,True,0,0.0,False,16,3,NONE
2864,1791484226843,RESTRICTIVE_NAT,LOOPBACK_PUT_GET,95.66,133.26,228.92,True,0,0.0,False,16,8,NONE
2865,1791484226843,RESTRICTIVE_NAT,LOOPBACK_PUT_GET,54.84,53.18,108.01,True,0,0.0,False,16,7,NONE
2866,1791484226843,RESTRICTIVE_NAT,LOOPBACK_PUT_GET,85.67,84.59,170.27,True,0,0.0,False,16,5,NONE
2867,1791484226843,RESTRICTIVE_NAT,LOOPBACK_PUT_GET,575.37,167.65,743.03,True,1,0.0,False,16,8,NONE
2868,1791484226843,RESTRICTIVE_NAT,LOOPBACK_PUT_GET,557.73,117.25,674.98,True,1,0.0,False,16,7,NONE
2869,1791484226843,RESTRICTIVE_NAT,LOOPBACK_PUT_GET,93.04,433.40,526.44,True,0,0.0,False,16,3,NONE
2870,1791484226843,RESTRICTIVE_NAT,LOOPBACK_PUT_GET,372.44,136.28,508.73,True,0,0.0,False,16,4,NONE
2871,1791484226843,RESTRICTIVE_NAT,LOOPBACK_PUT_GET,171.00,154.27,325.26,True,0,0.0,False,16,4,NONE
2872,1791484226843,RESTRICTIVE_NAT,LOOPBACK_PUT_GET,80.46,109.27,189.73,True,0,0.0,False,16,5,NONE
2873,1791484226843,RESTRICTIVE_NAT,LOOPBACK_PUT_GET,511.97,64.42,576.39,True,1,0.0,False,16,7,NONE
2874,1791484226843,RESTRICTIVE_NAT,LOOPBACK_PUT_GET,126.15,542.58,668.73,True,0,0.0,False,16,7,NONE
2875,1791484226843,RESTRICTIVE_NAT,LOOPBACK_PUT_GET,151.14,118.95,270.09,True,0,0.0,False,16,5,NONE
2876,1791484226843,RESTRICTIVE_NAT,LOOPBACK_PUT_GET,124.26,724.45,848.71,True,1,0.0,False,16,6,NONE
2877,1791484226843,RESTRICTIVE_NAT,LOOPBACK_PUT_GET,53.82,63.11,116.93,True,0,0.0,False,16,6,NONE
2878,1791484226843,RESTRICTIVE_NAT,LOOPBACK_PUT_GET,57.58,843.54,901.12,True,1,0.0,False,16,5,NONE
2879,1791484226843,RESTRICTIVE_NAT,LOOPBACK_PUT_GET,638.22,0.00,638.22,False,1,0.0,False,16,0,PUT_TIMEOUT
2880,1791484226843,RESTRICTIVE_NAT,LOOPBACK_PUT_GET,138.54,165.33,303.88,True,0,0.0,False,16,4,NONE
2881,1791484226843,RESTRICTIVE_NAT,LOOPBACK_PUT_GET,633.83,455.03,1088.86,True,1,0.0,False,16,5,NONE
2882,1791484226843,RESTRICTIVE_NAT,LOOPBACK_PUT_GET,76.57,165.66,242.23,True,0,0.0,False,16,7,NONE
2883,1791484226843,RESTRICTIVE_NAT,LOOPBACK_PUT_GET,619.70,166.95,786.65,True,0,0.0,False,16,4,NONE
2884,1791484226843,RESTRICTIVE_NAT,LOOPBACK_PUT_GET,157.93,518.50,676.43,False,1,0.0,False,16,3,GET_TIMEOUT
2885,1791484226843,RESTRICTIVE_NAT,LOOPBACK_PUT_GET,144.67,58.43,203.10,True,0,0.0,False,16,4,NONE
2886,1791484226843,RESTRICTIVE_NAT,LOOPBACK_PUT_GET,167.72,160.30,328.03,True,0,0.0,False,16,5,NONE
2887,1791484226843,RESTRICTIVE_NAT,LOOPBACK_PUT_GET,51.55,150.80,202.35,True,0,0.0,False,16,6,NONE
2888,1791484226843,RESTRICTIVE_NAT,LOOPBACK_PUT_GET,128.65,89.83,218.47,True,0,0.0,False,16,3,NONE
2889,1791484226843,RESTRICTIVE_NAT,LOOPBACK_PUT_GET,526.36,135.25,661.61,True,1,0.0,False,16,5,NONE
2890,1791484226843,RESTRICTIVE_NAT,LOOPBACK_PUT_GET,635.74,0.00,635.74,False,1,0.0,False,16,0,PUT_TIMEOUT
2891,1791484226843,RESTRICTIVE_NAT,LOOPBACK_PUT_GET,87.42,115.28,202.70,True,0,0.0,False,16,6,NONE
2892,1791484226843,RESTRICTIVE_NAT,LOOPBACK_PUT_GET,239.29,154.85,394.14,True,0,0.0,False,16,3,NONE
2893,1791484226843,RESTRICTIVE_NAT,LOOPBACK_PUT_GET,93.49,110.66,204.15,True,0,0.0,False,16,4,NONE
2894,1791484226843,RESTRICTIVE_NAT,LOOPBACK_PUT_GET,618.07,79.34,697.42,True,1,0.0,False,16,7,NONE
2895,1791484226843,RESTRICTIVE_NAT,LOOPBACK_PUT_GET,93.54,84.95,178.49,True,0,0.0,False,16,5,NONE
2896,1791484226843,RESTRICTIVE_NAT,LOOPBACK_PUT_GET,173.04,96.30,269.35,True,0,0.0,False,16,7,NONE
2897,1791484226843,RESTRICTIVE_NAT,LOOPBACK_PUT_GET,111.08,85.37,196.45,True,0,0.0,False,16,5,NONE
2898,1791484226843,RESTRICTIVE_NAT,LOOPBACK_PUT_GET,453.07,468.60,921.67,True,0,0.0,False,16,4,NONE
2899,1791484226843,RESTRICTIVE_NAT,LOOPBACK_PUT_GET,117.47,101.32,218.80,True,0,0.0,False,16,5,NONE
2900,1791484226843,RESTRICTIVE_NAT,LOOPBACK_PUT_GET,86.45,77.81,164.25,True,0,0.0,False,16,5,NONE
2901,1791484226843,RESTRICTIVE_NAT,LOOPBACK_PUT_GET,122.05,57.10,179.15,True,0,0.0,False,16,8,NONE
2902,1791484226843,RESTRICTIVE_NAT,LOOPBACK_PUT_GET,335.04,555.35,890.39,True,1,0.0,False,16,7,NONE
2903,1791484226843,RESTRICTIVE_NAT,LOOPBACK_PUT_GET,155.92,83.26,239.18,True,0,0.0,False,16,3,NONE
2904,1791484226843,RESTRICTIVE_NAT,LOOPBACK_PUT_GET,170.55,141.52,312.06,True,0,0.0,False,16,6,NONE
2905,1791484226843,RESTRICTIVE_NAT,LOOPBACK_PUT_GET,168.17,126.08,294.25,True,0,0.0,False,16,4,NONE
2906,1791484226843,RESTRICTIVE_NAT,LOOPBACK_PUT_GET,169.38,235.51,404.89,True,0,0.0,False,16,4,NONE
2907,1791484226843,RESTRICTIVE_NAT,LOOPBACK_PUT_GET,85.29,711.35,796.65,True,1,0.0,False,16,4,NONE
2908,1791484226843,RESTRICTIVE_NAT,LOOPBACK_PUT_GET,352.66,172.91,525.57,True,0,0.0,False,16,8,NONE
2909,1791484226843,RESTRICTIVE_NAT,LOOPBACK_PUT_GET,151.25,105.49,256.75,True,0,0.0,False,16,3,NONE
2910,1791484226843,RESTRICTIVE_NAT,LOOPBACK_PUT_GET,53.31,71.17,124.48,True,0,0.0,False,16,7,NONE
2911,1791484226843,RESTRICTIVE_NAT,LOOPBACK_PUT_GET,136.55,76.13,212.67,True,0,0.0,False,16,7,NONE
2912,1791484226843,RESTRICTIVE_NAT,LOOPBACK_PUT_GET,72.04,429.53,501.57,True,0,0.0,False,16,5,NONE
2913,1791484226843,RESTRICTIVE_NAT,LOOPBACK_PUT_GET,979.62,70.93,1050.55,True,1,0.0,False,16,6,NONE
2914,1791484226843,RESTRICTIVE_NAT,LOOPBACK_PUT_GET,619.20,0.00,619.20,False,1,0.0,False,16,0,PUT_TIMEOUT
2915,1791484226843,RESTRICTIVE_NAT,LOOPBACK_PUT_GET,207.30,383.47,590.77,True,0,0.0,False,16,6,NONE
2916,1791484226843,RESTRICTIVE_NAT,LOOPBACK_PUT_GET,388.18,132.89,521.07,True,0,0.0,False,16,8,NONE
2917,1791484226843,RESTRICTIVE_NAT,LOOPBACK_PUT_GET,1027.92,87.49,1115.40,True,1,0.0,False,16,5,NONE
2918,1791484226843,RESTRICTIVE_NAT,LOOPBACK_PUT_GET,255.43,84.06,339.49,True,0,0.0,False,16,6,NONE
2919,1791484226843,RESTRICTIVE_NAT,LOOPBACK_PUT_GET,626.02,0.00,626.02,False,1,0.0,False,16,0,PUT_TIMEOUT
2920,1791484226843,RESTRICTIVE_NAT,LOOPBACK_PUT_GET,68.86,124.02,192.88,True,0,0.0,False,16,4,NONE
2921,1791484226843,RESTRICTIVE_NAT,LOOPBACK_PUT_GET,560.43,132.17,692.60,True,0,0.0,False,16,4,NONE
2922,1791484226843,RESTRICTIVE_NAT,LOOPBACK_PUT_GET,377.81,338.58,716.39,True,0,0.0,False,16,8,NONE
2923,1791484226843,RESTRICTIVE_NAT,LOOPBACK_PUT_GET,95.48,128.29,223.76,True,0,0.0,False,16,5,NONE
2924,1791484226843,RESTRICTIVE_NAT,LOOPBACK_PUT_GET,175.83,522.88,698.71,True,0,0.0,False,16,6,NONE
2925,1791484226843,RESTRICTIVE_NAT,LOOPBACK_PUT_GET,54.02,160.53,214.55,True,0,0.0,False,16,6,NONE
2926,1791484226843,RESTRICTIVE_NAT,LOOPBACK_PUT_GET,142.95,137.16,280.11,True,0,0.0,False,16,8,NONE
2927,1791484226843,RESTRICTIVE_NAT,LOOPBACK_PUT_GET,179.23,431.00,610.23,True,0,0.0,False,16,8,NONE
2928,1791484226843,RESTRICTIVE_NAT,LOOPBACK_PUT_GET,517.68,58.34,576.02,True,0,0.0,False,16,4,NONE
2929,1791484226843,RESTRICTIVE_NAT,LOOPBACK_PUT_GET,173.21,142.74,315.95,True,0,0.0,False,16,8,NONE
2930,1791484226843,RESTRICTIVE_NAT,LOOPBACK_PUT_GET,127.77,957.40,1085.17,True,1,0.0,False,16,3,NONE
2931,1791484226843,RESTRICTIVE_NAT,LOOPBACK_PUT_GET,154.23,402.73,556.96,True,0,0.0,False,16,6,NONE
2932,1791484226843,RESTRICTIVE_NAT,LOOPBACK_PUT_GET,245.51,535.02,780.53,False,1,0.0,False,16,3,GET_TIMEOUT
2933,1791484226843,RESTRICTIVE_NAT,LOOPBACK_PUT_GET,504.88,98.39,603.27,True,0,0.0,False,16,3,NONE
2934,1791484226843,RESTRICTIVE_NAT,LOOPBACK_PUT_GET,96.08,153.85,249.93,True,0,0.0,False,16,4,NONE
2935,1791484226843,RESTRICTIVE_NAT,LOOPBACK_PUT_GET,149.44,110.07,259.52,True,0,0.0,False,16,6,NONE
2936,1791484226843,RESTRICTIVE_NAT,LOOPBACK_PUT_GET,379.96,113.26,493.22,True,0,0.0,False,16,8,NONE
2937,1791484226843,RESTRICTIVE_NAT,LOOPBACK_PUT_GET,75.78,154.03,229.81,True,0,0.0,False,16,7,NONE
2938,1791484226843,RESTRICTIVE_NAT,LOOPBACK_PUT_GET,66.82,339.90,406.72,True,0,0.0,False,16,7,NONE
2939,1791484226843,RESTRICTIVE_NAT,LOOPBACK_PUT_GET,323.26,60.94,384.19,True,0,0.0,False,16,7,NONE
2940,1791484226843,RESTRICTIVE_NAT,LOOPBACK_PUT_GET,471.38,57.26,528.65,True,0,0.0,False,16,6,NONE
2941,1791484226843,RESTRICTIVE_NAT,LOOPBACK_PUT_GET,214.08,136.89,350.97,True,0,0.0,False,16,6,NONE
2942,1791484226843,RESTRICTIVE_NAT,LOOPBACK_PUT_GET,169.47,72.35,241.81,True,0,0.0,False,16,8,NONE
2943,1791484226843,RESTRICTIVE_NAT,LOOPBACK_PUT_GET,335.11,128.00,463.11,True,0,0.0,False,16,6,NONE
2944,1791484226843,RESTRICTIVE_NAT,LOOPBACK_PUT_GET,177.59,89.10,266.69,True,0,0.0,False,16,6,NONE
2945,1791484226843,RESTRICTIVE_NAT,LOOPBACK_PUT_GET,133.85,177.02,310.87,True,0,0.0,False,16,6,NONE
2946,1791484226843,RESTRICTIVE_NAT,LOOPBACK_PUT_GET,531.43,97.82,629.24,True,1,0.0,False,16,7,NONE
2947,1791484226843,RESTRICTIVE_NAT,LOOPBACK_PUT_GET,550.09,134.47,684.56,True,0,0.0,False,16,7,NONE
2948,1791484226843,RESTRICTIVE_NAT,LOOPBACK_PUT_GET,120.28,277.60,397.87,True,0,0.0,False,16,6,NONE
2949,1791484226843,RESTRICTIVE_NAT,LOOPBACK_PUT_GET,448.84,103.61,552.45,True,0,0.0,False,16,3,NONE
2950,1791484226843,RESTRICTIVE_NAT,LOOPBACK_PUT_GET,452.84,52.91,505.74,True,0,0.0,False,16,3,NONE
2951,1791484226843,RESTRICTIVE_NAT,LOOPBACK_PUT_GET,177.98,106.95,284.94,True,0,0.0,False,16,7,NONE
2952,1791484226843,RESTRICTIVE_NAT,LOOPBACK_PUT_GET,132.37,151.00,283.37,True,0,0.0,False,16,8,NONE
2953,1791484226843,RESTRICTIVE_NAT,LOOPBACK_PUT_GET,609.37,103.90,713.27,True,1,0.0,False,16,7,NONE
2954,1791484226843,RESTRICTIVE_NAT,LOOPBACK_PUT_GET,551.39,906.95,1458.34,True,1,0.0,False,16,8,NONE
2955,1791484226843,RESTRICTIVE_NAT,LOOPBACK_PUT_GET,567.18,71.03,638.22,True,1,0.0,False,16,7,NONE
2956,1791484226843,RESTRICTIVE_NAT,LOOPBACK_PUT_GET,121.19,166.48,287.67,True,0,0.0,False,16,5,NONE
2957,1791484226843,RESTRICTIVE_NAT,LOOPBACK_PUT_GET,154.28,165.70,319.98,True,0,0.0,False,16,8,NONE
2958,1791484226843,RESTRICTIVE_NAT,LOOPBACK_PUT_GET,50.26,1033.85,1084.12,True,1,0.0,False,16,5,NONE
2959,1791484226843,RESTRICTIVE_NAT,LOOPBACK_PUT_GET,110.72,165.11,275.83,True,0,0.0,False,16,7,NONE
2960,1791484226843,RESTRICTIVE_NAT,LOOPBACK_PUT_GET,86.39,126.67,213.06,True,0,0.0,False,16,5,NONE
2961,1791484226843,RESTRICTIVE_NAT,LOOPBACK_PUT_GET,171.94,174.42,346.36,True,0,0.0,False,16,5,NONE
2962,1791484226843,RESTRICTIVE_NAT,LOOPBACK_PUT_GET,500.30,89.71,590.01,True,0,0.0,False,16,4,NONE
2963,1791484226843,RESTRICTIVE_NAT,LOOPBACK_PUT_GET,400.39,123.99,524.38,True,0,0.0,False,16,7,NONE
2964,1791484226843,RESTRICTIVE_NAT,LOOPBACK_PUT_GET,80.32,142.56,222.89,True,0,0.0,False,16,6,NONE
2965,1791484226843,RESTRICTIVE_NAT,LOOPBACK_PUT_GET,120.21,585.46,705.66,True,1,0.0,False,16,6,NONE
2966,1791484226843,RESTRICTIVE_NAT,LOOPBACK_PUT_GET,156.06,94.91,250.97,True,0,0.0,False,16,8,NONE
2967,1791484226843,RESTRICTIVE_NAT,LOOPBACK_PUT_GET,107.39,515.41,622.79,True,0,0.0,False,16,6,NONE
2968,1791484226843,RESTRICTIVE_NAT,LOOPBACK_PUT_GET,156.77,134.55,291.32,True,0,0.0,False,16,3,NONE
2969,1791484226843,RESTRICTIVE_NAT,LOOPBACK_PUT_GET,175.24,106.19,281.43,True,0,0.0,False,16,8,NONE
2970,1791484226843,RESTRICTIVE_NAT,LOOPBACK_PUT_GET,598.24,263.49,861.73,True,1,0.0,False,16,7,NONE
2971,1791484226843,RESTRICTIVE_NAT,LOOPBACK_PUT_GET,477.11,91.27,568.38,True,0,0.0,False,16,4,NONE
2972,1791484226843,RESTRICTIVE_NAT,LOOPBACK_PUT_GET,77.65,158.72,236.37,True,0,0.0,False,16,6,NONE
2973,1791484226843,RESTRICTIVE_NAT,LOOPBACK_PUT_GET,53.31,125.87,179.18,True,0,0.0,False,16,4,NONE
2974,1791484226843,RESTRICTIVE_NAT,LOOPBACK_PUT_GET,353.63,103.62,457.25,True,0,0.0,False,16,4,NONE
2975,1791484226843,RESTRICTIVE_NAT,LOOPBACK_PUT_GET,139.52,172.46,311.98,True,0,0.0,False,16,4,NONE
2976,1791484226843,RESTRICTIVE_NAT,LOOPBACK_PUT_GET,169.45,297.35,466.80,True,0,0.0,False,16,5,NONE
2977,1791484226843,RESTRICTIVE_NAT,LOOPBACK_PUT_GET,74.02,61.65,135.66,True,0,0.0,False,16,7,NONE
2978,1791484226843,RESTRICTIVE_NAT,LOOPBACK_PUT_GET,158.23,633.82,792.05,True,1,0.0,False,16,8,NONE
2979,1791484226843,RESTRICTIVE_NAT,LOOPBACK_PUT_GET,112.91,496.54,609.45,True,0,0.0,False,16,8,NONE
2980,1791484226843,RESTRICTIVE_NAT,LOOPBACK_PUT_GET,82.23,86.34,168.57,True,0,0.0,False,16,7,NONE
2981,1791484226843,RESTRICTIVE_NAT,LOOPBACK_PUT_GET,597.45,0.00,597.45,False,1,0.0,False,16,0,PUT_TIMEOUT
2982,1791484226843,RESTRICTIVE_NAT,LOOPBACK_PUT_GET,116.72,175.54,292.26,True,0,0.0,False,16,5,NONE
2983,1791484226843,RESTRICTIVE_NAT,LOOPBACK_PUT_GET,69.28,176.07,245.35,True,0,0.0,False,16,3,NONE
2984,1791484226843,RESTRICTIVE_NAT,LOOPBACK_PUT_GET,293.38,148.46,441.84,True,0,0.0,False,16,5,NONE
2985,1791484226843,RESTRICTIVE_NAT,LOOPBACK_PUT_GET,440.81,157.81,598.62,True,0,0.0,False,16,5,NONE
2986,1791484226843,RESTRICTIVE_NAT,LOOPBACK_PUT_GET,66.65,51.21,117.86,True,0,0.0,False,16,4,NONE
2987,1791484226843,RESTRICTIVE_NAT,LOOPBACK_PUT_GET,166.29,149.48,315.77,True,0,0.0,False,16,3,NONE
2988,1791484226843,RESTRICTIVE_NAT,LOOPBACK_PUT_GET,115.72,396.70,512.42,True,0,0.0,False,16,8,NONE
2989,1791484226843,RESTRICTIVE_NAT,LOOPBACK_PUT_GET,163.43,434.91,598.34,True,0,0.0,False,16,8,NONE
2990,1791484226843,RESTRICTIVE_NAT,LOOPBACK_PUT_GET,158.27,156.20,314.47,True,0,0.0,False,16,3,NONE
2991,1791484226843,RESTRICTIVE_NAT,LOOPBACK_PUT_GET,172.87,363.46,536.33,True,0,0.0,False,16,4,NONE
2992,1791484226843,RESTRICTIVE_NAT,LOOPBACK_PUT_GET,137.95,160.69,298.64,True,0,0.0,False,16,6,NONE
2993,1791484226843,RESTRICTIVE_NAT,LOOPBACK_PUT_GET,161.80,124.99,286.79,True,0,0.0,False,16,8,NONE
2994,1791484226843,RESTRICTIVE_NAT,LOOPBACK_PUT_GET,563.35,73.75,637.10,True,1,0.0,False,16,4,NONE
2995,1791484226843,RESTRICTIVE_NAT,LOOPBACK_PUT_GET,74.20,113.11,187.31,True,0,0.0,False,16,4,NONE
2996,1791484226843,RESTRICTIVE_NAT,LOOPBACK_PUT_GET,588.85,176.10,764.95,True,0,0.0,False,16,4,NONE
2997,1791484226843,RESTRICTIVE_NAT,LOOPBACK_PUT_GET,66.75,62.71,129.46,True,0,0.0,False,16,3,NONE
2998,1791484226843,RESTRICTIVE_NAT,LOOPBACK_PUT_GET,57.12,555.37,612.48,True,0,0.0,False,16,8,NONE
2999,1791484226843,RESTRICTIVE_NAT,LOOPBACK_PUT_GET,126.79,179.85,306.64,True,0,0.0,False,16,5,NONE
3000,1791484226843,RESTRICTIVE_NAT,LOOPBACK_PUT_GET,151.60,103.80,255.40,True,0,0.0,False,16,8,NONE
3001,1791484226844,WIFI,RETENTION_PROBE,0.00,18.10,18.10,True,0,1.0,False,16,1,NONE
3002,1791484226844,WIFI,RETENTION_PROBE,0.00,32.29,32.29,True,0,1.0,False,16,2,NONE
3003,1791484226844,WIFI,RETENTION_PROBE,0.00,24.61,24.61,True,0,1.0,False,16,4,NONE
3004,1791484226844,WIFI,RETENTION_PROBE,0.00,26.71,26.71,True,0,1.0,False,16,2,NONE
3005,1791484226844,WIFI,RETENTION_PROBE,0.00,31.24,31.24,True,0,1.0,False,16,1,NONE
3006,1791484226844,WIFI,RETENTION_PROBE,0.00,36.77,36.77,True,0,1.0,False,16,1,NONE
3007,1791484226844,WIFI,RETENTION_PROBE,0.00,32.10,32.10,True,0,1.0,False,16,1,NONE
3008,1791484226844,WIFI,RETENTION_PROBE,0.00,24.96,24.96,True,0,1.0,False,16,1,NONE
3009,1791484226844,WIFI,RETENTION_PROBE,0.00,25.92,25.92,True,0,1.0,False,16,1,NONE
3010,1791484226844,WIFI,RETENTION_PROBE,0.00,20.85,20.85,True,0,1.0,False,16,1,NONE
3011,1791484226844,WIFI,RETENTION_PROBE,0.00,21.95,21.95,True,0,1.0,False,16,3,NONE
3012,1791484226844,WIFI,RETENTION_PROBE,0.00,19.45,19.45,True,0,1.0,False,16,4,NONE
3013,1791484226844,WIFI,RETENTION_PROBE,0.00,22.45,22.45,True,0,1.0,False,16,3,NONE
3014,1791484226844,WIFI,RETENTION_PROBE,0.00,37.61,37.61,True,0,1.0,False,16,2,NONE
3015,1791484226844,WIFI,RETENTION_PROBE,0.00,27.85,27.85,True,0,1.0,False,16,4,NONE
3016,1791484226844,WIFI,RETENTION_PROBE,0.00,33.13,33.13,True,0,1.0,False,16,2,NONE
3017,1791484226844,WIFI,RETENTION_PROBE,0.00,27.55,27.55,True,0,1.0,False,16,4,NONE
3018,1791484226844,WIFI,RETENTION_PROBE,0.00,33.07,33.07,True,0,1.0,False,16,1,NONE
3019,1791484226844,WIFI,RETENTION_PROBE,0.00,26.26,26.26,True,0,1.0,False,16,1,NONE
3020,1791484226844,WIFI,RETENTION_PROBE,0.00,16.70,16.70,True,0,1.0,False,16,3,NONE
3021,1791484226844,WIFI,RETENTION_PROBE,0.00,28.38,28.38,True,0,1.0,False,16,3,NONE
3022,1791484226844,WIFI,RETENTION_PROBE,0.00,39.61,39.61,True,0,1.0,False,16,3,NONE
3023,1791484226844,WIFI,RETENTION_PROBE,0.00,30.10,30.10,True,0,1.0,False,16,1,NONE
3024,1791484226844,WIFI,RETENTION_PROBE,0.00,19.23,19.23,True,0,1.0,False,16,4,NONE
3025,1791484226844,WIFI,RETENTION_PROBE,0.00,31.87,31.87,True,0,1.0,False,16,2,NONE
3026,1791484226844,WIFI,RETENTION_PROBE,0.00,37.92,37.92,True,0,1.0,False,16,2,NONE
3027,1791484226844,WIFI,RETENTION_PROBE,0.00,25.89,25.89,True,0,1.0,False,16,4,NONE
3028,1791484226844,WIFI,RETENTION_PROBE,0.00,35.61,35.61,True,0,1.0,False,16,3,NONE
3029,1791484226844,WIFI,RETENTION_PROBE,0.00,28.92,28.92,True,0,1.0,False,16,3,NONE
3030,1791484226844,WIFI,RETENTION_PROBE,0.00,16.53,16.53,True,0,1.0,False,16,1,NONE
3031,1791484226844,WIFI,RETENTION_PROBE,0.00,39.64,39.64,True,0,1.0,False,16,1,NONE
3032,1791484226844,WIFI,RETENTION_PROBE,0.00,35.66,35.66,True,0,1.0,False,16,1,NONE
3033,1791484226844,WIFI,RETENTION_PROBE,0.00,36.59,36.59,True,0,1.0,False,16,4,NONE
3034,1791484226844,WIFI,RETENTION_PROBE,0.00,23.64,23.64,True,0,1.0,False,16,3,NONE
3035,1791484226844,WIFI,RETENTION_PROBE,0.00,35.20,35.20,True,0,1.0,False,16,1,NONE
3036,1791484226844,WIFI,RETENTION_PROBE,0.00,22.06,22.06,True,0,1.0,False,16,4,NONE
3037,1791484226844,WIFI,RETENTION_PROBE,0.00,30.61,30.61,True,0,1.0,False,16,1,NONE
3038,1791484226844,WIFI,RETENTION_PROBE,0.00,26.84,26.84,True,0,1.0,False,16,1,NONE
3039,1791484226844,WIFI,RETENTION_PROBE,0.00,29.45,29.45,True,0,1.0,False,16,3,NONE
3040,1791484226844,WIFI,RETENTION_PROBE,0.00,27.34,27.34,True,0,1.0,False,16,2,NONE
3041,1791484226844,WIFI,RETENTION_PROBE,0.00,38.39,38.39,True,0,1.0,False,16,2,NONE
3042,1791484226844,WIFI,RETENTION_PROBE,0.00,16.72,16.72,True,0,1.0,False,16,2,NONE
3043,1791484226844,WIFI,RETENTION_PROBE,0.00,25.76,25.76,True,0,1.0,False,16,4,NONE
3044,1791484226844,WIFI,RETENTION_PROBE,0.00,25.74,25.74,True,0,1.0,False,16,2,NONE
3045,1791484226844,WIFI,RETENTION_PROBE,0.00,19.55,19.55,True,0,1.0,False,16,1,NONE
3046,1791484226844,WIFI,RETENTION_PROBE,0.00,31.90,31.90,True,0,1.0,False,16,1,NONE
3047,1791484226844,WIFI,RETENTION_PROBE,0.00,26.19,26.19,True,0,1.0,False,16,4,NONE
3048,1791484226844,WIFI,RETENTION_PROBE,0.00,39.93,39.93,True,0,1.0,False,16,3,NONE
3049,1791484226844,WIFI,RETENTION_PROBE,0.00,28.64,28.64,True,0,1.0,False,16,3,NONE
3050,1791484226844,WIFI,RETENTION_PROBE,0.00,26.16,26.16,True,0,1.0,False,16,2,NONE
3051,1791484226844,WIFI,RETENTION_PROBE,0.00,25.24,25.24,True,0,1.0,False,16,2,NONE
3052,1791484226844,WIFI,RETENTION_PROBE,0.00,27.23,27.23,True,0,1.0,False,16,1,NONE
3053,1791484226844,WIFI,RETENTION_PROBE,0.00,28.99,28.99,True,0,1.0,False,16,4,NONE
3054,1791484226844,WIFI,RETENTION_PROBE,0.00,33.53,33.53,True,0,1.0,False,16,1,NONE
3055,1791484226844,WIFI,RETENTION_PROBE,0.00,430.20,430.20,True,0,1.0,False,16,4,NONE
3056,1791484226844,WIFI,RETENTION_PROBE,0.00,16.06,16.06,True,0,1.0,False,16,1,NONE
3057,1791484226844,WIFI,RETENTION_PROBE,0.00,33.49,33.49,True,0,1.0,False,16,4,NONE
3058,1791484226844,WIFI,RETENTION_PROBE,0.00,35.47,35.47,True,0,1.0,False,16,3,NONE
3059,1791484226844,WIFI,RETENTION_PROBE,0.00,32.73,32.73,True,0,1.0,False,16,4,NONE
3060,1791484226844,WIFI,RETENTION_PROBE,0.00,16.55,16.55,True,0,1.0,False,16,4,NONE
3061,1791484226844,WIFI,RETENTION_PROBE,0.00,30.48,30.48,True,0,1.0,False,16,3,NONE
3062,1791484226844,WIFI,RETENTION_PROBE,0.00,38.29,38.29,True,0,1.0,False,16,3,NONE
3063,1791484226844,WIFI,RETENTION_PROBE,0.00,17.52,17.52,True,0,1.0,False,16,1,NONE
3064,1791484226844,WIFI,RETENTION_PROBE,0.00,31.66,31.66,True,0,1.0,False,16,3,NONE
3065,1791484226844,WIFI,RETENTION_PROBE,0.00,39.57,39.57,True,0,1.0,False,16,1,NONE
3066,1791484226844,WIFI,RETENTION_PROBE,0.00,24.13,24.13,True,0,1.0,False,16,2,NONE
3067,1791484226844,WIFI,RETENTION_PROBE,0.00,38.48,38.48,True,0,1.0,False,16,3,NONE
3068,1791484226844,WIFI,RETENTION_PROBE,0.00,32.16,32.16,True,0,1.0,False,16,3,NONE
3069,1791484226844,WIFI,RETENTION_PROBE,0.00,31.43,31.43,True,0,1.0,False,16,3,NONE
3070,1791484226844,WIFI,RETENTION_PROBE,0.00,16.18,16.18,True,0,1.0,False,16,4,NONE
3071,1791484226844,WIFI,RETENTION_PROBE,0.00,30.87,30.87,True,0,1.0,False,16,4,NONE
3072,1791484226844,WIFI,RETENTION_PROBE,0.00,23.82,23.82,True,0,1.0,False,16,4,NONE
3073,1791484226844,WIFI,RETENTION_PROBE,0.00,39.95,39.95,True,0,1.0,False,16,2,NONE
3074,1791484226844,WIFI,RETENTION_PROBE,0.00,23.42,23.42,True,0,1.0,False,16,3,NONE
3075,1791484226844,WIFI,RETENTION_PROBE,0.00,35.52,35.52,True,0,1.0,False,16,3,NONE
3076,1791484226844,WIFI,RETENTION_PROBE,0.00,23.98,23.98,True,0,1.0,False,16,2,NONE
3077,1791484226844,WIFI,RETENTION_PROBE,0.00,16.38,16.38,True,0,1.0,False,16,1,NONE
3078,1791484226844,WIFI,RETENTION_PROBE,0.00,27.76,27.76,True,0,1.0,False,16,3,NONE
3079,1791484226844,WIFI,RETENTION_PROBE,0.00,31.19,31.19,True,0,1.0,False,16,3,NONE
3080,1791484226844,WIFI,RETENTION_PROBE,0.00,39.27,39.27,True,0,1.0,False,16,3,NONE
3081,1791484226844,WIFI,RETENTION_PROBE,0.00,16.73,16.73,True,0,1.0,False,16,1,NONE
3082,1791484226844,WIFI,RETENTION_PROBE,0.00,26.25,26.25,True,0,1.0,False,16,4,NONE
3083,1791484226844,WIFI,RETENTION_PROBE,0.00,36.23,36.23,True,0,1.0,False,16,3,NONE
3084,1791484226844,WIFI,RETENTION_PROBE,0.00,34.23,34.23,True,0,1.0,False,16,3,NONE
3085,1791484226844,WIFI,RETENTION_PROBE,0.00,27.74,27.74,True,0,1.0,False,16,2,NONE
3086,1791484226844,WIFI,RETENTION_PROBE,0.00,26.35,26.35,True,0,1.0,False,16,3,NONE
3087,1791484226844,WIFI,RETENTION_PROBE,0.00,36.23,36.23,True,0,1.0,False,16,4,NONE
3088,1791484226844,WIFI,RETENTION_PROBE,0.00,37.50,37.50,True,0,1.0,False,16,2,NONE
3089,1791484226844,WIFI,RETENTION_PROBE,0.00,37.65,37.65,True,0,1.0,False,16,3,NONE
3090,1791484226844,WIFI,RETENTION_PROBE,0.00,17.10,17.10,True,0,1.0,False,16,2,NONE
3091,1791484226844,WIFI,RETENTION_PROBE,0.00,38.90,38.90,True,0,1.0,False,16,1,NONE
3092,1791484226844,WIFI,RETENTION_PROBE,0.00,18.56,18.56,True,0,1.0,False,16,4,NONE
3093,1791484226844,WIFI,RETENTION_PROBE,0.00,30.94,30.94,True,0,1.0,False,16,2,NONE
3094,1791484226844,WIFI,RETENTION_PROBE,0.00,25.92,25.92,True,0,1.0,False,16,4,NONE
3095,1791484226844,WIFI,RETENTION_PROBE,0.00,22.77,22.77,True,0,1.0,False,16,4,NONE
3096,1791484226844,WIFI,RETENTION_PROBE,0.00,31.66,31.66,True,0,1.0,False,16,2,NONE
3097,1791484226844,WIFI,RETENTION_PROBE,0.00,28.79,28.79,True,0,1.0,False,16,2,NONE
3098,1791484226844,WIFI,RETENTION_PROBE,0.00,39.69,39.69,True,0,1.0,False,16,4,NONE
3099,1791484226844,WIFI,RETENTION_PROBE,0.00,22.18,22.18,True,0,1.0,False,16,2,NONE
3100,1791484226844,WIFI,RETENTION_PROBE,0.00,27.82,27.82,True,0,1.0,False,16,2,NONE
3101,1791484226844,WIFI,RETENTION_PROBE,0.00,25.95,25.95,True,0,1.0,False,16,1,NONE
3102,1791484226844,WIFI,RETENTION_PROBE,0.00,39.22,39.22,True,0,1.0,False,16,1,NONE
3103,1791484226844,WIFI,RETENTION_PROBE,0.00,25.92,25.92,True,0,1.0,False,16,3,NONE
3104,1791484226844,WIFI,RETENTION_PROBE,0.00,30.36,30.36,True,0,1.0,False,16,1,NONE
3105,1791484226844,WIFI,RETENTION_PROBE,0.00,18.96,18.96,True,0,1.0,False,16,3,NONE
3106,1791484226844,WIFI,RETENTION_PROBE,0.00,37.56,37.56,True,0,1.0,False,16,1,NONE
3107,1791484226844,WIFI,RETENTION_PROBE,0.00,37.09,37.09,True,0,1.0,False,16,2,NONE
3108,1791484226844,WIFI,RETENTION_PROBE,0.00,22.66,22.66,True,0,1.0,False,16,4,NONE
3109,1791484226844,WIFI,RETENTION_PROBE,0.00,0.00,0.00,False,1,1.0,False,16,0,RETENTION_EXPIRED
3110,1791484226844,WIFI,RETENTION_PROBE,0.00,35.30,35.30,True,0,1.0,False,16,3,NONE
3111,1791484226844,WIFI,RETENTION_PROBE,0.00,0.00,0.00,False,1,1.0,False,16,0,RETENTION_EXPIRED
3112,1791484226844,WIFI,RETENTION_PROBE,0.00,33.34,33.34,True,0,1.0,False,16,1,NONE
3113,1791484226844,WIFI,RETENTION_PROBE,0.00,18.96,18.96,True,0,1.0,False,16,3,NONE
3114,1791484226844,WIFI,RETENTION_PROBE,0.00,17.34,17.34,True,0,1.0,False,16,4,NONE
3115,1791484226844,WIFI,RETENTION_PROBE,0.00,26.28,26.28,True,0,1.0,False,16,4,NONE
3116,1791484226844,WIFI,RETENTION_PROBE,0.00,21.35,21.35,True,0,1.0,False,16,1,NONE
3117,1791484226844,WIFI,RETENTION_PROBE,0.00,19.05,19.05,True,0,1.0,False,16,3,NONE
3118,1791484226844,WIFI,RETENTION_PROBE,0.00,38.06,38.06,True,0,1.0,False,16,2,NONE
3119,1791484226844,WIFI,RETENTION_PROBE,0.00,19.13,19.13,True,0,1.0,False,16,2,NONE
3120,1791484226844,WIFI,RETENTION_PROBE,0.00,30.59,30.59,True,0,1.0,False,16,2,NONE
3121,1791484226844,WIFI,RETENTION_PROBE,0.00,33.92,33.92,True,0,1.0,False,16,4,NONE
3122,1791484226844,WIFI,RETENTION_PROBE,0.00,39.04,39.04,True,0,1.0,False,16,1,NONE
3123,1791484226844,WIFI,RETENTION_PROBE,0.00,436.78,436.78,True,0,1.0,False,16,3,NONE
3124,1791484226844,WIFI,RETENTION_PROBE,0.00,20.17,20.17,True,0,1.0,False,16,2,NONE
3125,1791484226844,WIFI,RETENTION_PROBE,0.00,24.43,24.43,True,0,1.0,False,16,2,NONE
3126,1791484226844,WIFI,RETENTION_PROBE,0.00,36.25,36.25,True,0,1.0,False,16,2,NONE
3127,1791484226844,WIFI,RETENTION_PROBE,0.00,18.05,18.05,True,0,1.0,False,16,4,NONE
3128,1791484226844,WIFI,RETENTION_PROBE,0.00,18.43,18.43,True,0,1.0,False,16,1,NONE
3129,1791484226844,WIFI,RETENTION_PROBE,0.00,27.10,27.10,True,0,1.0,False,16,3,NONE
3130,1791484226844,WIFI,RETENTION_PROBE,0.00,23.82,23.82,True,0,1.0,False,16,4,NONE
3131,1791484226844,WIFI,RETENTION_PROBE,0.00,32.78,32.78,True,0,1.0,False,16,3,NONE
3132,1791484226844,WIFI,RETENTION_PROBE,0.00,20.01,20.01,True,0,1.0,False,16,2,NONE
3133,1791484226844,WIFI,RETENTION_PROBE,0.00,34.77,34.77,True,0,1.0,False,16,3,NONE
3134,1791484226844,WIFI,RETENTION_PROBE,0.00,33.29,33.29,True,0,1.0,False,16,2,NONE
3135,1791484226844,WIFI,RETENTION_PROBE,0.00,26.78,26.78,True,0,1.0,False,16,3,NONE
3136,1791484226844,WIFI,RETENTION_PROBE,0.00,29.20,29.20,True,0,1.0,False,16,4,NONE
3137,1791484226844,WIFI,RETENTION_PROBE,0.00,32.62,32.62,True,0,1.0,False,16,1,NONE
3138,1791484226844,WIFI,RETENTION_PROBE,0.00,19.52,19.52,True,0,1.0,False,16,1,NONE
3139,1791484226844,WIFI,RETENTION_PROBE,0.00,19.22,19.22,True,0,1.0,False,16,1,NONE
3140,1791484226844,WIFI,RETENTION_PROBE,0.00,31.88,31.88,True,0,1.0,False,16,1,NONE
3141,1791484226844,WIFI,RETENTION_PROBE,0.00,39.86,39.86,True,0,1.0,False,16,3,NONE
3142,1791484226844,WIFI,RETENTION_PROBE,0.00,26.21,26.21,True,0,1.0,False,16,4,NONE
3143,1791484226844,WIFI,RETENTION_PROBE,0.00,23.41,23.41,True,0,1.0,False,16,4,NONE
3144,1791484226844,WIFI,RETENTION_PROBE,0.00,21.28,21.28,True,0,1.0,False,16,1,NONE
3145,1791484226844,WIFI,RETENTION_PROBE,0.00,31.53,31.53,True,0,1.0,False,16,1,NONE
3146,1791484226844,WIFI,RETENTION_PROBE,0.00,39.19,39.19,True,0,1.0,False,16,3,NONE
3147,1791484226844,WIFI,RETENTION_PROBE,0.00,23.00,23.00,True,0,1.0,False,16,2,NONE
3148,1791484226844,WIFI,RETENTION_PROBE,0.00,27.06,27.06,True,0,1.0,False,16,4,NONE
3149,1791484226844,WIFI,RETENTION_PROBE,0.00,18.53,18.53,True,0,1.0,False,16,2,NONE
3150,1791484226844,WIFI,RETENTION_PROBE,0.00,16.98,16.98,True,0,1.0,False,16,4,NONE
3151,1791484226844,WIFI,RETENTION_PROBE,0.00,24.44,24.44,True,0,1.0,False,16,1,NONE
3152,1791484226844,WIFI,RETENTION_PROBE,0.00,21.97,21.97,True,0,1.0,False,16,3,NONE
3153,1791484226844,WIFI,RETENTION_PROBE,0.00,30.10,30.10,True,0,1.0,False,16,3,NONE
3154,1791484226844,WIFI,RETENTION_PROBE,0.00,23.30,23.30,True,0,1.0,False,16,3,NONE
3155,1791484226844,WIFI,RETENTION_PROBE,0.00,31.69,31.69,True,0,1.0,False,16,2,NONE
3156,1791484226844,WIFI,RETENTION_PROBE,0.00,425.09,425.09,True,0,1.0,False,16,3,NONE
3157,1791484226844,WIFI,RETENTION_PROBE,0.00,33.52,33.52,True,0,1.0,False,16,3,NONE
3158,1791484226844,WIFI,RETENTION_PROBE,0.00,21.27,21.27,True,0,1.0,False,16,2,NONE
3159,1791484226844,WIFI,RETENTION_PROBE,0.00,37.54,37.54,True,0,1.0,False,16,3,NONE
3160,1791484226844,WIFI,RETENTION_PROBE,0.00,34.23,34.23,True,0,1.0,False,16,4,NONE
3161,1791484226844,WIFI,RETENTION_PROBE,0.00,25.17,25.17,True,0,1.0,False,16,3,NONE
3162,1791484226844,WIFI,RETENTION_PROBE,0.00,23.81,23.81,True,0,1.0,False,16,1,NONE
3163,1791484226844,WIFI,RETENTION_PROBE,0.00,39.77,39.77,True,0,1.0,False,16,1,NONE
3164,1791484226844,WIFI,RETENTION_PROBE,0.00,31.74,31.74,True,0,1.0,False,16,3,NONE
3165,1791484226844,WIFI,RETENTION_PROBE,0.00,27.21,27.21,True,0,1.0,False,16,2,NONE
3166,1791484226844,WIFI,RETENTION_PROBE,0.00,26.35,26.35,True,0,1.0,False,16,2,NONE
3167,1791484226844,LTE,RETENTION_PROBE,0.00,82.74,82.74,True,0,1.0,False,16,4,NONE
3168,1791484226844,LTE,RETENTION_PROBE,0.00,80.69,80.69,True,0,1.0,False,16,3,NONE
3169,1791484226844,LTE,RETENTION_PROBE,0.00,66.08,66.08,True,0,1.0,False,16,1,NONE
3170,1791484226844,LTE,RETENTION_PROBE,0.00,41.95,41.95,True,0,1.0,False,16,3,NONE
3171,1791484226844,LTE,RETENTION_PROBE,0.00,86.34,86.34,True,0,1.0,False,16,3,NONE
3172,1791484226844,LTE,RETENTION_PROBE,0.00,54.20,54.20,True,0,1.0,False,16,4,NONE
3173,1791484226844,LTE,RETENTION_PROBE,0.00,94.16,94.16,True,0,1.0,False,16,3,NONE
3174,1791484226844,LTE,RETENTION_PROBE,0.00,62.71,62.71,True,0,1.0,False,16,2,NONE
3175,1791484226844,LTE,RETENTION_PROBE,0.00,257.37,257.37,True,0,1.0,False,16,2,NONE
3176,1791484226844,LTE,RETENTION_PROBE,0.00,73.54,73.54,True,0,1.0,False,16,3,NONE
3177,1791484226844,LTE,RETENTION_PROBE,0.00,46.24,46.24,True,0,1.0,False,16,2,NONE
3178,1791484226844,LTE,RETENTION_PROBE,0.00,36.38,36.38,True,0,1.0,False,16,2,NONE
3179,1791484226844,LTE,RETENTION_PROBE,0.00,39.76,39.76,True,0,1.0,False,16,2,NONE
3180,1791484226844,LTE,RETENTION_PROBE,0.00,56.27,56.27,True,0,1.0,False,16,1,NONE
3181,1791484226844,LTE,RETENTION_PROBE,0.00,34.43,34.43,True,0,1.0,False,16,1,NONE
3182,1791484226844,LTE,RETENTION_PROBE,0.00,33.15,33.15,True,0,1.0,False,16,2,NONE
3183,1791484226844,LTE,RETENTION_PROBE,0.00,82.88,82.88,True,0,1.0,False,16,4,NONE
3184,1791484226844,LTE,RETENTION_PROBE,0.00,50.29,50.29,True,0,1.0,False,16,3,NONE
3185,1791484226844,LTE,RETENTION_PROBE,0.00,80.24,80.24,True,0,1.0,False,16,1,NONE
3186,1791484226844,LTE,RETENTION_PROBE,0.00,44.08,44.08,True,0,1.0,False,16,4,NONE
3187,1791484226844,LTE,RETENTION_PROBE,0.00,53.81,53.81,True,0,1.0,False,16,1,NONE
3188,1791484226844,LTE,RETENTION_PROBE,0.00,102.44,102.44,True,0,1.0,False,16,2,NONE
3189,1791484226844,LTE,RETENTION_PROBE,0.00,52.04,52.04,True,0,1.0,False,16,1,NONE
3190,1791484226844,LTE,RETENTION_PROBE,0.00,85.39,85.39,True,0,1.0,False,16,2,NONE
3191,1791484226844,LTE,RETENTION_PROBE,0.00,42.87,42.87,True,0,1.0,False,16,1,NONE
3192,1791484226844,LTE,RETENTION_PROBE,0.00,0.00,0.00,False,1,1.0,False,16,0,RETENTION_EXPIRED
3193,1791484226844,LTE,RETENTION_PROBE,0.00,0.00,0.00,False,1,1.0,False,16,0,RETENTION_EXPIRED
3194,1791484226844,LTE,RETENTION_PROBE,0.00,95.10,95.10,True,0,1.0,False,16,2,NONE
3195,1791484226844,LTE,RETENTION_PROBE,0.00,38.89,38.89,True,0,1.0,False,16,1,NONE
3196,1791484226844,LTE,RETENTION_PROBE,0.00,204.02,204.02,True,0,1.0,False,16,3,NONE
3197,1791484226844,LTE,RETENTION_PROBE,0.00,337.66,337.66,True,0,1.0,False,16,3,NONE
3198,1791484226844,LTE,RETENTION_PROBE,0.00,46.17,46.17,True,0,1.0,False,16,4,NONE
3199,1791484226844,LTE,RETENTION_PROBE,0.00,60.00,60.00,True,0,1.0,False,16,3,NONE
3200,1791484226844,LTE,RETENTION_PROBE,0.00,60.98,60.98,True,0,1.0,False,16,1,NONE
3201,1791484226844,LTE,RETENTION_PROBE,0.00,271.33,271.33,True,0,1.0,False,16,1,NONE
3202,1791484226844,LTE,RETENTION_PROBE,0.00,80.72,80.72,True,0,1.0,False,16,2,NONE
3203,1791484226844,LTE,RETENTION_PROBE,0.00,99.57,99.57,True,0,1.0,False,16,4,NONE
3204,1791484226844,LTE,RETENTION_PROBE,0.00,57.17,57.17,True,0,1.0,False,16,4,NONE
3205,1791484226844,LTE,RETENTION_PROBE,0.00,458.97,458.97,True,0,1.0,False,16,1,NONE
3206,1791484226844,LTE,RETENTION_PROBE,0.00,71.64,71.64,True,0,1.0,False,16,1,NONE
3207,1791484226844,LTE,RETENTION_PROBE,0.00,45.32,45.32,True,0,1.0,False,16,2,NONE
3208,1791484226844,LTE,RETENTION_PROBE,0.00,492.09,492.09,True,0,1.0,False,16,2,NONE
3209,1791484226844,LTE,RETENTION_PROBE,0.00,93.22,93.22,True,0,1.0,False,16,1,NONE
3210,1791484226844,LTE,RETENTION_PROBE,0.00,60.43,60.43,True,0,1.0,False,16,2,NONE
3211,1791484226844,LTE,RETENTION_PROBE,0.00,231.65,231.65,True,0,1.0,False,16,3,NONE
3212,1791484226844,LTE,RETENTION_PROBE,0.00,227.86,227.86,True,0,1.0,False,16,3,NONE
3213,1791484226844,LTE,RETENTION_PROBE,0.00,43.83,43.83,True,0,1.0,False,16,4,NONE
3214,1791484226844,LTE,RETENTION_PROBE,0.00,81.75,81.75,True,0,1.0,False,16,4,NONE
3215,1791484226844,LTE,RETENTION_PROBE,0.00,99.74,99.74,True,0,1.0,False,16,4,NONE
3216,1791484226844,LTE,RETENTION_PROBE,0.00,457.43,457.43,True,0,1.0,False,16,2,NONE
3217,1791484226844,LTE,RETENTION_PROBE,0.00,71.71,71.71,True,0,1.0,False,16,1,NONE
3218,1791484226844,LTE,RETENTION_PROBE,0.00,69.23,69.23,True,0,1.0,False,16,3,NONE
3219,1791484226844,LTE,RETENTION_PROBE,0.00,42.58,42.58,True,0,1.0,False,16,1,NONE
3220,1791484226844,LTE,RETENTION_PROBE,0.00,95.21,95.21,True,0,1.0,False,16,2,NONE
3221,1791484226844,LTE,RETENTION_PROBE,0.00,352.49,352.49,True,0,1.0,False,16,2,NONE
3222,1791484226844,LTE,RETENTION_PROBE,0.00,61.69,61.69,True,0,1.0,False,16,2,NONE
3223,1791484226844,LTE,RETENTION_PROBE,0.00,52.36,52.36,True,0,1.0,False,16,2,NONE
3224,1791484226844,LTE,RETENTION_PROBE,0.00,95.85,95.85,True,0,1.0,False,16,4,NONE
3225,1791484226844,LTE,RETENTION_PROBE,0.00,33.29,33.29,True,0,1.0,False,16,2,NONE
3226,1791484226844,LTE,RETENTION_PROBE,0.00,78.23,78.23,True,0,1.0,False,16,4,NONE
3227,1791484226844,LTE,RETENTION_PROBE,0.00,74.01,74.01,True,0,1.0,False,16,4,NONE
3228,1791484226844,LTE,RETENTION_PROBE,0.00,81.23,81.23,True,0,1.0,False,16,4,NONE
3229,1791484226844,LTE,RETENTION_PROBE,0.00,75.78,75.78,True,0,1.0,False,16,1,NONE
3230,1791484226844,LTE,RETENTION_PROBE,0.00,57.09,57.09,True,0,1.0,False,16,3,NONE
3231,1791484226844,LTE,RETENTION_PROBE,0.00,70.52,70.52,True,0,1.0,False,16,3,NONE
3232,1791484226844,LTE,RETENTION_PROBE,0.00,0.00,0.00,False,1,1.0,False,16,0,RETENTION_EXPIRED
3233,1791484226844,LTE,RETENTION_PROBE,0.00,50.20,50.20,True,0,1.0,False,16,3,NONE
3234,1791484226844,LTE,RETENTION_PROBE,0.00,298.22,298.22,True,0,1.0,False,16,2,NONE
3235,1791484226844,LTE,RETENTION_PROBE,0.00,79.30,79.30,True,0,1.0,False,16,4,NONE
3236,1791484226844,LTE,RETENTION_PROBE,0.00,73.39,73.39,True,0,1.0,False,16,3,NONE
3237,1791484226844,LTE,RETENTION_PROBE,0.00,94.16,94.16,True,0,1.0,False,16,3,NONE
3238,1791484226844,LTE,RETENTION_PROBE,0.00,59.56,59.56,True,0,1.0,False,16,2,NONE
3239,1791484226844,LTE,RETENTION_PROBE,0.00,42.17,42.17,True,0,1.0,False,16,4,NONE
3240,1791484226844,LTE,RETENTION_PROBE,0.00,51.77,51.77,True,0,1.0,False,16,1,NONE
3241,1791484226844,LTE,RETENTION_PROBE,0.00,71.86,71.86,True,0,1.0,False,16,2,NONE
3242,1791484226844,LTE,RETENTION_PROBE,0.00,295.47,295.47,True,0,1.0,False,16,3,NONE
3243,1791484226844,LTE,RETENTION_PROBE,0.00,219.07,219.07,True,0,1.0,False,16,3,NONE
3244,1791484226844,LTE,RETENTION_PROBE,0.00,188.19,188.19,True,0,1.0,False,16,3,NONE
3245,1791484226844,LTE,RETENTION_PROBE,0.00,160.93,160.93,True,0,1.0,False,16,2,NONE
3246,1791484226844,LTE,RETENTION_PROBE,0.00,57.02,57.02,True,0,1.0,False,16,3,NONE
3247,1791484226844,LTE,RETENTION_PROBE,0.00,84.14,84.14,True,0,1.0,False,16,4,NONE
3248,1791484226844,LTE,RETENTION_PROBE,0.00,44.58,44.58,True,0,1.0,False,16,2,NONE
3249,1791484226844,LTE,RETENTION_PROBE,0.00,58.56,58.56,True,0,1.0,False,16,3,NONE
3250,1791484226844,LTE,RETENTION_PROBE,0.00,100.60,100.60,True,0,1.0,False,16,2,NONE
3251,1791484226844,LTE,RETENTION_PROBE,0.00,89.50,89.50,True,0,1.0,False,16,3,NONE
3252,1791484226844,LTE,RETENTION_PROBE,0.00,66.74,66.74,True,0,1.0,False,16,4,NONE
3253,1791484226844,LTE,RETENTION_PROBE,0.00,253.00,253.00,True,0,1.0,False,16,2,NONE
3254,1791484226844,LTE,RETENTION_PROBE,0.00,311.42,311.42,True,0,1.0,False,16,2,NONE
3255,1791484226844,LTE,RETENTION_PROBE,0.00,58.19,58.19,True,0,1.0,False,16,4,NONE
3256,1791484226844,LTE,RETENTION_PROBE,0.00,254.94,254.94,True,0,1.0,False,16,1,NONE
3257,1791484226844,LTE,RETENTION_PROBE,0.00,93.75,93.75,True,0,1.0,False,16,1,NONE
3258,1791484226844,LTE,RETENTION_PROBE,0.00,77.02,77.02,True,0,1.0,False,16,2,NONE
3259,1791484226844,LTE,RETENTION_PROBE,0.00,51.20,51.20,True,0,1.0,False,16,2,NONE
3260,1791484226844,LTE,RETENTION_PROBE,0.00,74.48,74.48,True,0,1.0,False,16,2,NONE
3261,1791484226844,LTE,RETENTION_PROBE,0.00,0.00,0.00,False,1,1.0,False,16,0,RETENTION_EXPIRED
3262,1791484226844,LTE,RETENTION_PROBE,0.00,52.27,52.27,True,0,1.0,False,16,1,NONE
3263,1791484226844,LTE,RETENTION_PROBE,0.00,101.50,101.50,True,0,1.0,False,16,1,NONE
3264,1791484226844,LTE,RETENTION_PROBE,0.00,73.92,73.92,True,0,1.0,False,16,2,NONE
3265,1791484226844,LTE,RETENTION_PROBE,0.00,204.82,204.82,True,0,1.0,False,16,3,NONE
3266,1791484226844,LTE,RETENTION_PROBE,0.00,276.49,276.49,True,0,1.0,False,16,3,NONE
3267,1791484226844,LTE,RETENTION_PROBE,0.00,37.59,37.59,True,0,1.0,False,16,4,NONE
3268,1791484226844,LTE,RETENTION_PROBE,0.00,67.74,67.74,True,0,1.0,False,16,2,NONE
3269,1791484226844,LTE,RETENTION_PROBE,0.00,95.56,95.56,True,0,1.0,False,16,2,NONE
3270,1791484226844,LTE,RETENTION_PROBE,0.00,0.00,0.00,False,1,1.0,False,16,0,RETENTION_EXPIRED
3271,1791484226844,LTE,RETENTION_PROBE,0.00,49.23,49.23,True,0,1.0,False,16,1,NONE
3272,1791484226844,LTE,RETENTION_PROBE,0.00,450.16,450.16,True,0,1.0,False,16,3,NONE
3273,1791484226844,LTE,RETENTION_PROBE,0.00,52.39,52.39,True,0,1.0,False,16,3,NONE
3274,1791484226844,LTE,RETENTION_PROBE,0.00,89.08,89.08,True,0,1.0,False,16,1,NONE
3275,1791484226844,LTE,RETENTION_PROBE,0.00,64.06,64.06,True,0,1.0,False,16,4,NONE
3276,1791484226844,LTE,RETENTION_PROBE,0.00,38.51,38.51,True,0,1.0,False,16,4,NONE
3277,1791484226844,LTE,RETENTION_PROBE,0.00,80.33,80.33,True,0,1.0,False,16,2,NONE
3278,1791484226844,LTE,RETENTION_PROBE,0.00,58.08,58.08,True,0,1.0,False,16,3,NONE
3279,1791484226844,LTE,RETENTION_PROBE,0.00,61.94,61.94,True,0,1.0,False,16,3,NONE
3280,1791484226844,LTE,RETENTION_PROBE,0.00,161.14,161.14,True,0,1.0,False,16,2,NONE
3281,1791484226844,LTE,RETENTION_PROBE,0.00,267.81,267.81,True,0,1.0,False,16,1,NONE
3282,1791484226844,LTE,RETENTION_PROBE,0.00,37.66,37.66,True,0,1.0,False,16,2,NONE
3283,1791484226844,LTE,RETENTION_PROBE,0.00,64.80,64.80,True,0,1.0,False,16,3,NONE
3284,1791484226844,LTE,RETENTION_PROBE,0.00,65.97,65.97,True,0,1.0,False,16,4,NONE
3285,1791484226844,LTE,RETENTION_PROBE,0.00,87.79,87.79,True,0,1.0,False,16,1,NONE
3286,1791484226844,LTE,RETENTION_PROBE,0.00,0.00,0.00,False,1,1.0,False,16,0,RETENTION_EXPIRED
3287,1791484226844,LTE,RETENTION_PROBE,0.00,67.90,67.90,True,0,1.0,False,16,2,NONE
3288,1791484226844,LTE,RETENTION_PROBE,0.00,81.41,81.41,True,0,1.0,False,16,2,NONE
3289,1791484226844,LTE,RETENTION_PROBE,0.00,53.27,53.27,True,0,1.0,False,16,1,NONE
3290,1791484226844,LTE,RETENTION_PROBE,0.00,74.68,74.68,True,0,1.0,False,16,1,NONE
3291,1791484226844,LTE,RETENTION_PROBE,0.00,94.75,94.75,True,0,1.0,False,16,3,NONE
3292,1791484226844,LTE,RETENTION_PROBE,0.00,0.00,0.00,False,1,1.0,False,16,0,RETENTION_EXPIRED
3293,1791484226844,LTE,RETENTION_PROBE,0.00,68.88,68.88,True,0,1.0,False,16,3,NONE
3294,1791484226844,LTE,RETENTION_PROBE,0.00,89.87,89.87,True,0,1.0,False,16,1,NONE
3295,1791484226844,LTE,RETENTION_PROBE,0.00,76.31,76.31,True,0,1.0,False,16,1,NONE
3296,1791484226844,LTE,RETENTION_PROBE,0.00,471.79,471.79,True,0,1.0,False,16,3,NONE
3297,1791484226844,LTE,RETENTION_PROBE,0.00,77.19,77.19,True,0,1.0,False,16,2,NONE
3298,1791484226844,LTE,RETENTION_PROBE,0.00,225.21,225.21,True,0,1.0,False,16,2,NONE
3299,1791484226844,LTE,RETENTION_PROBE,0.00,339.06,339.06,True,0,1.0,False,16,3,NONE
3300,1791484226844,LTE,RETENTION_PROBE,0.00,34.51,34.51,True,0,1.0,False,16,1,NONE
3301,1791484226844,LTE,RETENTION_PROBE,0.00,37.43,37.43,True,0,1.0,False,16,1,NONE
3302,1791484226844,LTE,RETENTION_PROBE,0.00,63.15,63.15,True,0,1.0,False,16,1,NONE
3303,1791484226844,LTE,RETENTION_PROBE,0.00,292.54,292.54,True,0,1.0,False,16,2,NONE
3304,1791484226844,LTE,RETENTION_PROBE,0.00,75.62,75.62,True,0,1.0,False,16,2,NONE
3305,1791484226844,LTE,RETENTION_PROBE,0.00,324.37,324.37,True,0,1.0,False,16,2,NONE
3306,1791484226844,LTE,RETENTION_PROBE,0.00,59.10,59.10,True,0,1.0,False,16,3,NONE
3307,1791484226844,LTE,RETENTION_PROBE,0.00,491.62,491.62,True,0,1.0,False,16,1,NONE
3308,1791484226844,LTE,RETENTION_PROBE,0.00,49.58,49.58,True,0,1.0,False,16,1,NONE
3309,1791484226844,LTE,RETENTION_PROBE,0.00,70.17,70.17,True,0,1.0,False,16,3,NONE
3310,1791484226844,LTE,RETENTION_PROBE,0.00,39.51,39.51,True,0,1.0,False,16,4,NONE
3311,1791484226844,LTE,RETENTION_PROBE,0.00,0.00,0.00,False,1,1.0,False,16,0,RETENTION_EXPIRED
3312,1791484226844,LTE,RETENTION_PROBE,0.00,288.41,288.41,True,0,1.0,False,16,1,NONE
3313,1791484226844,LTE,RETENTION_PROBE,0.00,45.05,45.05,True,0,1.0,False,16,3,NONE
3314,1791484226844,LTE,RETENTION_PROBE,0.00,433.45,433.45,True,0,1.0,False,16,3,NONE
3315,1791484226844,LTE,RETENTION_PROBE,0.00,321.73,321.73,True,0,1.0,False,16,2,NONE
3316,1791484226844,LTE,RETENTION_PROBE,0.00,35.08,35.08,True,0,1.0,False,16,4,NONE
3317,1791484226844,LTE,RETENTION_PROBE,0.00,85.32,85.32,True,0,1.0,False,16,2,NONE
3318,1791484226844,LTE,RETENTION_PROBE,0.00,98.11,98.11,True,0,1.0,False,16,3,NONE
3319,1791484226844,LTE,RETENTION_PROBE,0.00,98.03,98.03,True,0,1.0,False,16,3,NONE
3320,1791484226844,LTE,RETENTION_PROBE,0.00,76.65,76.65,True,0,1.0,False,16,3,NONE
3321,1791484226844,LTE,RETENTION_PROBE,0.00,67.16,67.16,True,0,1.0,False,16,3,NONE
3322,1791484226844,LTE,RETENTION_PROBE,0.00,0.00,0.00,False,1,1.0,False,16,0,RETENTION_EXPIRED
3323,1791484226844,LTE,RETENTION_PROBE,0.00,47.05,47.05,True,0,1.0,False,16,4,NONE
3324,1791484226844,LTE,RETENTION_PROBE,0.00,71.08,71.08,True,0,1.0,False,16,3,NONE
3325,1791484226844,LTE,RETENTION_PROBE,0.00,0.00,0.00,False,1,1.0,False,16,0,RETENTION_EXPIRED
3326,1791484226844,LTE,RETENTION_PROBE,0.00,46.03,46.03,True,0,1.0,False,16,4,NONE
3327,1791484226844,LTE,RETENTION_PROBE,0.00,42.98,42.98,True,0,1.0,False,16,2,NONE
3328,1791484226844,LTE,RETENTION_PROBE,0.00,99.55,99.55,True,0,1.0,False,16,2,NONE
3329,1791484226844,LTE,RETENTION_PROBE,0.00,39.52,39.52,True,0,1.0,False,16,3,NONE
3330,1791484226844,LTE,RETENTION_PROBE,0.00,302.05,302.05,True,0,1.0,False,16,2,NONE
3331,1791484226844,LTE,RETENTION_PROBE,0.00,95.29,95.29,True,0,1.0,False,16,3,NONE
3332,1791484226844,LTE,RETENTION_PROBE,0.00,57.89,57.89,True,0,1.0,False,16,1,NONE
3333,1791484226844,RESTRICTIVE_NAT,RETENTION_PROBE,0.00,163.40,163.40,True,0,1.0,False,16,2,NONE
3334,1791484226844,RESTRICTIVE_NAT,RETENTION_PROBE,0.00,176.64,176.64,True,0,1.0,False,16,3,NONE
3335,1791484226844,RESTRICTIVE_NAT,RETENTION_PROBE,0.00,90.90,90.90,True,0,1.0,False,16,1,NONE
3336,1791484226844,RESTRICTIVE_NAT,RETENTION_PROBE,0.00,89.46,89.46,True,0,1.0,False,16,1,NONE
3337,1791484226844,RESTRICTIVE_NAT,RETENTION_PROBE,0.00,130.55,130.55,True,0,1.0,False,16,1,NONE
3338,1791484226844,RESTRICTIVE_NAT,RETENTION_PROBE,0.00,387.98,387.98,True,0,1.0,False,16,1,NONE
3339,1791484226844,RESTRICTIVE_NAT,RETENTION_PROBE,0.00,0.00,0.00,False,1,1.0,False,16,0,RETENTION_EXPIRED
3340,1791484226844,RESTRICTIVE_NAT,RETENTION_PROBE,0.00,0.00,0.00,False,1,1.0,False,16,0,RETENTION_EXPIRED
3341,1791484226844,RESTRICTIVE_NAT,RETENTION_PROBE,0.00,0.00,0.00,False,1,1.0,False,16,0,RETENTION_EXPIRED
3342,1791484226844,RESTRICTIVE_NAT,RETENTION_PROBE,0.00,0.00,0.00,False,1,1.0,False,16,0,RETENTION_EXPIRED
3343,1791484226844,RESTRICTIVE_NAT,RETENTION_PROBE,0.00,170.99,170.99,True,0,1.0,False,16,1,NONE
3344,1791484226844,RESTRICTIVE_NAT,RETENTION_PROBE,0.00,102.50,102.50,True,0,1.0,False,16,1,NONE
3345,1791484226844,RESTRICTIVE_NAT,RETENTION_PROBE,0.00,459.55,459.55,True,0,1.0,False,16,2,NONE
3346,1791484226844,RESTRICTIVE_NAT,RETENTION_PROBE,0.00,553.08,553.08,True,0,1.0,False,16,1,NONE
3347,1791484226844,RESTRICTIVE_NAT,RETENTION_PROBE,0.00,115.16,115.16,True,0,1.0,False,16,2,NONE
3348,1791484226844,RESTRICTIVE_NAT,RETENTION_PROBE,0.00,0.00,0.00,False,1,1.0,False,16,0,RETENTION_EXPIRED
3349,1791484226844,RESTRICTIVE_NAT,RETENTION_PROBE,0.00,97.74,97.74,True,0,1.0,False,16,3,NONE
3350,1791484226844,RESTRICTIVE_NAT,RETENTION_PROBE,0.00,0.00,0.00,False,1,1.0,False,16,0,RETENTION_EXPIRED
3351,1791484226844,RESTRICTIVE_NAT,RETENTION_PROBE,0.00,127.92,127.92,True,0,1.0,False,16,3,NONE
3352,1791484226844,RESTRICTIVE_NAT,RETENTION_PROBE,0.00,0.00,0.00,False,1,1.0,False,16,0,RETENTION_EXPIRED
3353,1791484226844,RESTRICTIVE_NAT,RETENTION_PROBE,0.00,56.40,56.40,True,0,1.0,False,16,1,NONE
3354,1791484226844,RESTRICTIVE_NAT,RETENTION_PROBE,0.00,126.10,126.10,True,0,1.0,False,16,1,NONE
3355,1791484226844,RESTRICTIVE_NAT,RETENTION_PROBE,0.00,144.94,144.94,True,0,1.0,False,16,2,NONE
3356,1791484226844,RESTRICTIVE_NAT,RETENTION_PROBE,0.00,155.45,155.45,True,0,1.0,False,16,4,NONE
3357,1791484226844,RESTRICTIVE_NAT,RETENTION_PROBE,0.00,553.48,553.48,True,0,1.0,False,16,1,NONE
3358,1791484226844,RESTRICTIVE_NAT,RETENTION_PROBE,0.00,463.20,463.20,True,0,1.0,False,16,4,NONE
3359,1791484226844,RESTRICTIVE_NAT,RETENTION_PROBE,0.00,119.97,119.97,True,0,1.0,False,16,3,NONE
3360,1791484226844,RESTRICTIVE_NAT,RETENTION_PROBE,0.00,102.47,102.47,True,0,1.0,False,16,1,NONE
3361,1791484226844,RESTRICTIVE_NAT,RETENTION_PROBE,0.00,464.78,464.78,True,0,1.0,False,16,1,NONE
3362,1791484226844,RESTRICTIVE_NAT,RETENTION_PROBE,0.00,78.76,78.76,True,0,1.0,False,16,4,NONE
3363,1791484226844,RESTRICTIVE_NAT,RETENTION_PROBE,0.00,52.82,52.82,True,0,1.0,False,16,4,NONE
3364,1791484226844,RESTRICTIVE_NAT,RETENTION_PROBE,0.00,167.06,167.06,True,0,1.0,False,16,1,NONE
3365,1791484226844,RESTRICTIVE_NAT,RETENTION_PROBE,0.00,160.12,160.12,True,0,1.0,False,16,3,NONE
3366,1791484226844,RESTRICTIVE_NAT,RETENTION_PROBE,0.00,158.37,158.37,True,0,1.0,False,16,4,NONE
3367,1791484226844,RESTRICTIVE_NAT,RETENTION_PROBE,0.00,178.80,178.80,True,0,1.0,False,16,1,NONE
3368,1791484226844,RESTRICTIVE_NAT,RETENTION_PROBE,0.00,150.83,150.83,True,0,1.0,False,16,4,NONE
3369,1791484226844,RESTRICTIVE_NAT,RETENTION_PROBE,0.00,514.82,514.82,True,0,1.0,False,16,4,NONE
3370,1791484226844,RESTRICTIVE_NAT,RETENTION_PROBE,0.00,954.58,954.58,True,0,1.0,False,16,4,NONE
3371,1791484226844,RESTRICTIVE_NAT,RETENTION_PROBE,0.00,0.00,0.00,False,1,1.0,False,16,0,RETENTION_EXPIRED
3372,1791484226844,RESTRICTIVE_NAT,RETENTION_PROBE,0.00,892.48,892.48,True,0,1.0,False,16,0,NONE
3373,1791484226844,RESTRICTIVE_NAT,RETENTION_PROBE,0.00,157.39,157.39,True,0,1.0,False,16,3,NONE
3374,1791484226844,RESTRICTIVE_NAT,RETENTION_PROBE,0.00,144.79,144.79,True,0,1.0,False,16,2,NONE
3375,1791484226844,RESTRICTIVE_NAT,RETENTION_PROBE,0.00,177.46,177.46,True,0,1.0,False,16,1,NONE
3376,1791484226844,RESTRICTIVE_NAT,RETENTION_PROBE,0.00,125.45,125.45,True,0,1.0,False,16,1,NONE
3377,1791484226844,RESTRICTIVE_NAT,RETENTION_PROBE,0.00,440.21,440.21,True,0,1.0,False,16,3,NONE
3378,1791484226844,RESTRICTIVE_NAT,RETENTION_PROBE,0.00,63.66,63.66,True,0,1.0,False,16,4,NONE
3379,1791484226844,RESTRICTIVE_NAT,RETENTION_PROBE,0.00,243.17,243.17,True,0,1.0,False,16,1,NONE
3380,1791484226844,RESTRICTIVE_NAT,RETENTION_PROBE,0.00,509.39,509.39,True,0,1.0,False,16,3,NONE
3381,1791484226844,RESTRICTIVE_NAT,RETENTION_PROBE,0.00,71.67,71.67,True,0,1.0,False,16,4,NONE
3382,1791484226844,RESTRICTIVE_NAT,RETENTION_PROBE,0.00,52.32,52.32,True,0,1.0,False,16,2,NONE
3383,1791484226844,RESTRICTIVE_NAT,RETENTION_PROBE,0.00,129.31,129.31,True,0,1.0,False,16,1,NONE
3384,1791484226844,RESTRICTIVE_NAT,RETENTION_PROBE,0.00,66.14,66.14,True,0,1.0,False,16,1,NONE
3385,1791484226844,RESTRICTIVE_NAT,RETENTION_PROBE,0.00,96.71,96.71,True,0,1.0,False,16,4,NONE
3386,1791484226844,RESTRICTIVE_NAT,RETENTION_PROBE,0.00,0.00,0.00,False,1,1.0,False,16,0,RETENTION_EXPIRED
3387,1791484226844,RESTRICTIVE_NAT,RETENTION_PROBE,0.00,114.82,114.82,True,0,1.0,False,16,1,NONE
3388,1791484226844,RESTRICTIVE_NAT,RETENTION_PROBE,0.00,64.68,64.68,True,0,1.0,False,16,1,NONE
3389,1791484226844,RESTRICTIVE_NAT,RETENTION_PROBE,0.00,70.30,70.30,True,0,1.0,False,16,4,NONE
3390,1791484226844,RESTRICTIVE_NAT,RETENTION_PROBE,0.00,139.21,139.21,True,0,1.0,False,16,4,NONE
3391,1791484226844,RESTRICTIVE_NAT,RETENTION_PROBE,0.00,0.00,0.00,False,1,1.0,False,16,0,RETENTION_EXPIRED
3392,1791484226844,RESTRICTIVE_NAT,RETENTION_PROBE,0.00,0.00,0.00,False,1,1.0,False,16,0,RETENTION_EXPIRED
3393,1791484226844,RESTRICTIVE_NAT,RETENTION_PROBE,0.00,556.22,556.22,True,0,1.0,False,16,2,NONE
3394,1791484226844,RESTRICTIVE_NAT,RETENTION_PROBE,0.00,87.95,87.95,True,0,1.0,False,16,3,NONE
3395,1791484226844,RESTRICTIVE_NAT,RETENTION_PROBE,0.00,117.79,117.79,True,0,1.0,False,16,3,NONE
3396,1791484226844,RESTRICTIVE_NAT,RETENTION_PROBE,0.00,456.71,456.71,True,0,1.0,False,16,3,NONE
3397,1791484226844,RESTRICTIVE_NAT,RETENTION_PROBE,0.00,314.30,314.30,True,0,1.0,False,16,3,NONE
3398,1791484226844,RESTRICTIVE_NAT,RETENTION_PROBE,0.00,137.14,137.14,True,0,1.0,False,16,2,NONE
3399,1791484226844,RESTRICTIVE_NAT,RETENTION_PROBE,0.00,123.46,123.46,True,0,1.0,False,16,3,NONE
3400,1791484226844,RESTRICTIVE_NAT,RETENTION_PROBE,0.00,0.00,0.00,False,1,1.0,False,16,0,RETENTION_EXPIRED
3401,1791484226844,RESTRICTIVE_NAT,RETENTION_PROBE,0.00,102.61,102.61,True,0,1.0,False,16,1,NONE
3402,1791484226844,RESTRICTIVE_NAT,RETENTION_PROBE,0.00,532.35,532.35,True,0,1.0,False,16,4,NONE
3403,1791484226844,RESTRICTIVE_NAT,RETENTION_PROBE,0.00,437.60,437.60,True,0,1.0,False,16,1,NONE
3404,1791484226844,RESTRICTIVE_NAT,RETENTION_PROBE,0.00,149.72,149.72,True,0,1.0,False,16,1,NONE
3405,1791484226844,RESTRICTIVE_NAT,RETENTION_PROBE,0.00,64.41,64.41,True,0,1.0,False,16,2,NONE
3406,1791484226844,RESTRICTIVE_NAT,RETENTION_PROBE,0.00,0.00,0.00,False,1,1.0,False,16,0,RETENTION_EXPIRED
3407,1791484226844,RESTRICTIVE_NAT,RETENTION_PROBE,0.00,628.04,628.04,True,0,1.0,False,16,0,NONE
3408,1791484226844,RESTRICTIVE_NAT,RETENTION_PROBE,0.00,179.45,179.45,True,0,1.0,False,16,1,NONE
3409,1791484226844,RESTRICTIVE_NAT,RETENTION_PROBE,0.00,52.96,52.96,True,0,1.0,False,16,4,NONE
3410,1791484226844,RESTRICTIVE_NAT,RETENTION_PROBE,0.00,0.00,0.00,False,1,1.0,False,16,0,RETENTION_EXPIRED
3411,1791484226844,RESTRICTIVE_NAT,RETENTION_PROBE,0.00,0.00,0.00,False,1,1.0,False,16,0,RETENTION_EXPIRED
3412,1791484226844,RESTRICTIVE_NAT,RETENTION_PROBE,0.00,110.57,110.57,True,0,1.0,False,16,2,NONE
3413,1791484226844,RESTRICTIVE_NAT,RETENTION_PROBE,0.00,57.51,57.51,True,0,1.0,False,16,4,NONE
3414,1791484226844,RESTRICTIVE_NAT,RETENTION_PROBE,0.00,161.47,161.47,True,0,1.0,False,16,2,NONE
3415,1791484226844,RESTRICTIVE_NAT,RETENTION_PROBE,0.00,735.47,735.47,True,0,1.0,False,16,3,NONE
3416,1791484226844,RESTRICTIVE_NAT,RETENTION_PROBE,0.00,0.00,0.00,False,1,1.0,False,16,0,RETENTION_EXPIRED
3417,1791484226844,RESTRICTIVE_NAT,RETENTION_PROBE,0.00,108.03,108.03,True,0,1.0,False,16,3,NONE
3418,1791484226844,RESTRICTIVE_NAT,RETENTION_PROBE,0.00,163.21,163.21,True,0,1.0,False,16,3,NONE
3419,1791484226846,RESTRICTIVE_NAT,RETENTION_PROBE,0.00,136.43,136.43,True,0,1.0,False,16,4,NONE
3420,1791484226846,RESTRICTIVE_NAT,RETENTION_PROBE,0.00,379.09,379.09,True,0,1.0,False,16,2,NONE
3421,1791484226846,RESTRICTIVE_NAT,RETENTION_PROBE,0.00,0.00,0.00,False,1,1.0,False,16,0,RETENTION_EXPIRED
3422,1791484226846,RESTRICTIVE_NAT,RETENTION_PROBE,0.00,0.00,0.00,False,1,1.0,False,16,0,RETENTION_EXPIRED
3423,1791484226846,RESTRICTIVE_NAT,RETENTION_PROBE,0.00,60.27,60.27,True,0,1.0,False,16,1,NONE
3424,1791484226846,RESTRICTIVE_NAT,RETENTION_PROBE,0.00,0.00,0.00,False,1,1.0,False,16,0,RETENTION_EXPIRED
3425,1791484226846,RESTRICTIVE_NAT,RETENTION_PROBE,0.00,56.00,56.00,True,0,1.0,False,16,3,NONE
3426,1791484226846,RESTRICTIVE_NAT,RETENTION_PROBE,0.00,219.26,219.26,True,0,1.0,False,16,3,NONE
3427,1791484226846,RESTRICTIVE_NAT,RETENTION_PROBE,0.00,145.67,145.67,True,0,1.0,False,16,2,NONE
3428,1791484226846,RESTRICTIVE_NAT,RETENTION_PROBE,0.00,57.44,57.44,True,0,1.0,False,16,2,NONE
3429,1791484226846,RESTRICTIVE_NAT,RETENTION_PROBE,0.00,58.75,58.75,True,0,1.0,False,16,4,NONE
3430,1791484226846,RESTRICTIVE_NAT,RETENTION_PROBE,0.00,167.04,167.04,True,0,1.0,False,16,3,NONE
3431,1791484226846,RESTRICTIVE_NAT,RETENTION_PROBE,0.00,0.00,0.00,False,1,1.0,False,16,0,RETENTION_EXPIRED
3432,1791484226846,RESTRICTIVE_NAT,RETENTION_PROBE,0.00,600.66,600.66,True,0,1.0,False,16,2,NONE
3433,1791484226846,RESTRICTIVE_NAT,RETENTION_PROBE,0.00,555.60,555.60,True,0,1.0,False,16,4,NONE
3434,1791484226846,RESTRICTIVE_NAT,RETENTION_PROBE,0.00,132.53,132.53,True,0,1.0,False,16,1,NONE
3435,1791484226846,RESTRICTIVE_NAT,RETENTION_PROBE,0.00,360.11,360.11,True,0,1.0,False,16,3,NONE
3436,1791484226846,RESTRICTIVE_NAT,RETENTION_PROBE,0.00,0.00,0.00,False,1,1.0,False,16,0,RETENTION_EXPIRED
3437,1791484226846,RESTRICTIVE_NAT,RETENTION_PROBE,0.00,120.78,120.78,True,0,1.0,False,16,2,NONE
3438,1791484226846,RESTRICTIVE_NAT,RETENTION_PROBE,0.00,108.14,108.14,True,0,1.0,False,16,1,NONE
3439,1791484226846,RESTRICTIVE_NAT,RETENTION_PROBE,0.00,0.00,0.00,False,1,1.0,False,16,0,RETENTION_EXPIRED
3440,1791484226846,RESTRICTIVE_NAT,RETENTION_PROBE,0.00,439.14,439.14,True,0,1.0,False,16,1,NONE
3441,1791484226846,RESTRICTIVE_NAT,RETENTION_PROBE,0.00,102.75,102.75,True,0,1.0,False,16,3,NONE
3442,1791484226846,RESTRICTIVE_NAT,RETENTION_PROBE,0.00,366.93,366.93,True,0,1.0,False,16,4,NONE
3443,1791484226846,RESTRICTIVE_NAT,RETENTION_PROBE,0.00,54.06,54.06,True,0,1.0,False,16,3,NONE
3444,1791484226846,RESTRICTIVE_NAT,RETENTION_PROBE,0.00,398.27,398.27,True,0,1.0,False,16,3,NONE
3445,1791484226846,RESTRICTIVE_NAT,RETENTION_PROBE,0.00,120.28,120.28,True,0,1.0,False,16,1,NONE
3446,1791484226846,RESTRICTIVE_NAT,RETENTION_PROBE,0.00,322.08,322.08,True,0,1.0,False,16,3,NONE
3447,1791484226846,RESTRICTIVE_NAT,RETENTION_PROBE,0.00,147.39,147.39,True,0,1.0,False,16,4,NONE
3448,1791484226846,RESTRICTIVE_NAT,RETENTION_PROBE,0.00,572.95,572.95,True,0,1.0,False,16,4,NONE
3449,1791484226846,RESTRICTIVE_NAT,RETENTION_PROBE,0.00,75.24,75.24,True,0,1.0,False,16,3,NONE
3450,1791484226846,RESTRICTIVE_NAT,RETENTION_PROBE,0.00,164.70,164.70,True,0,1.0,False,16,4,NONE
3451,1791484226846,RESTRICTIVE_NAT,RETENTION_PROBE,0.00,132.34,132.34,True,0,1.0,False,16,4,NONE
3452,1791484226846,RESTRICTIVE_NAT,RETENTION_PROBE,0.00,142.81,142.81,True,0,1.0,False,16,3,NONE
3453,1791484226846,RESTRICTIVE_NAT,RETENTION_PROBE,0.00,0.00,0.00,False,1,1.0,False,16,0,RETENTION_EXPIRED
3454,1791484226846,RESTRICTIVE_NAT,RETENTION_PROBE,0.00,0.00,0.00,False,1,1.0,False,16,0,RETENTION_EXPIRED
3455,1791484226846,RESTRICTIVE_NAT,RETENTION_PROBE,0.00,66.44,66.44,True,0,1.0,False,16,1,NONE
3456,1791484226846,RESTRICTIVE_NAT,RETENTION_PROBE,0.00,551.30,551.30,True,0,1.0,False,16,4,NONE
3457,1791484226846,RESTRICTIVE_NAT,RETENTION_PROBE,0.00,0.00,0.00,False,1,1.0,False,16,0,RETENTION_EXPIRED
3458,1791484226846,RESTRICTIVE_NAT,RETENTION_PROBE,0.00,605.43,605.43,True,0,1.0,False,16,1,NONE
3459,1791484226846,RESTRICTIVE_NAT,RETENTION_PROBE,0.00,97.80,97.80,True,0,1.0,False,16,4,NONE
3460,1791484226846,RESTRICTIVE_NAT,RETENTION_PROBE,0.00,130.50,130.50,True,0,1.0,False,16,1,NONE
3461,1791484226846,RESTRICTIVE_NAT,RETENTION_PROBE,0.00,84.26,84.26,True,0,1.0,False,16,3,NONE
3462,1791484226846,RESTRICTIVE_NAT,RETENTION_PROBE,0.00,0.00,0.00,False,1,1.0,False,16,0,RETENTION_EXPIRED
3463,1791484226846,RESTRICTIVE_NAT,RETENTION_PROBE,0.00,117.39,117.39,True,0,1.0,False,16,4,NONE
3464,1791484226846,RESTRICTIVE_NAT,RETENTION_PROBE,0.00,160.61,160.61,True,0,1.0,False,16,2,NONE
3465,1791484226846,RESTRICTIVE_NAT,RETENTION_PROBE,0.00,313.40,313.40,True,0,1.0,False,16,1,NONE
3466,1791484226846,RESTRICTIVE_NAT,RETENTION_PROBE,0.00,177.82,177.82,True,0,1.0,False,16,4,NONE
3467,1791484226846,RESTRICTIVE_NAT,RETENTION_PROBE,0.00,0.00,0.00,False,1,1.0,False,16,0,RETENTION_EXPIRED
3468,1791484226846,RESTRICTIVE_NAT,RETENTION_PROBE,0.00,515.77,515.77,True,0,1.0,False,16,2,NONE
3469,1791484226846,RESTRICTIVE_NAT,RETENTION_PROBE,0.00,82.24,82.24,True,0,1.0,False,16,1,NONE
3470,1791484226846,RESTRICTIVE_NAT,RETENTION_PROBE,0.00,408.17,408.17,True,0,1.0,False,16,4,NONE
3471,1791484226846,RESTRICTIVE_NAT,RETENTION_PROBE,0.00,102.90,102.90,True,0,1.0,False,16,3,NONE
3472,1791484226846,RESTRICTIVE_NAT,RETENTION_PROBE,0.00,0.00,0.00,False,1,1.0,False,16,0,RETENTION_EXPIRED
3473,1791484226846,RESTRICTIVE_NAT,RETENTION_PROBE,0.00,126.21,126.21,True,0,1.0,False,16,1,NONE
3474,1791484226846,RESTRICTIVE_NAT,RETENTION_PROBE,0.00,297.41,297.41,True,0,1.0,False,16,2,NONE
3475,1791484226846,RESTRICTIVE_NAT,RETENTION_PROBE,0.00,146.81,146.81,True,0,1.0,False,16,2,NONE
3476,1791484226846,RESTRICTIVE_NAT,RETENTION_PROBE,0.00,0.00,0.00,False,1,1.0,False,16,0,RETENTION_EXPIRED
3477,1791484226846,RESTRICTIVE_NAT,RETENTION_PROBE,0.00,62.44,62.44,True,0,1.0,False,16,4,NONE
3478,1791484226846,RESTRICTIVE_NAT,RETENTION_PROBE,0.00,82.99,82.99,True,0,1.0,False,16,3,NONE
3479,1791484226846,RESTRICTIVE_NAT,RETENTION_PROBE,0.00,536.40,536.40,True,0,1.0,False,16,1,NONE
3480,1791484226846,RESTRICTIVE_NAT,RETENTION_PROBE,0.00,160.16,160.16,True,0,1.0,False,16,4,NONE
3481,1791484226846,RESTRICTIVE_NAT,RETENTION_PROBE,0.00,158.13,158.13,True,0,1.0,False,16,4,NONE
3482,1791484226846,RESTRICTIVE_NAT,RETENTION_PROBE,0.00,112.02,112.02,True,0,1.0,False,16,2,NONE
3483,1791484226846,RESTRICTIVE_NAT,RETENTION_PROBE,0.00,71.22,71.22,True,0,1.0,False,16,2,NONE
3484,1791484226846,RESTRICTIVE_NAT,RETENTION_PROBE,0.00,586.98,586.98,True,0,1.0,False,16,4,NONE
3485,1791484226846,RESTRICTIVE_NAT,RETENTION_PROBE,0.00,152.67,152.67,True,0,1.0,False,16,1,NONE
3486,1791484226846,RESTRICTIVE_NAT,RETENTION_PROBE,0.00,420.90,420.90,True,0,1.0,False,16,4,NONE
3487,1791484226846,RESTRICTIVE_NAT,RETENTION_PROBE,0.00,0.00,0.00,False,1,1.0,False,16,0,RETENTION_EXPIRED
3488,1791484226846,RESTRICTIVE_NAT,RETENTION_PROBE,0.00,96.73,96.73,True,0,1.0,False,16,1,NONE
3489,1791484226846,RESTRICTIVE_NAT,RETENTION_PROBE,0.00,58.00,58.00,True,0,1.0,False,16,1,NONE
3490,1791484226846,RESTRICTIVE_NAT,RETENTION_PROBE,0.00,164.02,164.02,True,0,1.0,False,16,3,NONE
3491,1791484226846,RESTRICTIVE_NAT,RETENTION_PROBE,0.00,90.63,90.63,True,0,1.0,False,16,1,NONE
3492,1791484226846,RESTRICTIVE_NAT,RETENTION_PROBE,0.00,73.08,73.08,True,0,1.0,False,16,3,NONE
3493,1791484226846,RESTRICTIVE_NAT,RETENTION_PROBE,0.00,0.00,0.00,False,1,1.0,False,16,0,RETENTION_EXPIRED
3494,1791484226846,RESTRICTIVE_NAT,RETENTION_PROBE,0.00,0.00,0.00,False,1,1.0,False,16,0,RETENTION_EXPIRED
3495,1791484226846,RESTRICTIVE_NAT,RETENTION_PROBE,0.00,383.04,383.04,True,0,1.0,False,16,4,NONE
3496,1791484226846,RESTRICTIVE_NAT,RETENTION_PROBE,0.00,748.09,748.09,True,0,1.0,False,16,1,NONE
3497,1791484226846,RESTRICTIVE_NAT,RETENTION_PROBE,0.00,155.19,155.19,True,0,1.0,False,16,2,NONE
3498,1791484226846,RESTRICTIVE_NAT,RETENTION_PROBE,0.00,252.74,252.74,True,0,1.0,False,16,1,NONE
3499,1791484226846,WIFI,RETENTION_PROBE,0.00,37.54,37.54,True,0,1.0,True,16,1,NONE
3500,1791484226846,WIFI,RETENTION_PROBE,0.00,39.46,39.46,True,0,1.0,True,16,2,NONE
3501,1791484226846,WIFI,RETENTION_PROBE,0.00,39.09,39.09,True,0,1.0,True,16,1,NONE
3502,1791484226846,WIFI,RETENTION_PROBE,0.00,28.55,28.55,True,0,1.0,True,16,2,NONE
3503,1791484226846,WIFI,RETENTION_PROBE,0.00,35.44,35.44,True,0,1.0,True,16,1,NONE
3504,1791484226846,WIFI,RETENTION_PROBE,0.00,26.57,26.57,True,0,1.0,True,16,2,NONE
3505,1791484226846,WIFI,RETENTION_PROBE,0.00,34.40,34.40,True,0,1.0,True,16,4,NONE
3506,1791484226846,WIFI,RETENTION_PROBE,0.00,25.69,25.69,True,0,1.0,True,16,3,NONE
3507,1791484226846,WIFI,RETENTION_PROBE,0.00,25.81,25.81,True,0,1.0,True,16,4,NONE
3508,1791484226846,WIFI,RETENTION_PROBE,0.00,37.53,37.53,True,0,1.0,True,16,4,NONE
3509,1791484226846,WIFI,RETENTION_PROBE,0.00,35.92,35.92,True,0,1.0,True,16,1,NONE
3510,1791484226846,WIFI,RETENTION_PROBE,0.00,19.58,19.58,True,0,1.0,True,16,3,NONE
3511,1791484226846,WIFI,RETENTION_PROBE,0.00,39.28,39.28,True,0,1.0,True,16,3,NONE
3512,1791484226846,WIFI,RETENTION_PROBE,0.00,27.77,27.77,True,0,1.0,True,16,4,NONE
3513,1791484226846,WIFI,RETENTION_PROBE,0.00,29.56,29.56,True,0,1.0,True,16,4,NONE
3514,1791484226846,WIFI,RETENTION_PROBE,0.00,29.14,29.14,True,0,1.0,True,16,1,NONE
3515,1791484226846,WIFI,RETENTION_PROBE,0.00,36.80,36.80,True,0,1.0,True,16,4,NONE
3516,1791484226846,WIFI,RETENTION_PROBE,0.00,37.40,37.40,True,0,1.0,True,16,2,NONE
3517,1791484226846,WIFI,RETENTION_PROBE,0.00,17.75,17.75,True,0,1.0,True,16,3,NONE
3518,1791484226846,WIFI,RETENTION_PROBE,0.00,34.21,34.21,True,0,1.0,True,16,2,NONE
3519,1791484226846,WIFI,RETENTION_PROBE,0.00,22.53,22.53,True,0,1.0,True,16,3,NONE
3520,1791484226846,WIFI,RETENTION_PROBE,0.00,17.74,17.74,True,0,1.0,True,16,3,NONE
3521,1791484226846,WIFI,RETENTION_PROBE,0.00,21.83,21.83,True,0,1.0,True,16,3,NONE
3522,1791484226846,WIFI,RETENTION_PROBE,0.00,31.85,31.85,True,0,1.0,True,16,2,NONE
3523,1791484226846,WIFI,RETENTION_PROBE,0.00,29.64,29.64,True,0,1.0,True,16,1,NONE
3524,1791484226846,WIFI,RETENTION_PROBE,0.00,26.93,26.93,True,0,1.0,True,16,4,NONE
3525,1791484226846,WIFI,RETENTION_PROBE,0.00,28.50,28.50,True,0,1.0,True,16,1,NONE
3526,1791484226846,WIFI,RETENTION_PROBE,0.00,23.42,23.42,True,0,1.0,True,16,4,NONE
3527,1791484226846,WIFI,RETENTION_PROBE,0.00,22.55,22.55,True,0,1.0,True,16,4,NONE
3528,1791484226846,WIFI,RETENTION_PROBE,0.00,19.10,19.10,True,0,1.0,True,16,4,NONE
3529,1791484226846,WIFI,RETENTION_PROBE,0.00,16.51,16.51,True,0,1.0,True,16,4,NONE
3530,1791484226846,WIFI,RETENTION_PROBE,0.00,35.68,35.68,True,0,1.0,True,16,2,NONE
3531,1791484226846,WIFI,RETENTION_PROBE,0.00,35.41,35.41,True,0,1.0,True,16,2,NONE
3532,1791484226846,WIFI,RETENTION_PROBE,0.00,29.02,29.02,True,0,1.0,True,16,2,NONE
3533,1791484226846,WIFI,RETENTION_PROBE,0.00,33.89,33.89,True,0,1.0,True,16,1,NONE
3534,1791484226846,WIFI,RETENTION_PROBE,0.00,21.87,21.87,True,0,1.0,True,16,3,NONE
3535,1791484226846,WIFI,RETENTION_PROBE,0.00,32.00,32.00,True,0,1.0,True,16,3,NONE
3536,1791484226846,WIFI,RETENTION_PROBE,0.00,25.23,25.23,True,0,1.0,True,16,2,NONE
3537,1791484226846,WIFI,RETENTION_PROBE,0.00,22.45,22.45,True,0,1.0,True,16,2,NONE
3538,1791484226846,WIFI,RETENTION_PROBE,0.00,27.73,27.73,True,0,1.0,True,16,1,NONE
3539,1791484226846,WIFI,RETENTION_PROBE,0.00,19.52,19.52,True,0,1.0,True,16,4,NONE
3540,1791484226846,WIFI,RETENTION_PROBE,0.00,31.14,31.14,True,0,1.0,True,16,1,NONE
3541,1791484226846,WIFI,RETENTION_PROBE,0.00,22.99,22.99,True,0,1.0,True,16,4,NONE
3542,1791484226846,WIFI,RETENTION_PROBE,0.00,26.10,26.10,True,0,1.0,True,16,4,NONE
3543,1791484226846,WIFI,RETENTION_PROBE,0.00,25.72,25.72,True,0,1.0,True,16,2,NONE
3544,1791484226846,WIFI,RETENTION_PROBE,0.00,29.98,29.98,True,0,1.0,True,16,2,NONE
3545,1791484226846,WIFI,RETENTION_PROBE,0.00,31.29,31.29,True,0,1.0,True,16,1,NONE
3546,1791484226846,WIFI,RETENTION_PROBE,0.00,17.63,17.63,True,0,1.0,True,16,2,NONE
3547,1791484226846,WIFI,RETENTION_PROBE,0.00,29.82,29.82,True,0,1.0,True,16,2,NONE
3548,1791484226846,WIFI,RETENTION_PROBE,0.00,35.24,35.24,True,0,1.0,True,16,3,NONE
3549,1791484226846,WIFI,RETENTION_PROBE,0.00,33.56,33.56,True,0,1.0,True,16,2,NONE
3550,1791484226846,WIFI,RETENTION_PROBE,0.00,18.99,18.99,True,0,1.0,True,16,3,NONE
3551,1791484226846,WIFI,RETENTION_PROBE,0.00,33.86,33.86,True,0,1.0,True,16,1,NONE
3552,1791484226846,WIFI,RETENTION_PROBE,0.00,39.88,39.88,True,0,1.0,True,16,4,NONE
3553,1791484226846,WIFI,RETENTION_PROBE,0.00,23.07,23.07,True,0,1.0,True,16,3,NONE
3554,1791484226846,WIFI,RETENTION_PROBE,0.00,20.50,20.50,True,0,1.0,True,16,3,NONE
3555,1791484226846,WIFI,RETENTION_PROBE,0.00,18.40,18.40,True,0,1.0,True,16,2,NONE
3556,1791484226846,WIFI,RETENTION_PROBE,0.00,35.54,35.54,True,0,1.0,True,16,4,NONE
3557,1791484226846,WIFI,RETENTION_PROBE,0.00,32.32,32.32,True,0,1.0,True,16,2,NONE
3558,1791484226846,WIFI,RETENTION_PROBE,0.00,21.12,21.12,True,0,1.0,True,16,3,NONE
3559,1791484226846,WIFI,RETENTION_PROBE,0.00,24.03,24.03,True,0,1.0,True,16,3,NONE
3560,1791484226846,WIFI,RETENTION_PROBE,0.00,20.26,20.26,True,0,1.0,True,16,2,NONE
3561,1791484226846,WIFI,RETENTION_PROBE,0.00,16.25,16.25,True,0,1.0,True,16,3,NONE
3562,1791484226846,WIFI,RETENTION_PROBE,0.00,19.29,19.29,True,0,1.0,True,16,1,NONE
3563,1791484226846,WIFI,RETENTION_PROBE,0.00,19.28,19.28,True,0,1.0,True,16,4,NONE
3564,1791484226846,WIFI,RETENTION_PROBE,0.00,26.60,26.60,True,0,1.0,True,16,4,NONE
3565,1791484226846,WIFI,RETENTION_PROBE,0.00,24.42,24.42,True,0,1.0,True,16,3,NONE
3566,1791484226846,WIFI,RETENTION_PROBE,0.00,27.07,27.07,True,0,1.0,True,16,3,NONE
3567,1791484226846,WIFI,RETENTION_PROBE,0.00,33.66,33.66,True,0,1.0,True,16,1,NONE
3568,1791484226846,WIFI,RETENTION_PROBE,0.00,35.76,35.76,True,0,1.0,True,16,3,NONE
3569,1791484226846,WIFI,RETENTION_PROBE,0.00,18.65,18.65,True,0,1.0,True,16,4,NONE
3570,1791484226846,WIFI,RETENTION_PROBE,0.00,21.74,21.74,True,0,1.0,True,16,2,NONE
3571,1791484226846,WIFI,RETENTION_PROBE,0.00,27.48,27.48,True,0,1.0,True,16,3,NONE
3572,1791484226846,WIFI,RETENTION_PROBE,0.00,27.88,27.88,True,0,1.0,True,16,2,NONE
3573,1791484226846,WIFI,RETENTION_PROBE,0.00,18.79,18.79,True,0,1.0,True,16,1,NONE
3574,1791484226846,WIFI,RETENTION_PROBE,0.00,34.39,34.39,True,0,1.0,True,16,1,NONE
3575,1791484226846,WIFI,RETENTION_PROBE,0.00,27.10,27.10,True,0,1.0,True,16,3,NONE
3576,1791484226846,WIFI,RETENTION_PROBE,0.00,31.54,31.54,True,0,1.0,True,16,1,NONE
3577,1791484226846,WIFI,RETENTION_PROBE,0.00,34.04,34.04,True,0,1.0,True,16,2,NONE
3578,1791484226846,WIFI,RETENTION_PROBE,0.00,37.12,37.12,True,0,1.0,True,16,4,NONE
3579,1791484226846,WIFI,RETENTION_PROBE,0.00,35.64,35.64,True,0,1.0,True,16,4,NONE
3580,1791484226846,WIFI,RETENTION_PROBE,0.00,28.02,28.02,True,0,1.0,True,16,1,NONE
3581,1791484226846,WIFI,RETENTION_PROBE,0.00,24.81,24.81,True,0,1.0,True,16,4,NONE
3582,1791484226846,WIFI,RETENTION_PROBE,0.00,27.65,27.65,True,0,1.0,True,16,4,NONE
3583,1791484226846,WIFI,RETENTION_PROBE,0.00,38.67,38.67,True,0,1.0,True,16,4,NONE
3584,1791484226846,WIFI,RETENTION_PROBE,0.00,31.38,31.38,True,0,1.0,True,16,4,NONE
3585,1791484226846,WIFI,RETENTION_PROBE,0.00,32.84,32.84,True,0,1.0,True,16,4,NONE
3586,1791484226846,WIFI,RETENTION_PROBE,0.00,21.95,21.95,True,0,1.0,True,16,3,NONE
3587,1791484226846,WIFI,RETENTION_PROBE,0.00,38.80,38.80,True,0,1.0,True,16,1,NONE
3588,1791484226846,WIFI,RETENTION_PROBE,0.00,29.55,29.55,True,0,1.0,True,16,2,NONE
3589,1791484226846,WIFI,RETENTION_PROBE,0.00,32.20,32.20,True,0,1.0,True,16,3,NONE
3590,1791484226846,WIFI,RETENTION_PROBE,0.00,37.79,37.79,True,0,1.0,True,16,4,NONE
3591,1791484226846,WIFI,RETENTION_PROBE,0.00,24.10,24.10,True,0,1.0,True,16,1,NONE
3592,1791484226846,WIFI,RETENTION_PROBE,0.00,32.26,32.26,True,0,1.0,True,16,1,NONE
3593,1791484226846,WIFI,RETENTION_PROBE,0.00,35.44,35.44,True,0,1.0,True,16,2,NONE
3594,1791484226846,WIFI,RETENTION_PROBE,0.00,21.13,21.13,True,0,1.0,True,16,2,NONE
3595,1791484226846,WIFI,RETENTION_PROBE,0.00,35.24,35.24,True,0,1.0,True,16,2,NONE
3596,1791484226846,WIFI,RETENTION_PROBE,0.00,20.13,20.13,True,0,1.0,True,16,1,NONE
3597,1791484226846,WIFI,RETENTION_PROBE,0.00,19.87,19.87,True,0,1.0,True,16,4,NONE
3598,1791484226846,WIFI,RETENTION_PROBE,0.00,421.12,421.12,True,0,1.0,True,16,2,NONE
3599,1791484226846,WIFI,RETENTION_PROBE,0.00,29.71,29.71,True,0,1.0,True,16,2,NONE
3600,1791484226846,WIFI,RETENTION_PROBE,0.00,22.57,22.57,True,0,1.0,True,16,2,NONE
3601,1791484226846,WIFI,RETENTION_PROBE,0.00,28.47,28.47,True,0,1.0,True,16,1,NONE
3602,1791484226846,WIFI,RETENTION_PROBE,0.00,37.31,37.31,True,0,1.0,True,16,1,NONE
3603,1791484226846,WIFI,RETENTION_PROBE,0.00,20.93,20.93,True,0,1.0,True,16,2,NONE
3604,1791484226846,WIFI,RETENTION_PROBE,0.00,29.81,29.81,True,0,1.0,True,16,2,NONE
3605,1791484226846,WIFI,RETENTION_PROBE,0.00,22.83,22.83,True,0,1.0,True,16,1,NONE
3606,1791484226846,WIFI,RETENTION_PROBE,0.00,17.08,17.08,True,0,1.0,True,16,4,NONE
3607,1791484226846,WIFI,RETENTION_PROBE,0.00,34.47,34.47,True,0,1.0,True,16,4,NONE
3608,1791484226846,WIFI,RETENTION_PROBE,0.00,26.07,26.07,True,0,1.0,True,16,1,NONE
3609,1791484226846,WIFI,RETENTION_PROBE,0.00,17.25,17.25,True,0,1.0,True,16,2,NONE
3610,1791484226846,WIFI,RETENTION_PROBE,0.00,20.37,20.37,True,0,1.0,True,16,4,NONE
3611,1791484226846,WIFI,RETENTION_PROBE,0.00,35.27,35.27,True,0,1.0,True,16,3,NONE
3612,1791484226846,WIFI,RETENTION_PROBE,0.00,18.24,18.24,True,0,1.0,True,16,3,NONE
3613,1791484226846,WIFI,RETENTION_PROBE,0.00,22.29,22.29,True,0,1.0,True,16,3,NONE
3614,1791484226846,WIFI,RETENTION_PROBE,0.00,17.34,17.34,True,0,1.0,True,16,1,NONE
3615,1791484226846,WIFI,RETENTION_PROBE,0.00,34.32,34.32,True,0,1.0,True,16,3,NONE
3616,1791484226846,WIFI,RETENTION_PROBE,0.00,20.55,20.55,True,0,1.0,True,16,2,NONE
3617,1791484226846,WIFI,RETENTION_PROBE,0.00,33.30,33.30,True,0,1.0,True,16,3,NONE
3618,1791484226846,WIFI,RETENTION_PROBE,0.00,22.93,22.93,True,0,1.0,True,16,2,NONE
3619,1791484226847,WIFI,RETENTION_PROBE,0.00,24.26,24.26,True,0,1.0,True,16,1,NONE
3620,1791484226847,WIFI,RETENTION_PROBE,0.00,32.56,32.56,True,0,1.0,True,16,3,NONE
3621,1791484226847,WIFI,RETENTION_PROBE,0.00,29.06,29.06,True,0,1.0,True,16,1,NONE
3622,1791484226847,WIFI,RETENTION_PROBE,0.00,34.34,34.34,True,0,1.0,True,16,4,NONE
3623,1791484226847,WIFI,RETENTION_PROBE,0.00,19.84,19.84,True,0,1.0,True,16,1,NONE
3624,1791484226847,WIFI,RETENTION_PROBE,0.00,22.96,22.96,True,0,1.0,True,16,4,NONE
3625,1791484226847,WIFI,RETENTION_PROBE,0.00,37.49,37.49,True,0,1.0,True,16,3,NONE
3626,1791484226847,WIFI,RETENTION_PROBE,0.00,30.78,30.78,True,0,1.0,True,16,3,NONE
3627,1791484226847,WIFI,RETENTION_PROBE,0.00,30.05,30.05,True,0,1.0,True,16,1,NONE
3628,1791484226847,WIFI,RETENTION_PROBE,0.00,38.39,38.39,True,0,1.0,True,16,3,NONE
3629,1791484226847,WIFI,RETENTION_PROBE,0.00,24.35,24.35,True,0,1.0,True,16,4,NONE
3630,1791484226847,WIFI,RETENTION_PROBE,0.00,23.53,23.53,True,0,1.0,True,16,3,NONE
3631,1791484226847,WIFI,RETENTION_PROBE,0.00,26.52,26.52,True,0,1.0,True,16,4,NONE
3632,1791484226847,WIFI,RETENTION_PROBE,0.00,37.26,37.26,True,0,1.0,True,16,2,NONE
3633,1791484226847,WIFI,RETENTION_PROBE,0.00,22.00,22.00,True,0,1.0,True,16,2,NONE
3634,1791484226847,WIFI,RETENTION_PROBE,0.00,32.09,32.09,True,0,1.0,True,16,4,NONE
3635,1791484226847,WIFI,RETENTION_PROBE,0.00,427.81,427.81,True,0,1.0,True,16,3,NONE
3636,1791484226847,WIFI,RETENTION_PROBE,0.00,34.51,34.51,True,0,1.0,True,16,4,NONE
3637,1791484226847,WIFI,RETENTION_PROBE,0.00,18.40,18.40,True,0,1.0,True,16,4,NONE
3638,1791484226847,WIFI,RETENTION_PROBE,0.00,23.45,23.45,True,0,1.0,True,16,1,NONE
3639,1791484226847,WIFI,RETENTION_PROBE,0.00,38.10,38.10,True,0,1.0,True,16,1,NONE
3640,1791484226847,WIFI,RETENTION_PROBE,0.00,0.00,0.00,False,1,1.0,True,16,0,RETENTION_EXPIRED
3641,1791484226847,WIFI,RETENTION_PROBE,0.00,18.60,18.60,True,0,1.0,True,16,1,NONE
3642,1791484226847,WIFI,RETENTION_PROBE,0.00,37.15,37.15,True,0,1.0,True,16,3,NONE
3643,1791484226847,WIFI,RETENTION_PROBE,0.00,20.71,20.71,True,0,1.0,True,16,1,NONE
3644,1791484226847,WIFI,RETENTION_PROBE,0.00,25.66,25.66,True,0,1.0,True,16,2,NONE
3645,1791484226847,WIFI,RETENTION_PROBE,0.00,26.29,26.29,True,0,1.0,True,16,3,NONE
3646,1791484226847,WIFI,RETENTION_PROBE,0.00,39.79,39.79,True,0,1.0,True,16,1,NONE
3647,1791484226847,WIFI,RETENTION_PROBE,0.00,21.78,21.78,True,0,1.0,True,16,1,NONE
3648,1791484226847,WIFI,RETENTION_PROBE,0.00,35.34,35.34,True,0,1.0,True,16,3,NONE
3649,1791484226847,WIFI,RETENTION_PROBE,0.00,24.47,24.47,True,0,1.0,True,16,1,NONE
3650,1791484226847,WIFI,RETENTION_PROBE,0.00,18.01,18.01,True,0,1.0,True,16,3,NONE
3651,1791484226847,WIFI,RETENTION_PROBE,0.00,20.46,20.46,True,0,1.0,True,16,4,NONE
3652,1791484226847,WIFI,RETENTION_PROBE,0.00,26.58,26.58,True,0,1.0,True,16,2,NONE
3653,1791484226847,WIFI,RETENTION_PROBE,0.00,17.83,17.83,True,0,1.0,True,16,3,NONE
3654,1791484226847,WIFI,RETENTION_PROBE,0.00,33.27,33.27,True,0,1.0,True,16,4,NONE
3655,1791484226847,WIFI,RETENTION_PROBE,0.00,32.54,32.54,True,0,1.0,True,16,1,NONE
3656,1791484226847,WIFI,RETENTION_PROBE,0.00,18.36,18.36,True,0,1.0,True,16,2,NONE
3657,1791484226847,WIFI,RETENTION_PROBE,0.00,32.48,32.48,True,0,1.0,True,16,4,NONE
3658,1791484226847,WIFI,RETENTION_PROBE,0.00,34.50,34.50,True,0,1.0,True,16,4,NONE
3659,1791484226847,WIFI,RETENTION_PROBE,0.00,36.71,36.71,True,0,1.0,True,16,3,NONE
3660,1791484226847,WIFI,RETENTION_PROBE,0.00,34.51,34.51,True,0,1.0,True,16,2,NONE
3661,1791484226847,WIFI,RETENTION_PROBE,0.00,36.85,36.85,True,0,1.0,True,16,1,NONE
3662,1791484226847,WIFI,RETENTION_PROBE,0.00,18.71,18.71,True,0,1.0,True,16,4,NONE
3663,1791484226847,WIFI,RETENTION_PROBE,0.00,37.96,37.96,True,0,1.0,True,16,1,NONE
3664,1791484226847,WIFI,RETENTION_PROBE,0.00,19.77,19.77,True,0,1.0,True,16,2,NONE
3665,1791484226847,LTE,RETENTION_PROBE,0.00,51.58,51.58,True,0,1.0,True,16,2,NONE
3666,1791484226847,LTE,RETENTION_PROBE,0.00,78.07,78.07,True,0,1.0,True,16,1,NONE
3667,1791484226847,LTE,RETENTION_PROBE,0.00,94.97,94.97,True,0,1.0,True,16,4,NONE
3668,1791484226847,LTE,RETENTION_PROBE,0.00,55.99,55.99,True,0,1.0,True,16,3,NONE
3669,1791484226847,LTE,RETENTION_PROBE,0.00,438.51,438.51,True,0,1.0,True,16,3,NONE
3670,1791484226847,LTE,RETENTION_PROBE,0.00,81.29,81.29,True,0,1.0,True,16,1,NONE
3671,1791484226847,LTE,RETENTION_PROBE,0.00,88.86,88.86,True,0,1.0,True,16,2,NONE
3672,1791484226847,LTE,RETENTION_PROBE,0.00,237.71,237.71,True,0,1.0,True,16,4,NONE
3673,1791484226847,LTE,RETENTION_PROBE,0.00,39.11,39.11,True,0,1.0,True,16,2,NONE
3674,1791484226847,LTE,RETENTION_PROBE,0.00,87.33,87.33,True,0,1.0,True,16,4,NONE
3675,1791484226847,LTE,RETENTION_PROBE,0.00,45.25,45.25,True,0,1.0,True,16,4,NONE
3676,1791484226847,LTE,RETENTION_PROBE,0.00,73.52,73.52,True,0,1.0,True,16,2,NONE
3677,1791484226847,LTE,RETENTION_PROBE,0.00,57.36,57.36,True,0,1.0,True,16,2,NONE
3678,1791484226847,LTE,RETENTION_PROBE,0.00,93.63,93.63,True,0,1.0,True,16,4,NONE
3679,1791484226847,LTE,RETENTION_PROBE,0.00,221.55,221.55,True,0,1.0,True,16,3,NONE
3680,1791484226847,LTE,RETENTION_PROBE,0.00,96.10,96.10,True,0,1.0,True,16,3,NONE
3681,1791484226847,LTE,RETENTION_PROBE,0.00,82.11,82.11,True,0,1.0,True,16,4,NONE
3682,1791484226847,LTE,RETENTION_PROBE,0.00,59.85,59.85,True,0,1.0,True,16,2,NONE
3683,1791484226847,LTE,RETENTION_PROBE,0.00,52.18,52.18,True,0,1.0,True,16,2,NONE
3684,1791484226847,LTE,RETENTION_PROBE,0.00,42.62,42.62,True,0,1.0,True,16,4,NONE
3685,1791484226847,LTE,RETENTION_PROBE,0.00,54.93,54.93,True,0,1.0,True,16,4,NONE
3686,1791484226847,LTE,RETENTION_PROBE,0.00,95.11,95.11,True,0,1.0,True,16,4,NONE
3687,1791484226847,LTE,RETENTION_PROBE,0.00,217.45,217.45,True,0,1.0,True,16,3,NONE
3688,1791484226847,LTE,RETENTION_PROBE,0.00,47.74,47.74,True,0,1.0,True,16,3,NONE
3689,1791484226847,LTE,RETENTION_PROBE,0.00,54.24,54.24,True,0,1.0,True,16,4,NONE
3690,1791484226847,LTE,RETENTION_PROBE,0.00,0.00,0.00,False,1,1.0,True,16,0,RETENTION_EXPIRED
3691,1791484226847,LTE,RETENTION_PROBE,0.00,46.75,46.75,True,0,1.0,True,16,2,NONE
3692,1791484226847,LTE,RETENTION_PROBE,0.00,51.30,51.30,True,0,1.0,True,16,2,NONE
3693,1791484226847,LTE,RETENTION_PROBE,0.00,87.24,87.24,True,0,1.0,True,16,1,NONE
3694,1791484226847,LTE,RETENTION_PROBE,0.00,84.79,84.79,True,0,1.0,True,16,1,NONE
3695,1791484226847,LTE,RETENTION_PROBE,0.00,79.18,79.18,True,0,1.0,True,16,3,NONE
3696,1791484226847,LTE,RETENTION_PROBE,0.00,86.77,86.77,True,0,1.0,True,16,1,NONE
3697,1791484226847,LTE,RETENTION_PROBE,0.00,48.92,48.92,True,0,1.0,True,16,1,NONE
3698,1791484226847,LTE,RETENTION_PROBE,0.00,93.50,93.50,True,0,1.0,True,16,4,NONE
3699,1791484226847,LTE,RETENTION_PROBE,0.00,57.93,57.93,True,0,1.0,True,16,1,NONE
3700,1791484226847,LTE,RETENTION_PROBE,0.00,63.85,63.85,True,0,1.0,True,16,3,NONE
3701,1791484226847,LTE,RETENTION_PROBE,0.00,0.00,0.00,False,1,1.0,True,16,0,RETENTION_EXPIRED
3702,1791484226847,LTE,RETENTION_PROBE,0.00,82.87,82.87,True,0,1.0,True,16,4,NONE
3703,1791484226847,LTE,RETENTION_PROBE,0.00,66.83,66.83,True,0,1.0,True,16,3,NONE
3704,1791484226847,LTE,RETENTION_PROBE,0.00,75.00,75.00,True,0,1.0,True,16,1,NONE
3705,1791484226847,LTE,RETENTION_PROBE,0.00,53.29,53.29,True,0,1.0,True,16,3,NONE
3706,1791484226847,LTE,RETENTION_PROBE,0.00,101.31,101.31,True,0,1.0,True,16,1,NONE
3707,1791484226847,LTE,RETENTION_PROBE,0.00,65.76,65.76,True,0,1.0,True,16,3,NONE
3708,1791484226847,LTE,RETENTION_PROBE,0.00,241.75,241.75,True,0,1.0,True,16,4,NONE
3709,1791484226847,LTE,RETENTION_PROBE,0.00,302.68,302.68,True,0,1.0,True,16,3,NONE
3710,1791484226847,LTE,RETENTION_PROBE,0.00,59.13,59.13,True,0,1.0,True,16,1,NONE
3711,1791484226847,LTE,RETENTION_PROBE,0.00,71.65,71.65,True,0,1.0,True,16,3,NONE
3712,1791484226847,LTE,RETENTION_PROBE,0.00,41.40,41.40,True,0,1.0,True,16,1,NONE
3713,1791484226847,LTE,RETENTION_PROBE,0.00,33.73,33.73,True,0,1.0,True,16,4,NONE
3714,1791484226847,LTE,RETENTION_PROBE,0.00,53.38,53.38,True,0,1.0,True,16,3,NONE
3715,1791484226847,LTE,RETENTION_PROBE,0.00,180.48,180.48,True,0,1.0,True,16,3,NONE
3716,1791484226847,LTE,RETENTION_PROBE,0.00,499.61,499.61,True,0,1.0,True,16,4,NONE
3717,1791484226847,LTE,RETENTION_PROBE,0.00,80.70,80.70,True,0,1.0,True,16,1,NONE
3718,1791484226847,LTE,RETENTION_PROBE,0.00,99.93,99.93,True,0,1.0,True,16,4,NONE
3719,1791484226847,LTE,RETENTION_PROBE,0.00,74.20,74.20,True,0,1.0,True,16,4,NONE
3720,1791484226847,LTE,RETENTION_PROBE,0.00,68.80,68.80,True,0,1.0,True,16,1,NONE
3721,1791484226847,LTE,RETENTION_PROBE,0.00,74.53,74.53,True,0,1.0,True,16,2,NONE
3722,1791484226847,LTE,RETENTION_PROBE,0.00,663.92,663.92,True,0,1.0,True,16,3,NONE
3723,1791484226847,LTE,RETENTION_PROBE,0.00,50.33,50.33,True,0,1.0,True,16,4,NONE
3724,1791484226847,LTE,RETENTION_PROBE,0.00,89.14,89.14,True,0,1.0,True,16,3,NONE
3725,1791484226847,LTE,RETENTION_PROBE,0.00,42.33,42.33,True,0,1.0,True,16,4,NONE
3726,1791484226847,LTE,RETENTION_PROBE,0.00,353.92,353.92,True,0,1.0,True,16,3,NONE
3727,1791484226847,LTE,RETENTION_PROBE,0.00,84.19,84.19,True,0,1.0,True,16,3,NONE
3728,1791484226847,LTE,RETENTION_PROBE,0.00,0.00,0.00,False,1,1.0,True,16,0,RETENTION_EXPIRED
3729,1791484226847,LTE,RETENTION_PROBE,0.00,43.84,43.84,True,0,1.0,True,16,3,NONE
3730,1791484226847,LTE,RETENTION_PROBE,0.00,284.12,284.12,True,0,1.0,True,16,2,NONE
3731,1791484226847,LTE,RETENTION_PROBE,0.00,309.95,309.95,True,0,1.0,True,16,2,NONE
3732,1791484226847,LTE,RETENTION_PROBE,0.00,48.31,48.31,True,0,1.0,True,16,2,NONE
3733,1791484226847,LTE,RETENTION_PROBE,0.00,89.85,89.85,True,0,1.0,True,16,3,NONE
3734,1791484226847,LTE,RETENTION_PROBE,0.00,338.22,338.22,True,0,1.0,True,16,1,NONE
3735,1791484226847,LTE,RETENTION_PROBE,0.00,91.21,91.21,True,0,1.0,True,16,1,NONE
3736,1791484226847,LTE,RETENTION_PROBE,0.00,70.60,70.60,True,0,1.0,True,16,2,NONE
3737,1791484226847,LTE,RETENTION_PROBE,0.00,501.36,501.36,True,0,1.0,True,16,4,NONE
3738,1791484226847,LTE,RETENTION_PROBE,0.00,51.12,51.12,True,0,1.0,True,16,3,NONE
3739,1791484226847,LTE,RETENTION_PROBE,0.00,334.46,334.46,True,0,1.0,True,16,1,NONE
3740,1791484226847,LTE,RETENTION_PROBE,0.00,54.69,54.69,True,0,1.0,True,16,3,NONE
3741,1791484226847,LTE,RETENTION_PROBE,0.00,62.83,62.83,True,0,1.0,True,16,3,NONE
3742,1791484226847,LTE,RETENTION_PROBE,0.00,72.52,72.52,True,0,1.0,True,16,3,NONE
3743,1791484226847,LTE,RETENTION_PROBE,0.00,70.74,70.74,True,0,1.0,True,16,3,NONE
3744,1791484226847,LTE,RETENTION_PROBE,0.00,70.66,70.66,True,0,1.0,True,16,1,NONE
3745,1791484226847,LTE,RETENTION_PROBE,0.00,38.33,38.33,True,0,1.0,True,16,3,NONE
3746,1791484226847,LTE,RETENTION_PROBE,0.00,208.93,208.93,True,0,1.0,True,16,2,NONE
3747,1791484226847,LTE,RETENTION_PROBE,0.00,456.04,456.04,True,0,1.0,True,16,3,NONE
3748,1791484226847,LTE,RETENTION_PROBE,0.00,211.88,211.88,True,0,1.0,True,16,1,NONE
3749,1791484226847,LTE,RETENTION_PROBE,0.00,212.47,212.47,True,0,1.0,True,16,4,NONE
3750,1791484226847,LTE,RETENTION_PROBE,0.00,82.48,82.48,True,0,1.0,True,16,4,NONE
3751,1791484226847,LTE,RETENTION_PROBE,0.00,69.15,69.15,True,0,1.0,True,16,2,NONE
3752,1791484226847,LTE,RETENTION_PROBE,0.00,67.56,67.56,True,0,1.0,True,16,1,NONE
3753,1791484226847,LTE,RETENTION_PROBE,0.00,317.28,317.28,True,0,1.0,True,16,1,NONE
3754,1791484226847,LTE,RETENTION_PROBE,0.00,74.87,74.87,True,0,1.0,True,16,1,NONE
3755,1791484226847,LTE,RETENTION_PROBE,0.00,162.19,162.19,True,0,1.0,True,16,3,NONE
3756,1791484226847,LTE,RETENTION_PROBE,0.00,46.97,46.97,True,0,1.0,True,16,3,NONE
3757,1791484226847,LTE,RETENTION_PROBE,0.00,36.04,36.04,True,0,1.0,True,16,4,NONE
3758,1791484226847,LTE,RETENTION_PROBE,0.00,217.32,217.32,True,0,1.0,True,16,1,NONE
3759,1791484226847,LTE,RETENTION_PROBE,0.00,96.20,96.20,True,0,1.0,True,16,3,NONE
3760,1791484226847,LTE,RETENTION_PROBE,0.00,97.29,97.29,True,0,1.0,True,16,1,NONE
3761,1791484226847,LTE,RETENTION_PROBE,0.00,82.18,82.18,True,0,1.0,True,16,3,NONE
3762,1791484226847,LTE,RETENTION_PROBE,0.00,83.25,83.25,True,0,1.0,True,16,4,NONE
3763,1791484226847,LTE,RETENTION_PROBE,0.00,46.78,46.78,True,0,1.0,True,16,4,NONE
3764,1791484226847,LTE,RETENTION_PROBE,0.00,62.39,62.39,True,0,1.0,True,16,1,NONE
3765,1791484226847,LTE,RETENTION_PROBE,0.00,69.39,69.39,True,0,1.0,True,16,2,NONE
3766,1791484226847,LTE,RETENTION_PROBE,0.00,37.61,37.61,True,0,1.0,True,16,1,NONE
3767,1791484226847,LTE,RETENTION_PROBE,0.00,38.66,38.66,True,0,1.0,True,16,1,NONE
3768,1791484226847,LTE,RETENTION_PROBE,0.00,42.72,42.72,True,0,1.0,True,16,3,NONE
3769,1791484226847,LTE,RETENTION_PROBE,0.00,67.06,67.06,True,0,1.0,True,16,3,NONE
3770,1791484226847,LTE,RETENTION_PROBE,0.00,76.14,76.14,True,0,1.0,True,16,3,NONE
3771,1791484226847,LTE,RETENTION_PROBE,0.00,198.76,198.76,True,0,1.0,True,16,3,NONE
3772,1791484226847,LTE,RETENTION_PROBE,0.00,502.71,502.71,True,0,1.0,True,16,3,NONE
3773,1791484226847,LTE,RETENTION_PROBE,0.00,98.16,98.16,True,0,1.0,True,16,4,NONE
3774,1791484226847,LTE,RETENTION_PROBE,0.00,54.22,54.22,True,0,1.0,True,16,2,NONE
3775,1791484226847,LTE,RETENTION_PROBE,0.00,84.56,84.56,True,0,1.0,True,16,3,NONE
3776,1791484226847,LTE,RETENTION_PROBE,0.00,38.36,38.36,True,0,1.0,True,16,3,NONE
3777,1791484226847,LTE,RETENTION_PROBE,0.00,94.06,94.06,True,0,1.0,True,16,1,NONE
3778,1791484226847,LTE,RETENTION_PROBE,0.00,101.23,101.23,True,0,1.0,True,16,2,NONE
3779,1791484226847,LTE,RETENTION_PROBE,0.00,55.55,55.55,True,0,1.0,True,16,2,NONE
3780,1791484226847,LTE,RETENTION_PROBE,0.00,82.96,82.96,True,0,1.0,True,16,3,NONE
3781,1791484226847,LTE,RETENTION_PROBE,0.00,55.08,55.08,True,0,1.0,True,16,3,NONE
3782,1791484226847,LTE,RETENTION_PROBE,0.00,100.95,100.95,True,0,1.0,True,16,1,NONE
3783,1791484226847,LTE,RETENTION_PROBE,0.00,40.66,40.66,True,0,1.0,True,16,1,NONE
3784,1791484226847,LTE,RETENTION_PROBE,0.00,100.89,100.89,True,0,1.0,True,16,4,NONE
3785,1791484226847,LTE,RETENTION_PROBE,0.00,33.44,33.44,True,0,1.0,True,16,1,NONE
3786,1791484226847,LTE,RETENTION_PROBE,0.00,76.27,76.27,True,0,1.0,True,16,2,NONE
3787,1791484226847,LTE,RETENTION_PROBE,0.00,34.59,34.59,True,0,1.0,True,16,3,NONE
3788,1791484226847,LTE,RETENTION_PROBE,0.00,71.05,71.05,True,0,1.0,True,16,3,NONE
3789,1791484226847,LTE,RETENTION_PROBE,0.00,81.61,81.61,True,0,1.0,True,16,2,NONE
3790,1791484226847,LTE,RETENTION_PROBE,0.00,58.95,58.95,True,0,1.0,True,16,3,NONE
3791,1791484226847,LTE,RETENTION_PROBE,0.00,88.43,88.43,True,0,1.0,True,16,3,NONE
3792,1791484226847,LTE,RETENTION_PROBE,0.00,501.51,501.51,True,0,1.0,True,16,2,NONE
3793,1791484226847,LTE,RETENTION_PROBE,0.00,85.80,85.80,True,0,1.0,True,16,2,NONE
3794,1791484226847,LTE,RETENTION_PROBE,0.00,102.17,102.17,True,0,1.0,True,16,2,NONE
3795,1791484226847,LTE,RETENTION_PROBE,0.00,33.32,33.32,True,0,1.0,True,16,3,NONE
3796,1791484226847,LTE,RETENTION_PROBE,0.00,81.24,81.24,True,0,1.0,True,16,3,NONE
3797,1791484226847,LTE,RETENTION_PROBE,0.00,42.80,42.80,True,0,1.0,True,16,4,NONE
3798,1791484226847,LTE,RETENTION_PROBE,0.00,48.40,48.40,True,0,1.0,True,16,1,NONE
3799,1791484226847,LTE,RETENTION_PROBE,0.00,96.47,96.47,True,0,1.0,True,16,2,NONE
3800,1791484226847,LTE,RETENTION_PROBE,0.00,222.45,222.45,True,0,1.0,True,16,1,NONE
3801,1791484226847,LTE,RETENTION_PROBE,0.00,51.01,51.01,True,0,1.0,True,16,3,NONE
3802,1791484226847,LTE,RETENTION_PROBE,0.00,41.00,41.00,True,0,1.0,True,16,1,NONE
3803,1791484226847,LTE,RETENTION_PROBE,0.00,68.08,68.08,True,0,1.0,True,16,1,NONE
3804,1791484226847,LTE,RETENTION_PROBE,0.00,80.75,80.75,True,0,1.0,True,16,2,NONE
3805,1791484226847,LTE,RETENTION_PROBE,0.00,48.98,48.98,True,0,1.0,True,16,1,NONE
3806,1791484226847,LTE,RETENTION_PROBE,0.00,74.50,74.50,True,0,1.0,True,16,2,NONE
3807,1791484226847,LTE,RETENTION_PROBE,0.00,46.77,46.77,True,0,1.0,True,16,1,NONE
3808,1791484226847,LTE,RETENTION_PROBE,0.00,100.14,100.14,True,0,1.0,True,16,2,NONE
3809,1791484226847,LTE,RETENTION_PROBE,0.00,98.12,98.12,True,0,1.0,True,16,2,NONE
3810,1791484226847,LTE,RETENTION_PROBE,0.00,83.95,83.95,True,0,1.0,True,16,1,NONE
3811,1791484226847,LTE,RETENTION_PROBE,0.00,34.84,34.84,True,0,1.0,True,16,3,NONE
3812,1791484226847,LTE,RETENTION_PROBE,0.00,204.52,204.52,True,0,1.0,True,16,2,NONE
3813,1791484226847,LTE,RETENTION_PROBE,0.00,98.54,98.54,True,0,1.0,True,16,4,NONE
3814,1791484226847,LTE,RETENTION_PROBE,0.00,91.17,91.17,True,0,1.0,True,16,3,NONE
3815,1791484226847,LTE,RETENTION_PROBE,0.00,90.14,90.14,True,0,1.0,True,16,3,NONE
3816,1791484226847,LTE,RETENTION_PROBE,0.00,81.08,81.08,True,0,1.0,True,16,4,NONE
3817,1791484226847,LTE,RETENTION_PROBE,0.00,89.05,89.05,True,0,1.0,True,16,3,NONE
3818,1791484226847,LTE,RETENTION_PROBE,0.00,236.23,236.23,True,0,1.0,True,16,3,NONE
3819,1791484226847,LTE,RETENTION_PROBE,0.00,64.23,64.23,True,0,1.0,True,16,4,NONE
3820,1791484226847,LTE,RETENTION_PROBE,0.00,80.03,80.03,True,0,1.0,True,16,2,NONE
3821,1791484226847,LTE,RETENTION_PROBE,0.00,294.70,294.70,True,0,1.0,True,16,2,NONE
3822,1791484226847,LTE,RETENTION_PROBE,0.00,37.98,37.98,True,0,1.0,True,16,1,NONE
3823,1791484226847,LTE,RETENTION_PROBE,0.00,84.40,84.40,True,0,1.0,True,16,3,NONE
3824,1791484226847,LTE,RETENTION_PROBE,0.00,98.90,98.90,True,0,1.0,True,16,1,NONE
3825,1791484226847,LTE,RETENTION_PROBE,0.00,86.79,86.79,True,0,1.0,True,16,4,NONE
3826,1791484226847,LTE,RETENTION_PROBE,0.00,51.53,51.53,True,0,1.0,True,16,4,NONE
3827,1791484226847,LTE,RETENTION_PROBE,0.00,76.29,76.29,True,0,1.0,True,16,2,NONE
3828,1791484226847,LTE,RETENTION_PROBE,0.00,311.20,311.20,True,0,1.0,True,16,3,NONE
3829,1791484226847,LTE,RETENTION_PROBE,0.00,55.65,55.65,True,0,1.0,True,16,4,NONE
3830,1791484226847,LTE,RETENTION_PROBE,0.00,37.20,37.20,True,0,1.0,True,16,4,NONE
3831,1791484226847,RESTRICTIVE_NAT,RETENTION_PROBE,0.00,726.84,726.84,True,0,1.0,True,16,4,NONE
3832,1791484226847,RESTRICTIVE_NAT,RETENTION_PROBE,0.00,0.00,0.00,False,1,1.0,True,16,0,RETENTION_EXPIRED
3833,1791484226847,RESTRICTIVE_NAT,RETENTION_PROBE,0.00,0.00,0.00,False,1,1.0,True,16,0,RETENTION_EXPIRED
3834,1791484226847,RESTRICTIVE_NAT,RETENTION_PROBE,0.00,135.71,135.71,True,0,1.0,True,16,3,NONE
3835,1791484226847,RESTRICTIVE_NAT,RETENTION_PROBE,0.00,161.14,161.14,True,0,1.0,True,16,3,NONE
3836,1791484226847,RESTRICTIVE_NAT,RETENTION_PROBE,0.00,57.95,57.95,True,0,1.0,True,16,3,NONE
3837,1791484226847,RESTRICTIVE_NAT,RETENTION_PROBE,0.00,115.87,115.87,True,0,1.0,True,16,4,NONE
3838,1791484226847,RESTRICTIVE_NAT,RETENTION_PROBE,0.00,178.93,178.93,True,0,1.0,True,16,4,NONE
3839,1791484226847,RESTRICTIVE_NAT,RETENTION_PROBE,0.00,60.05,60.05,True,0,1.0,True,16,3,NONE
3840,1791484226847,RESTRICTIVE_NAT,RETENTION_PROBE,0.00,611.35,611.35,True,0,1.0,True,16,2,NONE
3841,1791484226847,RESTRICTIVE_NAT,RETENTION_PROBE,0.00,864.97,864.97,True,0,1.0,True,16,0,NONE
3842,1791484226847,RESTRICTIVE_NAT,RETENTION_PROBE,0.00,61.14,61.14,True,0,1.0,True,16,4,NONE
3843,1791484226847,RESTRICTIVE_NAT,RETENTION_PROBE,0.00,164.47,164.47,True,0,1.0,True,16,4,NONE
3844,1791484226847,RESTRICTIVE_NAT,RETENTION_PROBE,0.00,56.29,56.29,True,0,1.0,True,16,2,NONE
3845,1791484226847,RESTRICTIVE_NAT,RETENTION_PROBE,0.00,145.48,145.48,True,0,1.0,True,16,4,NONE
3846,1791484226847,RESTRICTIVE_NAT,RETENTION_PROBE,0.00,153.43,153.43,True,0,1.0,True,16,1,NONE
3847,1791484226847,RESTRICTIVE_NAT,RETENTION_PROBE,0.00,0.00,0.00,False,1,1.0,True,16,0,RETENTION_EXPIRED
3848,1791484226847,RESTRICTIVE_NAT,RETENTION_PROBE,0.00,351.27,351.27,True,0,1.0,True,16,2,NONE
3849,1791484226847,RESTRICTIVE_NAT,RETENTION_PROBE,0.00,143.64,143.64,True,0,1.0,True,16,3,NONE
3850,1791484226847,RESTRICTIVE_NAT,RETENTION_PROBE,0.00,54.13,54.13,True,0,1.0,True,16,3,NONE
3851,1791484226847,RESTRICTIVE_NAT,RETENTION_PROBE,0.00,50.11,50.11,True,0,1.0,True,16,4,NONE
3852,1791484226847,RESTRICTIVE_NAT,RETENTION_PROBE,0.00,516.26,516.26,True,0,1.0,True,16,3,NONE
3853,1791484226847,RESTRICTIVE_NAT,RETENTION_PROBE,0.00,165.74,165.74,True,0,1.0,True,16,2,NONE
3854,1791484226847,RESTRICTIVE_NAT,RETENTION_PROBE,0.00,129.60,129.60,True,0,1.0,True,16,1,NONE
3855,1791484226847,RESTRICTIVE_NAT,RETENTION_PROBE,0.00,88.72,88.72,True,0,1.0,True,16,3,NONE
3856,1791484226847,RESTRICTIVE_NAT,RETENTION_PROBE,0.00,149.67,149.67,True,0,1.0,True,16,3,NONE
3857,1791484226847,RESTRICTIVE_NAT,RETENTION_PROBE,0.00,124.64,124.64,True,0,1.0,True,16,3,NONE
3858,1791484226847,RESTRICTIVE_NAT,RETENTION_PROBE,0.00,178.85,178.85,True,0,1.0,True,16,1,NONE
3859,1791484226847,RESTRICTIVE_NAT,RETENTION_PROBE,0.00,452.44,452.44,True,0,1.0,True,16,1,NONE
3860,1791484226847,RESTRICTIVE_NAT,RETENTION_PROBE,0.00,77.49,77.49,True,0,1.0,True,16,2,NONE
3861,1791484226847,RESTRICTIVE_NAT,RETENTION_PROBE,0.00,113.24,113.24,True,0,1.0,True,16,1,NONE
3862,1791484226847,RESTRICTIVE_NAT,RETENTION_PROBE,0.00,0.00,0.00,False,1,1.0,True,16,0,RETENTION_EXPIRED
3863,1791484226847,RESTRICTIVE_NAT,RETENTION_PROBE,0.00,122.11,122.11,True,0,1.0,True,16,2,NONE
3864,1791484226847,RESTRICTIVE_NAT,RETENTION_PROBE,0.00,502.20,502.20,True,0,1.0,True,16,3,NONE
3865,1791484226847,RESTRICTIVE_NAT,RETENTION_PROBE,0.00,457.54,457.54,True,0,1.0,True,16,2,NONE
3866,1791484226847,RESTRICTIVE_NAT,RETENTION_PROBE,0.00,124.68,124.68,True,0,1.0,True,16,3,NONE
3867,1791484226847,RESTRICTIVE_NAT,RETENTION_PROBE,0.00,112.51,112.51,True,0,1.0,True,16,4,NONE
3868,1791484226847,RESTRICTIVE_NAT,RETENTION_PROBE,0.00,55.52,55.52,True,0,1.0,True,16,2,NONE
3869,1791484226847,RESTRICTIVE_NAT,RETENTION_PROBE,0.00,154.95,154.95,True,0,1.0,True,16,3,NONE
3870,1791484226847,RESTRICTIVE_NAT,RETENTION_PROBE,0.00,316.37,316.37,True,0,1.0,True,16,3,NONE
3871,1791484226847,RESTRICTIVE_NAT,RETENTION_PROBE,0.00,160.43,160.43,True,0,1.0,True,16,2,NONE
3872,1791484226847,RESTRICTIVE_NAT,RETENTION_PROBE,0.00,100.44,100.44,True,0,1.0,True,16,1,NONE
3873,1791484226847,RESTRICTIVE_NAT,RETENTION_PROBE,0.00,111.85,111.85,True,0,1.0,True,16,2,NONE
3874,1791484226847,RESTRICTIVE_NAT,RETENTION_PROBE,0.00,157.54,157.54,True,0,1.0,True,16,3,NONE
3875,1791484226847,RESTRICTIVE_NAT,RETENTION_PROBE,0.00,81.78,81.78,True,0,1.0,True,16,1,NONE
3876,1791484226847,RESTRICTIVE_NAT,RETENTION_PROBE,0.00,468.97,468.97,True,0,1.0,True,16,1,NONE
3877,1791484226847,RESTRICTIVE_NAT,RETENTION_PROBE,0.00,67.89,67.89,True,0,1.0,True,16,1,NONE
3878,1791484226847,RESTRICTIVE_NAT,RETENTION_PROBE,0.00,104.22,104.22,True,0,1.0,True,16,3,NONE
3879,1791484226847,RESTRICTIVE_NAT,RETENTION_PROBE,0.00,53.90,53.90,True,0,1.0,True,16,4,NONE
3880,1791484226847,RESTRICTIVE_NAT,RETENTION_PROBE,0.00,163.67,163.67,True,0,1.0,True,16,1,NONE
3881,1791484226847,RESTRICTIVE_NAT,RETENTION_PROBE,0.00,147.63,147.63,True,0,1.0,True,16,2,NONE
3882,1791484226847,RESTRICTIVE_NAT,RETENTION_PROBE,0.00,500.45,500.45,True,0,1.0,True,16,3,NONE
3883,1791484226847,RESTRICTIVE_NAT,RETENTION_PROBE,0.00,555.08,555.08,True,0,1.0,True,16,3,NONE
3884,1791484226847,RESTRICTIVE_NAT,RETENTION_PROBE,0.00,167.48,167.48,True,0,1.0,True,16,3,NONE
3885,1791484226847,RESTRICTIVE_NAT,RETENTION_PROBE,0.00,501.75,501.75,True,0,1.0,True,16,3,NONE
3886,1791484226847,RESTRICTIVE_NAT,RETENTION_PROBE,0.00,547.13,547.13,True,0,1.0,True,16,4,NONE
3887,1791484226847,RESTRICTIVE_NAT,RETENTION_PROBE,0.00,144.76,144.76,True,0,1.0,True,16,3,NONE
3888,1791484226847,RESTRICTIVE_NAT,RETENTION_PROBE,0.00,110.60,110.60,True,0,1.0,True,16,1,NONE
3889,1791484226847,RESTRICTIVE_NAT,RETENTION_PROBE,0.00,135.13,135.13,True,0,1.0,True,16,4,NONE
3890,1791484226847,RESTRICTIVE_NAT,RETENTION_PROBE,0.00,517.95,517.95,True,0,1.0,True,16,3,NONE
3891,1791484226847,RESTRICTIVE_NAT,RETENTION_PROBE,0.00,121.30,121.30,True,0,1.0,True,16,3,NONE
3892,1791484226847,RESTRICTIVE_NAT,RETENTION_PROBE,0.00,76.37,76.37,True,0,1.0,True,16,2,NONE
3893,1791484226847,RESTRICTIVE_NAT,RETENTION_PROBE,0.00,272.07,272.07,True,0,1.0,True,16,2,NONE
3894,1791484226847,RESTRICTIVE_NAT,RETENTION_PROBE,0.00,63.81,63.81,True,0,1.0,True,16,1,NONE
3895,1791484226847,RESTRICTIVE_NAT,RETENTION_PROBE,0.00,598.69,598.69,True,0,1.0,True,16,4,NONE
3896,1791484226847,RESTRICTIVE_NAT,RETENTION_PROBE,0.00,569.00,569.00,True,0,1.0,True,16,2,NONE
3897,1791484226847,RESTRICTIVE_NAT,RETENTION_PROBE,0.00,171.41,171.41,True,0,1.0,True,16,4,NONE
3898,1791484226847,RESTRICTIVE_NAT,RETENTION_PROBE,0.00,530.17,530.17,True,0,1.0,True,16,2,NONE
3899,1791484226847,RESTRICTIVE_NAT,RETENTION_PROBE,0.00,145.77,145.77,True,0,1.0,True,16,2,NONE
3900,1791484226847,RESTRICTIVE_NAT,RETENTION_PROBE,0.00,154.33,154.33,True,0,1.0,True,16,3,NONE
3901,1791484226847,RESTRICTIVE_NAT,RETENTION_PROBE,0.00,69.25,69.25,True,0,1.0,True,16,2,NONE
3902,1791484226847,RESTRICTIVE_NAT,RETENTION_PROBE,0.00,92.43,92.43,True,0,1.0,True,16,2,NONE
3903,1791484226847,RESTRICTIVE_NAT,RETENTION_PROBE,0.00,0.00,0.00,False,1,1.0,True,16,0,RETENTION_EXPIRED
3904,1791484226847,RESTRICTIVE_NAT,RETENTION_PROBE,0.00,157.55,157.55,True,0,1.0,True,16,3,NONE
3905,1791484226847,RESTRICTIVE_NAT,RETENTION_PROBE,0.00,109.18,109.18,True,0,1.0,True,16,1,NONE
3906,1791484226847,RESTRICTIVE_NAT,RETENTION_PROBE,0.00,171.16,171.16,True,0,1.0,True,16,1,NONE
3907,1791484226847,RESTRICTIVE_NAT,RETENTION_PROBE,0.00,154.63,154.63,True,0,1.0,True,16,2,NONE
3908,1791484226847,RESTRICTIVE_NAT,RETENTION_PROBE,0.00,150.86,150.86,True,0,1.0,True,16,2,NONE
3909,1791484226847,RESTRICTIVE_NAT,RETENTION_PROBE,0.00,147.49,147.49,True,0,1.0,True,16,1,NONE
3910,1791484226847,RESTRICTIVE_NAT,RETENTION_PROBE,0.00,147.34,147.34,True,0,1.0,True,16,4,NONE
3911,1791484226847,RESTRICTIVE_NAT,RETENTION_PROBE,0.00,59.75,59.75,True,0,1.0,True,16,2,NONE
3912,1791484226847,RESTRICTIVE_NAT,RETENTION_PROBE,0.00,499.77,499.77,True,0,1.0,True,16,3,NONE
3913,1791484226847,RESTRICTIVE_NAT,RETENTION_PROBE,0.00,82.60,82.60,True,0,1.0,True,16,4,NONE
3914,1791484226847,RESTRICTIVE_NAT,RETENTION_PROBE,0.00,143.43,143.43,True,0,1.0,True,16,1,NONE
3915,1791484226847,RESTRICTIVE_NAT,RETENTION_PROBE,0.00,674.56,674.56,True,0,1.0,True,16,4,NONE
3916,1791484226847,RESTRICTIVE_NAT,RETENTION_PROBE,0.00,58.33,58.33,True,0,1.0,True,16,4,NONE
3917,1791484226847,RESTRICTIVE_NAT,RETENTION_PROBE,0.00,136.26,136.26,True,0,1.0,True,16,4,NONE
3918,1791484226847,RESTRICTIVE_NAT,RETENTION_PROBE,0.00,164.61,164.61,True,0,1.0,True,16,2,NONE
3919,1791484226847,RESTRICTIVE_NAT,RETENTION_PROBE,0.00,245.05,245.05,True,0,1.0,True,16,2,NONE
3920,1791484226847,RESTRICTIVE_NAT,RETENTION_PROBE,0.00,87.18,87.18,True,0,1.0,True,16,1,NONE
3921,1791484226847,RESTRICTIVE_NAT,RETENTION_PROBE,0.00,0.00,0.00,False,1,1.0,True,16,0,RETENTION_EXPIRED
3922,1791484226847,RESTRICTIVE_NAT,RETENTION_PROBE,0.00,91.83,91.83,True,0,1.0,True,16,4,NONE
3923,1791484226847,RESTRICTIVE_NAT,RETENTION_PROBE,0.00,126.01,126.01,True,0,1.0,True,16,2,NONE
3924,1791484226847,RESTRICTIVE_NAT,RETENTION_PROBE,0.00,142.29,142.29,True,0,1.0,True,16,3,NONE
3925,1791484226847,RESTRICTIVE_NAT,RETENTION_PROBE,0.00,409.40,409.40,True,0,1.0,True,16,3,NONE
3926,1791484226847,RESTRICTIVE_NAT,RETENTION_PROBE,0.00,87.32,87.32,True,0,1.0,True,16,1,NONE
3927,1791484226847,RESTRICTIVE_NAT,RETENTION_PROBE,0.00,118.02,118.02,True,0,1.0,True,16,1,NONE
3928,1791484226847,RESTRICTIVE_NAT,RETENTION_PROBE,0.00,520.95,520.95,True,0,1.0,True,16,2,NONE
3929,1791484226847,RESTRICTIVE_NAT,RETENTION_PROBE,0.00,298.30,298.30,True,0,1.0,True,16,3,NONE
3930,1791484226847,RESTRICTIVE_NAT,RETENTION_PROBE,0.00,124.94,124.94,True,0,1.0,True,16,1,NONE
3931,1791484226847,RESTRICTIVE_NAT,RETENTION_PROBE,0.00,88.68,88.68,True,0,1.0,True,16,2,NONE
3932,1791484226847,RESTRICTIVE_NAT,RETENTION_PROBE,0.00,138.94,138.94,True,0,1.0,True,16,2,NONE
3933,1791484226847,RESTRICTIVE_NAT,RETENTION_PROBE,0.00,179.21,179.21,True,0,1.0,True,16,2,NONE
3934,1791484226847,RESTRICTIVE_NAT,RETENTION_PROBE,0.00,624.87,624.87,True,0,1.0,True,16,2,NONE
3935,1791484226847,RESTRICTIVE_NAT,RETENTION_PROBE,0.00,100.83,100.83,True,0,1.0,True,16,3,NONE
3936,1791484226847,RESTRICTIVE_NAT,RETENTION_PROBE,0.00,572.85,572.85,True,0,1.0,True,16,3,NONE
3937,1791484226847,RESTRICTIVE_NAT,RETENTION_PROBE,0.00,118.64,118.64,True,0,1.0,True,16,1,NONE
3938,1791484226847,RESTRICTIVE_NAT,RETENTION_PROBE,0.00,399.64,399.64,True,0,1.0,True,16,4,NONE
3939,1791484226847,RESTRICTIVE_NAT,RETENTION_PROBE,0.00,0.00,0.00,False,1,1.0,True,16,0,RETENTION_EXPIRED
3940,1791484226847,RESTRICTIVE_NAT,RETENTION_PROBE,0.00,156.75,156.75,True,0,1.0,True,16,1,NONE
3941,1791484226847,RESTRICTIVE_NAT,RETENTION_PROBE,0.00,176.40,176.40,True,0,1.0,True,16,4,NONE
3942,1791484226847,RESTRICTIVE_NAT,RETENTION_PROBE,0.00,147.51,147.51,True,0,1.0,True,16,2,NONE
3943,1791484226847,RESTRICTIVE_NAT,RETENTION_PROBE,0.00,65.62,65.62,True,0,1.0,True,16,2,NONE
3944,1791484226847,RESTRICTIVE_NAT,RETENTION_PROBE,0.00,396.56,396.56,True,0,1.0,True,16,3,NONE
3945,1791484226847,RESTRICTIVE_NAT,RETENTION_PROBE,0.00,241.54,241.54,True,0,1.0,True,16,2,NONE
3946,1791484226847,RESTRICTIVE_NAT,RETENTION_PROBE,0.00,0.00,0.00,False,1,1.0,True,16,0,RETENTION_EXPIRED
3947,1791484226847,RESTRICTIVE_NAT,RETENTION_PROBE,0.00,77.11,77.11,True,0,1.0,True,16,1,NONE
3948,1791484226847,RESTRICTIVE_NAT,RETENTION_PROBE,0.00,632.66,632.66,True,0,1.0,True,16,3,NONE
3949,1791484226847,RESTRICTIVE_NAT,RETENTION_PROBE,0.00,69.33,69.33,True,0,1.0,True,16,2,NONE
3950,1791484226847,RESTRICTIVE_NAT,RETENTION_PROBE,0.00,0.00,0.00,False,1,1.0,True,16,0,RETENTION_EXPIRED
3951,1791484226847,RESTRICTIVE_NAT,RETENTION_PROBE,0.00,114.16,114.16,True,0,1.0,True,16,4,NONE
3952,1791484226847,RESTRICTIVE_NAT,RETENTION_PROBE,0.00,66.06,66.06,True,0,1.0,True,16,4,NONE
3953,1791484226847,RESTRICTIVE_NAT,RETENTION_PROBE,0.00,154.52,154.52,True,0,1.0,True,16,3,NONE
3954,1791484226847,RESTRICTIVE_NAT,RETENTION_PROBE,0.00,173.37,173.37,True,0,1.0,True,16,2,NONE
3955,1791484226847,RESTRICTIVE_NAT,RETENTION_PROBE,0.00,60.09,60.09,True,0,1.0,True,16,4,NONE
3956,1791484226847,RESTRICTIVE_NAT,RETENTION_PROBE,0.00,114.93,114.93,True,0,1.0,True,16,4,NONE
3957,1791484226847,RESTRICTIVE_NAT,RETENTION_PROBE,0.00,168.52,168.52,True,0,1.0,True,16,1,NONE
3958,1791484226847,RESTRICTIVE_NAT,RETENTION_PROBE,0.00,0.00,0.00,False,1,1.0,True,16,0,RETENTION_EXPIRED
3959,1791484226847,RESTRICTIVE_NAT,RETENTION_PROBE,0.00,391.14,391.14,True,0,1.0,True,16,1,NONE
3960,1791484226847,RESTRICTIVE_NAT,RETENTION_PROBE,0.00,809.39,809.39,True,0,1.0,True,16,1,NONE
3961,1791484226847,RESTRICTIVE_NAT,RETENTION_PROBE,0.00,125.80,125.80,True,0,1.0,True,16,1,NONE
3962,1791484226847,RESTRICTIVE_NAT,RETENTION_PROBE,0.00,639.12,639.12,True,0,1.0,True,16,1,NONE
3963,1791484226847,RESTRICTIVE_NAT,RETENTION_PROBE,0.00,82.43,82.43,True,0,1.0,True,16,4,NONE
3964,1791484226847,RESTRICTIVE_NAT,RETENTION_PROBE,0.00,89.89,89.89,True,0,1.0,True,16,4,NONE
3965,1791484226847,RESTRICTIVE_NAT,RETENTION_PROBE,0.00,145.03,145.03,True,0,1.0,True,16,2,NONE
3966,1791484226847,RESTRICTIVE_NAT,RETENTION_PROBE,0.00,151.28,151.28,True,0,1.0,True,16,1,NONE
3967,1791484226847,RESTRICTIVE_NAT,RETENTION_PROBE,0.00,339.68,339.68,True,0,1.0,True,16,3,NONE
3968,1791484226847,RESTRICTIVE_NAT,RETENTION_PROBE,0.00,554.44,554.44,True,0,1.0,True,16,0,NONE
3969,1791484226847,RESTRICTIVE_NAT,RETENTION_PROBE,0.00,91.22,91.22,True,0,1.0,True,16,1,NONE
3970,1791484226847,RESTRICTIVE_NAT,RETENTION_PROBE,0.00,541.40,541.40,True,0,1.0,True,16,1,NONE
3971,1791484226847,RESTRICTIVE_NAT,RETENTION_PROBE,0.00,0.00,0.00,False,1,1.0,True,16,0,RETENTION_EXPIRED
3972,1791484226847,RESTRICTIVE_NAT,RETENTION_PROBE,0.00,0.00,0.00,False,1,1.0,True,16,0,RETENTION_EXPIRED
3973,1791484226847,RESTRICTIVE_NAT,RETENTION_PROBE,0.00,155.35,155.35,True,0,1.0,True,16,1,NONE
3974,1791484226847,RESTRICTIVE_NAT,RETENTION_PROBE,0.00,52.31,52.31,True,0,1.0,True,16,2,NONE
3975,1791484226847,RESTRICTIVE_NAT,RETENTION_PROBE,0.00,453.00,453.00,True,0,1.0,True,16,4,NONE
3976,1791484226847,RESTRICTIVE_NAT,RETENTION_PROBE,0.00,62.08,62.08,True,0,1.0,True,16,4,NONE
3977,1791484226847,RESTRICTIVE_NAT,RETENTION_PROBE,0.00,98.48,98.48,True,0,1.0,True,16,2,NONE
3978,1791484226847,RESTRICTIVE_NAT,RETENTION_PROBE,0.00,110.33,110.33,True,0,1.0,True,16,1,NONE
3979,1791484226847,RESTRICTIVE_NAT,RETENTION_PROBE,0.00,75.51,75.51,True,0,1.0,True,16,2,NONE
3980,1791484226847,RESTRICTIVE_NAT,RETENTION_PROBE,0.00,449.66,449.66,True,0,1.0,True,16,3,NONE
3981,1791484226847,RESTRICTIVE_NAT,RETENTION_PROBE,0.00,100.35,100.35,True,0,1.0,True,16,1,NONE
3982,1791484226847,RESTRICTIVE_NAT,RETENTION_PROBE,0.00,125.49,125.49,True,0,1.0,True,16,2,NONE
3983,1791484226847,RESTRICTIVE_NAT,RETENTION_PROBE,0.00,515.31,515.31,True,0,1.0,True,16,3,NONE
3984,1791484226847,RESTRICTIVE_NAT,RETENTION_PROBE,0.00,266.02,266.02,True,0,1.0,True,16,4,NONE
3985,1791484226847,RESTRICTIVE_NAT,RETENTION_PROBE,0.00,62.63,62.63,True,0,1.0,True,16,3,NONE
3986,1791484226847,RESTRICTIVE_NAT,RETENTION_PROBE,0.00,564.83,564.83,True,0,1.0,True,16,0,NONE
3987,1791484226847,RESTRICTIVE_NAT,RETENTION_PROBE,0.00,79.37,79.37,True,0,1.0,True,16,4,NONE
3988,1791484226847,RESTRICTIVE_NAT,RETENTION_PROBE,0.00,150.70,150.70,True,0,1.0,True,16,1,NONE
3989,1791484226847,RESTRICTIVE_NAT,RETENTION_PROBE,0.00,518.79,518.79,True,0,1.0,True,16,2,NONE
3990,1791484226847,RESTRICTIVE_NAT,RETENTION_PROBE,0.00,119.65,119.65,True,0,1.0,True,16,2,NONE
3991,1791484226847,RESTRICTIVE_NAT,RETENTION_PROBE,0.00,137.27,137.27,True,0,1.0,True,16,2,NONE
3992,1791484226847,RESTRICTIVE_NAT,RETENTION_PROBE,0.00,71.24,71.24,True,0,1.0,True,16,4,NONE
3993,1791484226847,RESTRICTIVE_NAT,RETENTION_PROBE,0.00,156.32,156.32,True,0,1.0,True,16,3,NONE
3994,1791484226847,RESTRICTIVE_NAT,RETENTION_PROBE,0.00,102.93,102.93,True,0,1.0,True,16,2,NONE
3995,1791484226847,RESTRICTIVE_NAT,RETENTION_PROBE,0.00,102.23,102.23,True,0,1.0,True,16,2,NONE
3996,1791484226847,RESTRICTIVE_NAT,RETENTION_PROBE,0.00,117.49,117.49,True,0,1.0,True,16,1,NONE
3997,1791484226847,WIFI,RETENTION_PROBE,0.00,32.91,32.91,True,0,2.0,False,16,4,NONE
3998,1791484226847,WIFI,RETENTION_PROBE,0.00,0.00,0.00,False,1,2.0,False,16,0,RETENTION_EXPIRED
3999,1791484226847,WIFI,RETENTION_PROBE,0.00,0.00,0.00,False,1,2.0,False,16,0,RETENTION_EXPIRED
4000,1791484226847,WIFI,RETENTION_PROBE,0.00,19.09,19.09,True,0,2.0,False,16,2,NONE
4001,1791484226847,WIFI,RETENTION_PROBE,0.00,0.00,0.00,False,1,2.0,False,16,0,RETENTION_EXPIRED
4002,1791484226847,WIFI,RETENTION_PROBE,0.00,19.45,19.45,True,0,2.0,False,16,4,NONE
4003,1791484226847,WIFI,RETENTION_PROBE,0.00,20.04,20.04,True,0,2.0,False,16,2,NONE
4004,1791484226847,WIFI,RETENTION_PROBE,0.00,21.47,21.47,True,0,2.0,False,16,2,NONE
4005,1791484226847,WIFI,RETENTION_PROBE,0.00,29.74,29.74,True,0,2.0,False,16,1,NONE
4006,1791484226847,WIFI,RETENTION_PROBE,0.00,0.00,0.00,False,1,2.0,False,16,0,RETENTION_EXPIRED
4007,1791484226847,WIFI,RETENTION_PROBE,0.00,25.94,25.94,True,0,2.0,False,16,4,NONE
4008,1791484226847,WIFI,RETENTION_PROBE,0.00,0.00,0.00,False,1,2.0,False,16,0,RETENTION_EXPIRED
4009,1791484226847,WIFI,RETENTION_PROBE,0.00,0.00,0.00,False,1,2.0,False,16,0,RETENTION_EXPIRED
4010,1791484226847,WIFI,RETENTION_PROBE,0.00,18.90,18.90,True,0,2.0,False,16,1,NONE
4011,1791484226847,WIFI,RETENTION_PROBE,0.00,21.26,21.26,True,0,2.0,False,16,4,NONE
4012,1791484226847,WIFI,RETENTION_PROBE,0.00,18.32,18.32,True,0,2.0,False,16,1,NONE
4013,1791484226847,WIFI,RETENTION_PROBE,0.00,34.98,34.98,True,0,2.0,False,16,2,NONE
4014,1791484226847,WIFI,RETENTION_PROBE,0.00,0.00,0.00,False,1,2.0,False,16,0,RETENTION_EXPIRED
4015,1791484226847,WIFI,RETENTION_PROBE,0.00,17.68,17.68,True,0,2.0,False,16,1,NONE
4016,1791484226847,WIFI,RETENTION_PROBE,0.00,32.47,32.47,True,0,2.0,False,16,3,NONE
4017,1791484226847,WIFI,RETENTION_PROBE,0.00,37.90,37.90,True,0,2.0,False,16,1,NONE
4018,1791484226847,WIFI,RETENTION_PROBE,0.00,0.00,0.00,False,1,2.0,False,16,0,RETENTION_EXPIRED
4019,1791484226847,WIFI,RETENTION_PROBE,0.00,39.50,39.50,True,0,2.0,False,16,1,NONE
4020,1791484226847,WIFI,RETENTION_PROBE,0.00,0.00,0.00,False,1,2.0,False,16,0,RETENTION_EXPIRED
4021,1791484226847,WIFI,RETENTION_PROBE,0.00,0.00,0.00,False,1,2.0,False,16,0,RETENTION_EXPIRED
4022,1791484226847,WIFI,RETENTION_PROBE,0.00,0.00,0.00,False,1,2.0,False,16,0,RETENTION_EXPIRED
4023,1791484226847,WIFI,RETENTION_PROBE,0.00,435.04,435.04,True,0,2.0,False,16,2,NONE
4024,1791484226847,WIFI,RETENTION_PROBE,0.00,28.73,28.73,True,0,2.0,False,16,1,NONE
4025,1791484226847,WIFI,RETENTION_PROBE,0.00,16.17,16.17,True,0,2.0,False,16,1,NONE
4026,1791484226847,WIFI,RETENTION_PROBE,0.00,22.11,22.11,True,0,2.0,False,16,3,NONE
4027,1791484226847,WIFI,RETENTION_PROBE,0.00,25.63,25.63,True,0,2.0,False,16,4,NONE
4028,1791484226847,WIFI,RETENTION_PROBE,0.00,20.45,20.45,True,0,2.0,False,16,2,NONE
4029,1791484226847,WIFI,RETENTION_PROBE,0.00,30.12,30.12,True,0,2.0,False,16,2,NONE
4030,1791484226847,WIFI,RETENTION_PROBE,0.00,35.29,35.29,True,0,2.0,False,16,4,NONE
4031,1791484226847,WIFI,RETENTION_PROBE,0.00,31.43,31.43,True,0,2.0,False,16,1,NONE
4032,1791484226847,WIFI,RETENTION_PROBE,0.00,35.50,35.50,True,0,2.0,False,16,3,NONE
4033,1791484226847,WIFI,RETENTION_PROBE,0.00,33.49,33.49,True,0,2.0,False,16,2,NONE
4034,1791484226847,WIFI,RETENTION_PROBE,0.00,19.21,19.21,True,0,2.0,False,16,3,NONE
4035,1791484226847,WIFI,RETENTION_PROBE,0.00,0.00,0.00,False,1,2.0,False,16,0,RETENTION_EXPIRED
4036,1791484226847,WIFI,RETENTION_PROBE,0.00,16.81,16.81,True,0,2.0,False,16,2,NONE
4037,1791484226847,WIFI,RETENTION_PROBE,0.00,21.52,21.52,True,0,2.0,False,16,3,NONE
4038,1791484226847,WIFI,RETENTION_PROBE,0.00,36.84,36.84,True,0,2.0,False,16,2,NONE
4039,1791484226847,WIFI,RETENTION_PROBE,0.00,0.00,0.00,False,1,2.0,False,16,0,RETENTION_EXPIRED
4040,1791484226847,WIFI,RETENTION_PROBE,0.00,24.79,24.79,True,0,2.0,False,16,1,NONE
4041,1791484226847,WIFI,RETENTION_PROBE,0.00,31.93,31.93,True,0,2.0,False,16,3,NONE
4042,1791484226847,WIFI,RETENTION_PROBE,0.00,0.00,0.00,False,1,2.0,False,16,0,RETENTION_EXPIRED
4043,1791484226847,WIFI,RETENTION_PROBE,0.00,23.09,23.09,True,0,2.0,False,16,4,NONE
4044,1791484226847,WIFI,RETENTION_PROBE,0.00,22.26,22.26,True,0,2.0,False,16,1,NONE
4045,1791484226847,WIFI,RETENTION_PROBE,0.00,35.97,35.97,True,0,2.0,False,16,3,NONE
4046,1791484226847,WIFI,RETENTION_PROBE,0.00,33.33,33.33,True,0,2.0,False,16,1,NONE
4047,1791484226847,WIFI,RETENTION_PROBE,0.00,22.85,22.85,True,0,2.0,False,16,2,NONE
4048,1791484226847,WIFI,RETENTION_PROBE,0.00,36.29,36.29,True,0,2.0,False,16,3,NONE
4049,1791484226847,WIFI,RETENTION_PROBE,0.00,16.71,16.71,True,0,2.0,False,16,1,NONE
4050,1791484226847,WIFI,RETENTION_PROBE,0.00,0.00,0.00,False,1,2.0,False,16,0,RETENTION_EXPIRED
4051,1791484226847,WIFI,RETENTION_PROBE,0.00,20.64,20.64,True,0,2.0,False,16,4,NONE
4052,1791484226847,WIFI,RETENTION_PROBE,0.00,37.40,37.40,True,0,2.0,False,16,3,NONE
4053,1791484226847,WIFI,RETENTION_PROBE,0.00,0.00,0.00,False,1,2.0,False,16,0,RETENTION_EXPIRED
4054,1791484226847,WIFI,RETENTION_PROBE,0.00,0.00,0.00,False,1,2.0,False,16,0,RETENTION_EXPIRED
4055,1791484226847,WIFI,RETENTION_PROBE,0.00,18.06,18.06,True,0,2.0,False,16,3,NONE
4056,1791484226847,WIFI,RETENTION_PROBE,0.00,32.56,32.56,True,0,2.0,False,16,1,NONE
4057,1791484226847,WIFI,RETENTION_PROBE,0.00,32.08,32.08,True,0,2.0,False,16,1,NONE
4058,1791484226847,WIFI,RETENTION_PROBE,0.00,28.74,28.74,True,0,2.0,False,16,1,NONE
4059,1791484226847,WIFI,RETENTION_PROBE,0.00,28.93,28.93,True,0,2.0,False,16,1,NONE
4060,1791484226847,WIFI,RETENTION_PROBE,0.00,30.21,30.21,True,0,2.0,False,16,1,NONE
4061,1791484226847,WIFI,RETENTION_PROBE,0.00,28.09,28.09,True,0,2.0,False,16,3,NONE
4062,1791484226847,WIFI,RETENTION_PROBE,0.00,39.27,39.27,True,0,2.0,False,16,3,NONE
4063,1791484226847,WIFI,RETENTION_PROBE,0.00,29.66,29.66,True,0,2.0,False,16,4,NONE
4064,1791484226847,WIFI,RETENTION_PROBE,0.00,32.41,32.41,True,0,2.0,False,16,1,NONE
4065,1791484226847,WIFI,RETENTION_PROBE,0.00,16.51,16.51,True,0,2.0,False,16,4,NONE
4066,1791484226847,WIFI,RETENTION_PROBE,0.00,35.03,35.03,True,0,2.0,False,16,4,NONE
4067,1791484226847,WIFI,RETENTION_PROBE,0.00,32.82,32.82,True,0,2.0,False,16,1,NONE
4068,1791484226847,WIFI,RETENTION_PROBE,0.00,0.00,0.00,False,1,2.0,False,16,0,RETENTION_EXPIRED
4069,1791484226847,WIFI,RETENTION_PROBE,0.00,20.94,20.94,True,0,2.0,False,16,2,NONE
4070,1791484226847,WIFI,RETENTION_PROBE,0.00,37.51,37.51,True,0,2.0,False,16,2,NONE
4071,1791484226847,WIFI,RETENTION_PROBE,0.00,39.29,39.29,True,0,2.0,False,16,2,NONE
4072,1791484226847,WIFI,RETENTION_PROBE,0.00,31.95,31.95,True,0,2.0,False,16,3,NONE
4073,1791484226847,WIFI,RETENTION_PROBE,0.00,0.00,0.00,False,1,2.0,False,16,0,RETENTION_EXPIRED
4074,1791484226847,WIFI,RETENTION_PROBE,0.00,36.04,36.04,True,0,2.0,False,16,4,NONE
4075,1791484226847,WIFI,RETENTION_PROBE,0.00,0.00,0.00,False,1,2.0,False,16,0,RETENTION_EXPIRED
4076,1791484226847,WIFI,RETENTION_PROBE,0.00,34.72,34.72,True,0,2.0,False,16,2,NONE
4077,1791484226847,WIFI,RETENTION_PROBE,0.00,23.93,23.93,True,0,2.0,False,16,1,NONE
4078,1791484226847,WIFI,RETENTION_PROBE,0.00,28.81,28.81,True,0,2.0,False,16,2,NONE
4079,1791484226847,WIFI,RETENTION_PROBE,0.00,32.30,32.30,True,0,2.0,False,16,4,NONE
4080,1791484226847,WIFI,RETENTION_PROBE,0.00,37.34,37.34,True,0,2.0,False,16,2,NONE
4081,1791484226847,WIFI,RETENTION_PROBE,0.00,23.91,23.91,True,0,2.0,False,16,1,NONE
4082,1791484226847,WIFI,RETENTION_PROBE,0.00,38.33,38.33,True,0,2.0,False,16,4,NONE
4083,1791484226847,WIFI,RETENTION_PROBE,0.00,37.04,37.04,True,0,2.0,False,16,3,NONE
4084,1791484226847,WIFI,RETENTION_PROBE,0.00,16.89,16.89,True,0,2.0,False,16,2,NONE
4085,1791484226847,WIFI,RETENTION_PROBE,0.00,36.59,36.59,True,0,2.0,False,16,4,NONE
4086,1791484226847,WIFI,RETENTION_PROBE,0.00,31.75,31.75,True,0,2.0,False,16,3,NONE
4087,1791484226847,WIFI,RETENTION_PROBE,0.00,24.48,24.48,True,0,2.0,False,16,3,NONE
4088,1791484226847,WIFI,RETENTION_PROBE,0.00,27.27,27.27,True,0,2.0,False,16,2,NONE
4089,1791484226847,WIFI,RETENTION_PROBE,0.00,0.00,0.00,False,1,2.0,False,16,0,RETENTION_EXPIRED
4090,1791484226847,WIFI,RETENTION_PROBE,0.00,32.01,32.01,True,0,2.0,False,16,1,NONE
4091,1791484226847,WIFI,RETENTION_PROBE,0.00,38.58,38.58,True,0,2.0,False,16,4,NONE
4092,1791484226847,WIFI,RETENTION_PROBE,0.00,23.41,23.41,True,0,2.0,False,16,3,NONE
4093,1791484226847,WIFI,RETENTION_PROBE,0.00,18.20,18.20,True,0,2.0,False,16,4,NONE
4094,1791484226847,WIFI,RETENTION_PROBE,0.00,25.75,25.75,True,0,2.0,False,16,2,NONE
4095,1791484226847,WIFI,RETENTION_PROBE,0.00,0.00,0.00,False,1,2.0,False,16,0,RETENTION_EXPIRED
4096,1791484226847,WIFI,RETENTION_PROBE,0.00,16.31,16.31,True,0,2.0,False,16,2,NONE
4097,1791484226847,WIFI,RETENTION_PROBE,0.00,39.90,39.90,True,0,2.0,False,16,1,NONE
4098,1791484226847,WIFI,RETENTION_PROBE,0.00,24.82,24.82,True,0,2.0,False,16,4,NONE
4099,1791484226847,WIFI,RETENTION_PROBE,0.00,0.00,0.00,False,1,2.0,False,16,0,RETENTION_EXPIRED
4100,1791484226847,WIFI,RETENTION_PROBE,0.00,31.00,31.00,True,0,2.0,False,16,4,NONE
4101,1791484226847,WIFI,RETENTION_PROBE,0.00,0.00,0.00,False,1,2.0,False,16,0,RETENTION_EXPIRED
4102,1791484226847,WIFI,RETENTION_PROBE,0.00,35.49,35.49,True,0,2.0,False,16,1,NONE
4103,1791484226847,WIFI,RETENTION_PROBE,0.00,0.00,0.00,False,1,2.0,False,16,0,RETENTION_EXPIRED
4104,1791484226847,WIFI,RETENTION_PROBE,0.00,0.00,0.00,False,1,2.0,False,16,0,RETENTION_EXPIRED
4105,1791484226847,WIFI,RETENTION_PROBE,0.00,0.00,0.00,False,1,2.0,False,16,0,RETENTION_EXPIRED
4106,1791484226847,WIFI,RETENTION_PROBE,0.00,25.56,25.56,True,0,2.0,False,16,2,NONE
4107,1791484226847,WIFI,RETENTION_PROBE,0.00,0.00,0.00,False,1,2.0,False,16,0,RETENTION_EXPIRED
4108,1791484226847,WIFI,RETENTION_PROBE,0.00,34.09,34.09,True,0,2.0,False,16,2,NONE
4109,1791484226847,WIFI,RETENTION_PROBE,0.00,21.94,21.94,True,0,2.0,False,16,1,NONE
4110,1791484226847,WIFI,RETENTION_PROBE,0.00,30.00,30.00,True,0,2.0,False,16,1,NONE
4111,1791484226847,WIFI,RETENTION_PROBE,0.00,21.95,21.95,True,0,2.0,False,16,3,NONE
4112,1791484226847,WIFI,RETENTION_PROBE,0.00,32.50,32.50,True,0,2.0,False,16,3,NONE
4113,1791484226847,WIFI,RETENTION_PROBE,0.00,28.96,28.96,True,0,2.0,False,16,4,NONE
4114,1791484226847,WIFI,RETENTION_PROBE,0.00,0.00,0.00,False,1,2.0,False,16,0,RETENTION_EXPIRED
4115,1791484226847,WIFI,RETENTION_PROBE,0.00,27.00,27.00,True,0,2.0,False,16,3,NONE
4116,1791484226847,WIFI,RETENTION_PROBE,0.00,19.18,19.18,True,0,2.0,False,16,3,NONE
4117,1791484226847,WIFI,RETENTION_PROBE,0.00,39.60,39.60,True,0,2.0,False,16,2,NONE
4118,1791484226847,WIFI,RETENTION_PROBE,0.00,18.05,18.05,True,0,2.0,False,16,2,NONE
4119,1791484226847,WIFI,RETENTION_PROBE,0.00,0.00,0.00,False,1,2.0,False,16,0,RETENTION_EXPIRED
4120,1791484226847,WIFI,RETENTION_PROBE,0.00,30.33,30.33,True,0,2.0,False,16,2,NONE
4121,1791484226847,WIFI,RETENTION_PROBE,0.00,38.67,38.67,True,0,2.0,False,16,2,NONE
4122,1791484226847,WIFI,RETENTION_PROBE,0.00,18.50,18.50,True,0,2.0,False,16,2,NONE
4123,1791484226847,WIFI,RETENTION_PROBE,0.00,25.97,25.97,True,0,2.0,False,16,2,NONE
4124,1791484226847,WIFI,RETENTION_PROBE,0.00,39.81,39.81,True,0,2.0,False,16,1,NONE
4125,1791484226847,WIFI,RETENTION_PROBE,0.00,31.81,31.81,True,0,2.0,False,16,2,NONE
4126,1791484226847,WIFI,RETENTION_PROBE,0.00,427.03,427.03,True,0,2.0,False,16,4,NONE
4127,1791484226847,WIFI,RETENTION_PROBE,0.00,21.28,21.28,True,0,2.0,False,16,3,NONE
4128,1791484226847,WIFI,RETENTION_PROBE,0.00,35.82,35.82,True,0,2.0,False,16,1,NONE
4129,1791484226847,WIFI,RETENTION_PROBE,0.00,0.00,0.00,False,1,2.0,False,16,0,RETENTION_EXPIRED
4130,1791484226847,WIFI,RETENTION_PROBE,0.00,35.45,35.45,True,0,2.0,False,16,4,NONE
4131,1791484226847,WIFI,RETENTION_PROBE,0.00,0.00,0.00,False,1,2.0,False,16,0,RETENTION_EXPIRED
4132,1791484226847,WIFI,RETENTION_PROBE,0.00,25.31,25.31,True,0,2.0,False,16,3,NONE
4133,1791484226847,WIFI,RETENTION_PROBE,0.00,0.00,0.00,False,1,2.0,False,16,0,RETENTION_EXPIRED
4134,1791484226847,WIFI,RETENTION_PROBE,0.00,0.00,0.00,False,1,2.0,False,16,0,RETENTION_EXPIRED
4135,1791484226847,WIFI,RETENTION_PROBE,0.00,32.54,32.54,True,0,2.0,False,16,1,NONE
4136,1791484226847,WIFI,RETENTION_PROBE,0.00,19.12,19.12,True,0,2.0,False,16,4,NONE
4137,1791484226847,WIFI,RETENTION_PROBE,0.00,21.78,21.78,True,0,2.0,False,16,3,NONE
4138,1791484226847,WIFI,RETENTION_PROBE,0.00,29.10,29.10,True,0,2.0,False,16,3,NONE
4139,1791484226847,WIFI,RETENTION_PROBE,0.00,39.45,39.45,True,0,2.0,False,16,3,NONE
4140,1791484226847,WIFI,RETENTION_PROBE,0.00,28.49,28.49,True,0,2.0,False,16,2,NONE
4141,1791484226847,WIFI,RETENTION_PROBE,0.00,25.29,25.29,True,0,2.0,False,16,4,NONE
4142,1791484226847,WIFI,RETENTION_PROBE,0.00,23.05,23.05,True,0,2.0,False,16,4,NONE
4143,1791484226847,WIFI,RETENTION_PROBE,0.00,35.90,35.90,True,0,2.0,False,16,3,NONE
4144,1791484226847,WIFI,RETENTION_PROBE,0.00,37.96,37.96,True,0,2.0,False,16,2,NONE
4145,1791484226847,WIFI,RETENTION_PROBE,0.00,36.96,36.96,True,0,2.0,False,16,2,NONE
4146,1791484226847,WIFI,RETENTION_PROBE,0.00,0.00,0.00,False,1,2.0,False,16,0,RETENTION_EXPIRED
4147,1791484226847,WIFI,RETENTION_PROBE,0.00,28.10,28.10,True,0,2.0,False,16,1,NONE
4148,1791484226847,WIFI,RETENTION_PROBE,0.00,28.48,28.48,True,0,2.0,False,16,2,NONE
4149,1791484226847,WIFI,RETENTION_PROBE,0.00,35.59,35.59,True,0,2.0,False,16,1,NONE
4150,1791484226847,WIFI,RETENTION_PROBE,0.00,22.98,22.98,True,0,2.0,False,16,1,NONE
4151,1791484226847,WIFI,RETENTION_PROBE,0.00,0.00,0.00,False,1,2.0,False,16,0,RETENTION_EXPIRED
4152,1791484226847,WIFI,RETENTION_PROBE,0.00,25.37,25.37,True,0,2.0,False,16,4,NONE
4153,1791484226847,WIFI,RETENTION_PROBE,0.00,0.00,0.00,False,1,2.0,False,16,0,RETENTION_EXPIRED
4154,1791484226847,WIFI,RETENTION_PROBE,0.00,27.46,27.46,True,0,2.0,False,16,2,NONE
4155,1791484226848,WIFI,RETENTION_PROBE,0.00,0.00,0.00,False,1,2.0,False,16,0,RETENTION_EXPIRED
4156,1791484226848,WIFI,RETENTION_PROBE,0.00,34.60,34.60,True,0,2.0,False,16,2,NONE
4157,1791484226848,WIFI,RETENTION_PROBE,0.00,0.00,0.00,False,1,2.0,False,16,0,RETENTION_EXPIRED
4158,1791484226848,WIFI,RETENTION_PROBE,0.00,0.00,0.00,False,1,2.0,False,16,0,RETENTION_EXPIRED
4159,1791484226848,WIFI,RETENTION_PROBE,0.00,28.21,28.21,True,0,2.0,False,16,1,NONE
4160,1791484226848,WIFI,RETENTION_PROBE,0.00,425.54,425.54,True,0,2.0,False,16,4,NONE
4161,1791484226848,WIFI,RETENTION_PROBE,0.00,0.00,0.00,False,1,2.0,False,16,0,RETENTION_EXPIRED
4162,1791484226848,WIFI,RETENTION_PROBE,0.00,16.09,16.09,True,0,2.0,False,16,1,NONE
4163,1791484226848,LTE,RETENTION_PROBE,0.00,82.00,82.00,True,0,2.0,False,16,1,NONE
4164,1791484226848,LTE,RETENTION_PROBE,0.00,259.64,259.64,True,0,2.0,False,16,2,NONE
4165,1791484226848,LTE,RETENTION_PROBE,0.00,492.53,492.53,True,0,2.0,False,16,3,NONE
4166,1791484226848,LTE,RETENTION_PROBE,0.00,45.59,45.59,True,0,2.0,False,16,2,NONE
4167,1791484226848,LTE,RETENTION_PROBE,0.00,61.54,61.54,True,0,2.0,False,16,1,NONE
4168,1791484226848,LTE,RETENTION_PROBE,0.00,0.00,0.00,False,1,2.0,False,16,0,RETENTION_EXPIRED
4169,1791484226848,LTE,RETENTION_PROBE,0.00,434.32,434.32,True,0,2.0,False,16,3,NONE
4170,1791484226848,LTE,RETENTION_PROBE,0.00,50.05,50.05,True,0,2.0,False,16,4,NONE
4171,1791484226848,LTE,RETENTION_PROBE,0.00,94.71,94.71,True,0,2.0,False,16,2,NONE
4172,1791484226848,LTE,RETENTION_PROBE,0.00,47.16,47.16,True,0,2.0,False,16,4,NONE
4173,1791484226848,LTE,RETENTION_PROBE,0.00,80.92,80.92,True,0,2.0,False,16,4,NONE
4174,1791484226848,LTE,RETENTION_PROBE,0.00,98.66,98.66,True,0,2.0,False,16,1,NONE
4175,1791484226848,LTE,RETENTION_PROBE,0.00,74.23,74.23,True,0,2.0,False,16,1,NONE
4176,1791484226848,LTE,RETENTION_PROBE,0.00,0.00,0.00,False,1,2.0,False,16,0,RETENTION_EXPIRED
4177,1791484226848,LTE,RETENTION_PROBE,0.00,48.81,48.81,True,0,2.0,False,16,1,NONE
4178,1791484226848,LTE,RETENTION_PROBE,0.00,0.00,0.00,False,1,2.0,False,16,0,RETENTION_EXPIRED
4179,1791484226848,LTE,RETENTION_PROBE,0.00,52.46,52.46,True,0,2.0,False,16,1,NONE
4180,1791484226848,LTE,RETENTION_PROBE,0.00,82.57,82.57,True,0,2.0,False,16,4,NONE
4181,1791484226848,LTE,RETENTION_PROBE,0.00,101.58,101.58,True,0,2.0,False,16,2,NONE
4182,1791484226848,LTE,RETENTION_PROBE,0.00,97.33,97.33,True,0,2.0,False,16,2,NONE
4183,1791484226848,LTE,RETENTION_PROBE,0.00,68.15,68.15,True,0,2.0,False,16,4,NONE
4184,1791484226848,LTE,RETENTION_PROBE,0.00,63.57,63.57,True,0,2.0,False,16,3,NONE
4185,1791484226848,LTE,RETENTION_PROBE,0.00,81.91,81.91,True,0,2.0,False,16,4,NONE
4186,1791484226848,LTE,RETENTION_PROBE,0.00,306.84,306.84,True,0,2.0,False,16,1,NONE
4187,1791484226848,LTE,RETENTION_PROBE,0.00,282.67,282.67,True,0,2.0,False,16,2,NONE
4188,1791484226848,LTE,RETENTION_PROBE,0.00,91.36,91.36,True,0,2.0,False,16,2,NONE
4189,1791484226848,LTE,RETENTION_PROBE,0.00,71.81,71.81,True,0,2.0,False,16,4,NONE
4190,1791484226848,LTE,RETENTION_PROBE,0.00,73.07,73.07,True,0,2.0,False,16,4,NONE
4191,1791484226848,LTE,RETENTION_PROBE,0.00,0.00,0.00,False,1,2.0,False,16,0,RETENTION_EXPIRED
4192,1791484226848,LTE,RETENTION_PROBE,0.00,71.06,71.06,True,0,2.0,False,16,4,NONE
4193,1791484226848,LTE,RETENTION_PROBE,0.00,57.85,57.85,True,0,2.0,False,16,1,NONE
4194,1791484226848,LTE,RETENTION_PROBE,0.00,0.00,0.00,False,1,2.0,False,16,0,RETENTION_EXPIRED
4195,1791484226848,LTE,RETENTION_PROBE,0.00,0.00,0.00,False,1,2.0,False,16,0,RETENTION_EXPIRED
4196,1791484226848,LTE,RETENTION_PROBE,0.00,75.80,75.80,True,0,2.0,False,16,4,NONE
4197,1791484226848,LTE,RETENTION_PROBE,0.00,57.45,57.45,True,0,2.0,False,16,4,NONE
4198,1791484226848,LTE,RETENTION_PROBE,0.00,42.76,42.76,True,0,2.0,False,16,4,NONE
4199,1791484226848,LTE,RETENTION_PROBE,0.00,95.92,95.92,True,0,2.0,False,16,3,NONE
4200,1791484226848,LTE,RETENTION_PROBE,0.00,311.13,311.13,True,0,2.0,False,16,2,NONE
4201,1791484226848,LTE,RETENTION_PROBE,0.00,75.31,75.31,True,0,2.0,False,16,3,NONE
4202,1791484226848,LTE,RETENTION_PROBE,0.00,322.03,322.03,True,0,2.0,False,16,4,NONE
4203,1791484226848,LTE,RETENTION_PROBE,0.00,73.09,73.09,True,0,2.0,False,16,1,NONE
4204,1791484226848,LTE,RETENTION_PROBE,0.00,0.00,0.00,False,1,2.0,False,16,0,RETENTION_EXPIRED
4205,1791484226848,LTE,RETENTION_PROBE,0.00,83.13,83.13,True,0,2.0,False,16,4,NONE
4206,1791484226848,LTE,RETENTION_PROBE,0.00,53.66,53.66,True,0,2.0,False,16,3,NONE
4207,1791484226848,LTE,RETENTION_PROBE,0.00,92.97,92.97,True,0,2.0,False,16,2,NONE
4208,1791484226848,LTE,RETENTION_PROBE,0.00,61.82,61.82,True,0,2.0,False,16,3,NONE
4209,1791484226848,LTE,RETENTION_PROBE,0.00,0.00,0.00,False,1,2.0,False,16,0,RETENTION_EXPIRED
4210,1791484226848,LTE,RETENTION_PROBE,0.00,64.42,64.42,True,0,2.0,False,16,3,NONE
4211,1791484226848,LTE,RETENTION_PROBE,0.00,274.54,274.54,True,0,2.0,False,16,3,NONE
4212,1791484226848,LTE,RETENTION_PROBE,0.00,42.39,42.39,True,0,2.0,False,16,4,NONE
4213,1791484226848,LTE,RETENTION_PROBE,0.00,66.10,66.10,True,0,2.0,False,16,1,NONE
4214,1791484226848,LTE,RETENTION_PROBE,0.00,748.01,748.01,True,0,2.0,False,16,2,NONE
4215,1791484226848,LTE,RETENTION_PROBE,0.00,74.52,74.52,True,0,2.0,False,16,4,NONE
4216,1791484226848,LTE,RETENTION_PROBE,0.00,68.50,68.50,True,0,2.0,False,16,3,NONE
4217,1791484226848,LTE,RETENTION_PROBE,0.00,78.28,78.28,True,0,2.0,False,16,3,NONE
4218,1791484226848,LTE,RETENTION_PROBE,0.00,71.28,71.28,True,0,2.0,False,16,3,NONE
4219,1791484226848,LTE,RETENTION_PROBE,0.00,93.10,93.10,True,0,2.0,False,16,1,NONE
4220,1791484226848,LTE,RETENTION_PROBE,0.00,86.18,86.18,True,0,2.0,False,16,2,NONE
4221,1791484226848,LTE,RETENTION_PROBE,0.00,0.00,0.00,False,1,2.0,False,16,0,RETENTION_EXPIRED
4222,1791484226848,LTE,RETENTION_PROBE,0.00,308.75,308.75,True,0,2.0,False,16,4,NONE
4223,1791484226848,LTE,RETENTION_PROBE,0.00,0.00,0.00,False,1,2.0,False,16,0,RETENTION_EXPIRED
4224,1791484226848,LTE,RETENTION_PROBE,0.00,77.37,77.37,True,0,2.0,False,16,2,NONE
4225,1791484226848,LTE,RETENTION_PROBE,0.00,0.00,0.00,False,1,2.0,False,16,0,RETENTION_EXPIRED
4226,1791484226848,LTE,RETENTION_PROBE,0.00,55.51,55.51,True,0,2.0,False,16,2,NONE
4227,1791484226848,LTE,RETENTION_PROBE,0.00,46.74,46.74,True,0,2.0,False,16,1,NONE
4228,1791484226848,LTE,RETENTION_PROBE,0.00,0.00,0.00,False,1,2.0,False,16,0,RETENTION_EXPIRED
4229,1791484226848,LTE,RETENTION_PROBE,0.00,48.51,48.51,True,0,2.0,False,16,4,NONE
4230,1791484226848,LTE,RETENTION_PROBE,0.00,87.83,87.83,True,0,2.0,False,16,3,NONE
4231,1791484226848,LTE,RETENTION_PROBE,0.00,0.00,0.00,False,1,2.0,False,16,0,RETENTION_EXPIRED
4232,1791484226848,LTE,RETENTION_PROBE,0.00,95.17,95.17,True,0,2.0,False,16,2,NONE
4233,1791484226848,LTE,RETENTION_PROBE,0.00,37.69,37.69,True,0,2.0,False,16,2,NONE
4234,1791484226848,LTE,RETENTION_PROBE,0.00,0.00,0.00,False,1,2.0,False,16,0,RETENTION_EXPIRED
4235,1791484226848,LTE,RETENTION_PROBE,0.00,71.34,71.34,True,0,2.0,False,16,2,NONE
4236,1791484226848,LTE,RETENTION_PROBE,0.00,0.00,0.00,False,1,2.0,False,16,0,RETENTION_EXPIRED
4237,1791484226848,LTE,RETENTION_PROBE,0.00,65.73,65.73,True,0,2.0,False,16,4,NONE
4238,1791484226848,LTE,RETENTION_PROBE,0.00,0.00,0.00,False,1,2.0,False,16,0,RETENTION_EXPIRED
4239,1791484226848,LTE,RETENTION_PROBE,0.00,52.11,52.11,True,0,2.0,False,16,4,NONE
4240,1791484226848,LTE,RETENTION_PROBE,0.00,40.56,40.56,True,0,2.0,False,16,4,NONE
4241,1791484226848,LTE,RETENTION_PROBE,0.00,0.00,0.00,False,1,2.0,False,16,0,RETENTION_EXPIRED
4242,1791484226848,LTE,RETENTION_PROBE,0.00,491.36,491.36,True,0,2.0,False,16,2,NONE
4243,1791484226848,LTE,RETENTION_PROBE,0.00,33.27,33.27,True,0,2.0,False,16,1,NONE
4244,1791484226848,LTE,RETENTION_PROBE,0.00,34.95,34.95,True,0,2.0,False,16,2,NONE
4245,1791484226848,LTE,RETENTION_PROBE,0.00,44.34,44.34,True,0,2.0,False,16,3,NONE
4246,1791484226848,LTE,RETENTION_PROBE,0.00,79.24,79.24,True,0,2.0,False,16,3,NONE
4247,1791484226848,LTE,RETENTION_PROBE,0.00,491.24,491.24,True,0,2.0,False,16,1,NONE
4248,1791484226848,LTE,RETENTION_PROBE,0.00,102.44,102.44,True,0,2.0,False,16,3,NONE
4249,1791484226848,LTE,RETENTION_PROBE,0.00,35.28,35.28,True,0,2.0,False,16,2,NONE
4250,1791484226848,LTE,RETENTION_PROBE,0.00,86.83,86.83,True,0,2.0,False,16,1,NONE
4251,1791484226848,LTE,RETENTION_PROBE,0.00,93.28,93.28,True,0,2.0,False,16,1,NONE
4252,1791484226848,LTE,RETENTION_PROBE,0.00,72.64,72.64,True,0,2.0,False,16,2,NONE
4253,1791484226848,LTE,RETENTION_PROBE,0.00,51.92,51.92,True,0,2.0,False,16,1,NONE
4254,1791484226848,LTE,RETENTION_PROBE,0.00,0.00,0.00,False,1,2.0,False,16,0,RETENTION_EXPIRED
4255,1791484226848,LTE,RETENTION_PROBE,0.00,47.30,47.30,True,0,2.0,False,16,4,NONE
4256,1791484226848,LTE,RETENTION_PROBE,0.00,56.59,56.59,True,0,2.0,False,16,3,NONE
4257,1791484226848,LTE,RETENTION_PROBE,0.00,0.00,0.00,False,1,2.0,False,16,0,RETENTION_EXPIRED
4258,1791484226848,LTE,RETENTION_PROBE,0.00,40.92,40.92,True,0,2.0,False,16,4,NONE
4259,1791484226848,LTE,RETENTION_PROBE,0.00,69.52,69.52,True,0,2.0,False,16,3,NONE
4260,1791484226848,LTE,RETENTION_PROBE,0.00,55.60,55.60,True,0,2.0,False,16,4,NONE
4261,1791484226848,LTE,RETENTION_PROBE,0.00,0.00,0.00,False,1,2.0,False,16,0,RETENTION_EXPIRED
4262,1791484226848,LTE,RETENTION_PROBE,0.00,53.12,53.12,True,0,2.0,False,16,4,NONE
4263,1791484226848,LTE,RETENTION_PROBE,0.00,240.50,240.50,True,0,2.0,False,16,4,NONE
4264,1791484226848,LTE,RETENTION_PROBE,0.00,0.00,0.00,False,1,2.0,False,16,0,RETENTION_EXPIRED
4265,1791484226848,LTE,RETENTION_PROBE,0.00,73.35,73.35,True,0,2.0,False,16,4,NONE
4266,1791484226848,LTE,RETENTION_PROBE,0.00,39.81,39.81,True,0,2.0,False,16,3,NONE
4267,1791484226848,LTE,RETENTION_PROBE,0.00,0.00,0.00,False,1,2.0,False,16,0,RETENTION_EXPIRED
4268,1791484226848,LTE,RETENTION_PROBE,0.00,50.40,50.40,True,0,2.0,False,16,2,NONE
4269,1791484226848,LTE,RETENTION_PROBE,0.00,80.62,80.62,True,0,2.0,False,16,2,NONE
4270,1791484226848,LTE,RETENTION_PROBE,0.00,689.81,689.81,True,0,2.0,False,16,1,NONE
4271,1791484226848,LTE,RETENTION_PROBE,0.00,0.00,0.00,False,1,2.0,False,16,0,RETENTION_EXPIRED
4272,1791484226848,LTE,RETENTION_PROBE,0.00,51.91,51.91,True,0,2.0,False,16,2,NONE
4273,1791484226848,LTE,RETENTION_PROBE,0.00,92.03,92.03,True,0,2.0,False,16,4,NONE
4274,1791484226848,LTE,RETENTION_PROBE,0.00,56.07,56.07,True,0,2.0,False,16,2,NONE
4275,1791484226848,LTE,RETENTION_PROBE,0.00,54.26,54.26,True,0,2.0,False,16,1,NONE
4276,1791484226848,LTE,RETENTION_PROBE,0.00,47.42,47.42,True,0,2.0,False,16,2,NONE
4277,1791484226848,LTE,RETENTION_PROBE,0.00,101.56,101.56,True,0,2.0,False,16,1,NONE
4278,1791484226848,LTE,RETENTION_PROBE,0.00,43.65,43.65,True,0,2.0,False,16,1,NONE
4279,1791484226848,LTE,RETENTION_PROBE,0.00,47.77,47.77,True,0,2.0,False,16,3,NONE
4280,1791484226848,LTE,RETENTION_PROBE,0.00,42.57,42.57,True,0,2.0,False,16,1,NONE
4281,1791484226848,LTE,RETENTION_PROBE,0.00,86.30,86.30,True,0,2.0,False,16,3,NONE
4282,1791484226848,LTE,RETENTION_PROBE,0.00,0.00,0.00,False,1,2.0,False,16,0,RETENTION_EXPIRED
4283,1791484226848,LTE,RETENTION_PROBE,0.00,217.18,217.18,True,0,2.0,False,16,3,NONE
4284,1791484226848,LTE,RETENTION_PROBE,0.00,67.82,67.82,True,0,2.0,False,16,1,NONE
4285,1791484226848,LTE,RETENTION_PROBE,0.00,100.83,100.83,True,0,2.0,False,16,3,NONE
4286,1791484226848,LTE,RETENTION_PROBE,0.00,80.51,80.51,True,0,2.0,False,16,3,NONE
4287,1791484226848,LTE,RETENTION_PROBE,0.00,95.07,95.07,True,0,2.0,False,16,3,NONE
4288,1791484226848,LTE,RETENTION_PROBE,0.00,0.00,0.00,False,1,2.0,False,16,0,RETENTION_EXPIRED
4289,1791484226848,LTE,RETENTION_PROBE,0.00,34.18,34.18,True,0,2.0,False,16,2,NONE
4290,1791484226848,LTE,RETENTION_PROBE,0.00,88.96,88.96,True,0,2.0,False,16,4,NONE
4291,1791484226848,LTE,RETENTION_PROBE,0.00,0.00,0.00,False,1,2.0,False,16,0,RETENTION_EXPIRED
4292,1791484226848,LTE,RETENTION_PROBE,0.00,0.00,0.00,False,1,2.0,False,16,0,RETENTION_EXPIRED
4293,1791484226848,LTE,RETENTION_PROBE,0.00,53.26,53.26,True,0,2.0,False,16,2,NONE
4294,1791484226848,LTE,RETENTION_PROBE,0.00,63.46,63.46,True,0,2.0,False,16,2,NONE
4295,1791484226848,LTE,RETENTION_PROBE,0.00,0.00,0.00,False,1,2.0,False,16,0,RETENTION_EXPIRED
4296,1791484226848,LTE,RETENTION_PROBE,0.00,0.00,0.00,False,1,2.0,False,16,0,RETENTION_EXPIRED
4297,1791484226848,LTE,RETENTION_PROBE,0.00,0.00,0.00,False,1,2.0,False,16,0,RETENTION_EXPIRED
4298,1791484226848,LTE,RETENTION_PROBE,0.00,0.00,0.00,False,1,2.0,False,16,0,RETENTION_EXPIRED
4299,1791484226848,LTE,RETENTION_PROBE,0.00,0.00,0.00,False,1,2.0,False,16,0,RETENTION_EXPIRED
4300,1791484226848,LTE,RETENTION_PROBE,0.00,65.93,65.93,True,0,2.0,False,16,1,NONE
4301,1791484226848,LTE,RETENTION_PROBE,0.00,0.00,0.00,False,1,2.0,False,16,0,RETENTION_EXPIRED
4302,1791484226848,LTE,RETENTION_PROBE,0.00,67.57,67.57,True,0,2.0,False,16,2,NONE
4303,1791484226848,LTE,RETENTION_PROBE,0.00,50.06,50.06,True,0,2.0,False,16,1,NONE
4304,1791484226848,LTE,RETENTION_PROBE,0.00,74.16,74.16,True,0,2.0,False,16,2,NONE
4305,1791484226848,LTE,RETENTION_PROBE,0.00,84.80,84.80,True,0,2.0,False,16,1,NONE
4306,1791484226848,LTE,RETENTION_PROBE,0.00,0.00,0.00,False,1,2.0,False,16,0,RETENTION_EXPIRED
4307,1791484226848,LTE,RETENTION_PROBE,0.00,37.38,37.38,True,0,2.0,False,16,3,NONE
4308,1791484226848,LTE,RETENTION_PROBE,0.00,0.00,0.00,False,1,2.0,False,16,0,RETENTION_EXPIRED
4309,1791484226848,LTE,RETENTION_PROBE,0.00,0.00,0.00,False,1,2.0,False,16,0,RETENTION_EXPIRED
4310,1791484226848,LTE,RETENTION_PROBE,0.00,80.11,80.11,True,0,2.0,False,16,1,NONE
4311,1791484226848,LTE,RETENTION_PROBE,0.00,84.94,84.94,True,0,2.0,False,16,1,NONE
4312,1791484226848,LTE,RETENTION_PROBE,0.00,87.44,87.44,True,0,2.0,False,16,4,NONE
4313,1791484226848,LTE,RETENTION_PROBE,0.00,97.69,97.69,True,0,2.0,False,16,2,NONE
4314,1791484226848,LTE,RETENTION_PROBE,0.00,95.02,95.02,True,0,2.0,False,16,1,NONE
4315,1791484226848,LTE,RETENTION_PROBE,0.00,57.86,57.86,True,0,2.0,False,16,1,NONE
4316,1791484226848,LTE,RETENTION_PROBE,0.00,81.21,81.21,True,0,2.0,False,16,1,NONE
4317,1791484226848,LTE,RETENTION_PROBE,0.00,301.23,301.23,True,0,2.0,False,16,4,NONE
4318,1791484226848,LTE,RETENTION_PROBE,0.00,93.91,93.91,True,0,2.0,False,16,2,NONE
4319,1791484226848,LTE,RETENTION_PROBE,0.00,40.13,40.13,True,0,2.0,False,16,4,NONE
4320,1791484226848,LTE,RETENTION_PROBE,0.00,48.32,48.32,True,0,2.0,False,16,3,NONE
4321,1791484226848,LTE,RETENTION_PROBE,0.00,273.55,273.55,True,0,2.0,False,16,4,NONE
4322,1791484226848,LTE,RETENTION_PROBE,0.00,72.16,72.16,True,0,2.0,False,16,1,NONE
4323,1791484226848,LTE,RETENTION_PROBE,0.00,0.00,0.00,False,1,2.0,False,16,0,RETENTION_EXPIRED
4324,1791484226848,LTE,RETENTION_PROBE,0.00,0.00,0.00,False,1,2.0,False,16,0,RETENTION_EXPIRED
4325,1791484226848,LTE,RETENTION_PROBE,0.00,316.40,316.40,True,0,2.0,False,16,2,NONE
4326,1791484226848,LTE,RETENTION_PROBE,0.00,38.31,38.31,True,0,2.0,False,16,2,NONE
4327,1791484226848,LTE,RETENTION_PROBE,0.00,38.94,38.94,True,0,2.0,False,16,1,NONE
4328,1791484226848,LTE,RETENTION_PROBE,0.00,38.84,38.84,True,0,2.0,False,16,4,NONE
4329,1791484226848,RESTRICTIVE_NAT,RETENTION_PROBE,0.00,178.74,178.74,True,0,2.0,False,16,3,NONE
4330,1791484226848,RESTRICTIVE_NAT,RETENTION_PROBE,0.00,513.38,513.38,True,0,2.0,False,16,2,NONE
4331,1791484226848,RESTRICTIVE_NAT,RETENTION_PROBE,0.00,159.60,159.60,True,0,2.0,False,16,2,NONE
4332,1791484226848,RESTRICTIVE_NAT,RETENTION_PROBE,0.00,0.00,0.00,False,1,2.0,False,16,0,RETENTION_EXPIRED
4333,1791484226848,RESTRICTIVE_NAT,RETENTION_PROBE,0.00,72.92,72.92,True,0,2.0,False,16,4,NONE
4334,1791484226848,RESTRICTIVE_NAT,RETENTION_PROBE,0.00,67.53,67.53,True,0,2.0,False,16,2,NONE
4335,1791484226848,RESTRICTIVE_NAT,RETENTION_PROBE,0.00,0.00,0.00,False,1,2.0,False,16,0,RETENTION_EXPIRED
4336,1791484226848,RESTRICTIVE_NAT,RETENTION_PROBE,0.00,470.92,470.92,True,0,2.0,False,16,3,NONE
4337,1791484226848,RESTRICTIVE_NAT,RETENTION_PROBE,0.00,0.00,0.00,False,1,2.0,False,16,0,RETENTION_EXPIRED
4338,1791484226848,RESTRICTIVE_NAT,RETENTION_PROBE,0.00,0.00,0.00,False,1,2.0,False,16,0,RETENTION_EXPIRED
4339,1791484226848,RESTRICTIVE_NAT,RETENTION_PROBE,0.00,0.00,0.00,False,1,2.0,False,16,0,RETENTION_EXPIRED
4340,1791484226848,RESTRICTIVE_NAT,RETENTION_PROBE,0.00,586.45,586.45,True,0,2.0,False,16,3,NONE
4341,1791484226848,RESTRICTIVE_NAT,RETENTION_PROBE,0.00,0.00,0.00,False,1,2.0,False,16,0,RETENTION_EXPIRED
4342,1791484226848,RESTRICTIVE_NAT,RETENTION_PROBE,0.00,0.00,0.00,False,1,2.0,False,16,0,RETENTION_EXPIRED
4343,1791484226848,RESTRICTIVE_NAT,RETENTION_PROBE,0.00,0.00,0.00,False,1,2.0,False,16,0,RETENTION_EXPIRED
4344,1791484226848,RESTRICTIVE_NAT,RETENTION_PROBE,0.00,139.04,139.04,True,0,2.0,False,16,2,NONE
4345,1791484226848,RESTRICTIVE_NAT,RETENTION_PROBE,0.00,0.00,0.00,False,1,2.0,False,16,0,RETENTION_EXPIRED
4346,1791484226848,RESTRICTIVE_NAT,RETENTION_PROBE,0.00,171.15,171.15,True,0,2.0,False,16,3,NONE
4347,1791484226848,RESTRICTIVE_NAT,RETENTION_PROBE,0.00,296.80,296.80,True,0,2.0,False,16,2,NONE
4348,1791484226848,RESTRICTIVE_NAT,RETENTION_PROBE,0.00,428.48,428.48,True,0,2.0,False,16,4,NONE
4349,1791484226848,RESTRICTIVE_NAT,RETENTION_PROBE,0.00,117.22,117.22,True,0,2.0,False,16,1,NONE
4350,1791484226848,RESTRICTIVE_NAT,RETENTION_PROBE,0.00,97.10,97.10,True,0,2.0,False,16,4,NONE
4351,1791484226848,RESTRICTIVE_NAT,RETENTION_PROBE,0.00,77.81,77.81,True,0,2.0,False,16,3,NONE
4352,1791484226848,RESTRICTIVE_NAT,RETENTION_PROBE,0.00,0.00,0.00,False,1,2.0,False,16,0,RETENTION_EXPIRED
4353,1791484226848,RESTRICTIVE_NAT,RETENTION_PROBE,0.00,0.00,0.00,False,1,2.0,False,16,0,RETENTION_EXPIRED
4354,1791484226848,RESTRICTIVE_NAT,RETENTION_PROBE,0.00,119.57,119.57,True,0,2.0,False,16,2,NONE
4355,1791484226848,RESTRICTIVE_NAT,RETENTION_PROBE,0.00,323.00,323.00,True,0,2.0,False,16,4,NONE
4356,1791484226848,RESTRICTIVE_NAT,RETENTION_PROBE,0.00,155.75,155.75,True,0,2.0,False,16,1,NONE
4357,1791484226848,RESTRICTIVE_NAT,RETENTION_PROBE,0.00,108.90,108.90,True,0,2.0,False,16,1,NONE
4358,1791484226848,RESTRICTIVE_NAT,RETENTION_PROBE,0.00,66.11,66.11,True,0,2.0,False,16,1,NONE
4359,1791484226848,RESTRICTIVE_NAT,RETENTION_PROBE,0.00,0.00,0.00,False,1,2.0,False,16,0,RETENTION_EXPIRED
4360,1791484226848,RESTRICTIVE_NAT,RETENTION_PROBE,0.00,56.51,56.51,True,0,2.0,False,16,1,NONE
4361,1791484226848,RESTRICTIVE_NAT,RETENTION_PROBE,0.00,517.99,517.99,True,0,2.0,False,16,4,NONE
4362,1791484226848,RESTRICTIVE_NAT,RETENTION_PROBE,0.00,110.81,110.81,True,0,2.0,False,16,1,NONE
4363,1791484226848,RESTRICTIVE_NAT,RETENTION_PROBE,0.00,530.24,530.24,True,0,2.0,False,16,4,NONE
4364,1791484226848,RESTRICTIVE_NAT,RETENTION_PROBE,0.00,0.00,0.00,False,1,2.0,False,16,0,RETENTION_EXPIRED
4365,1791484226848,RESTRICTIVE_NAT,RETENTION_PROBE,0.00,490.02,490.02,True,0,2.0,False,16,4,NONE
4366,1791484226848,RESTRICTIVE_NAT,RETENTION_PROBE,0.00,173.04,173.04,True,0,2.0,False,16,4,NONE
4367,1791484226848,RESTRICTIVE_NAT,RETENTION_PROBE,0.00,91.35,91.35,True,0,2.0,False,16,4,NONE
4368,1791484226848,RESTRICTIVE_NAT,RETENTION_PROBE,0.00,102.53,102.53,True,0,2.0,False,16,4,NONE
4369,1791484226848,RESTRICTIVE_NAT,RETENTION_PROBE,0.00,358.84,358.84,True,0,2.0,False,16,1,NONE
4370,1791484226848,RESTRICTIVE_NAT,RETENTION_PROBE,0.00,104.86,104.86,True,0,2.0,False,16,2,NONE
4371,1791484226848,RESTRICTIVE_NAT,RETENTION_PROBE,0.00,103.73,103.73,True,0,2.0,False,16,4,NONE
4372,1791484226848,RESTRICTIVE_NAT,RETENTION_PROBE,0.00,0.00,0.00,False,1,2.0,False,16,0,RETENTION_EXPIRED
4373,1791484226848,RESTRICTIVE_NAT,RETENTION_PROBE,0.00,120.31,120.31,True,0,2.0,False,16,2,NONE
4374,1791484226848,RESTRICTIVE_NAT,RETENTION_PROBE,0.00,96.60,96.60,True,0,2.0,False,16,4,NONE
4375,1791484226848,RESTRICTIVE_NAT,RETENTION_PROBE,0.00,0.00,0.00,False,1,2.0,False,16,0,RETENTION_EXPIRED
4376,1791484226848,RESTRICTIVE_NAT,RETENTION_PROBE,0.00,98.62,98.62,True,0,2.0,False,16,4,NONE
4377,1791484226848,RESTRICTIVE_NAT,RETENTION_PROBE,0.00,105.67,105.67,True,0,2.0,False,16,4,NONE
4378,1791484226848,RESTRICTIVE_NAT,RETENTION_PROBE,0.00,521.13,521.13,True,0,2.0,False,16,4,NONE
4379,1791484226848,RESTRICTIVE_NAT,RETENTION_PROBE,0.00,167.08,167.08,True,0,2.0,False,16,3,NONE
4380,1791484226848,RESTRICTIVE_NAT,RETENTION_PROBE,0.00,0.00,0.00,False,1,2.0,False,16,0,RETENTION_EXPIRED
4381,1791484226848,RESTRICTIVE_NAT,RETENTION_PROBE,0.00,126.40,126.40,True,0,2.0,False,16,2,NONE
4382,1791484226848,RESTRICTIVE_NAT,RETENTION_PROBE,0.00,87.13,87.13,True,0,2.0,False,16,1,NONE
4383,1791484226848,RESTRICTIVE_NAT,RETENTION_PROBE,0.00,0.00,0.00,False,1,2.0,False,16,0,RETENTION_EXPIRED
4384,1791484226848,RESTRICTIVE_NAT,RETENTION_PROBE,0.00,277.86,277.86,True,0,2.0,False,16,3,NONE
4385,1791484226848,RESTRICTIVE_NAT,RETENTION_PROBE,0.00,0.00,0.00,False,1,2.0,False,16,0,RETENTION_EXPIRED
4386,1791484226848,RESTRICTIVE_NAT,RETENTION_PROBE,0.00,0.00,0.00,False,1,2.0,False,16,0,RETENTION_EXPIRED
4387,1791484226848,RESTRICTIVE_NAT,RETENTION_PROBE,0.00,71.81,71.81,True,0,2.0,False,16,3,NONE
4388,1791484226848,RESTRICTIVE_NAT,RETENTION_PROBE,0.00,0.00,0.00,False,1,2.0,False,16,0,RETENTION_EXPIRED
4389,1791484226848,RESTRICTIVE_NAT,RETENTION_PROBE,0.00,107.37,107.37,True,0,2.0,False,16,3,NONE
4390,1791484226848,RESTRICTIVE_NAT,RETENTION_PROBE,0.00,111.33,111.33,True,0,2.0,False,16,1,NONE
4391,1791484226848,RESTRICTIVE_NAT,RETENTION_PROBE,0.00,66.39,66.39,True,0,2.0,False,16,1,NONE
4392,1791484226848,RESTRICTIVE_NAT,RETENTION_PROBE,0.00,0.00,0.00,False,1,2.0,False,16,0,RETENTION_EXPIRED
4393,1791484226848,RESTRICTIVE_NAT,RETENTION_PROBE,0.00,529.33,529.33,True,0,2.0,False,16,3,NONE
4394,1791484226848,RESTRICTIVE_NAT,RETENTION_PROBE,0.00,0.00,0.00,False,1,2.0,False,16,0,RETENTION_EXPIRED
4395,1791484226848,RESTRICTIVE_NAT,RETENTION_PROBE,0.00,0.00,0.00,False,1,2.0,False,16,0,RETENTION_EXPIRED
4396,1791484226848,RESTRICTIVE_NAT,RETENTION_PROBE,0.00,0.00,0.00,False,1,2.0,False,16,0,RETENTION_EXPIRED
4397,1791484226848,RESTRICTIVE_NAT,RETENTION_PROBE,0.00,502.81,502.81,True,0,2.0,False,16,2,NONE
4398,1791484226848,RESTRICTIVE_NAT,RETENTION_PROBE,0.00,157.25,157.25,True,0,2.0,False,16,3,NONE
4399,1791484226848,RESTRICTIVE_NAT,RETENTION_PROBE,0.00,71.20,71.20,True,0,2.0,False,16,3,NONE
4400,1791484226848,RESTRICTIVE_NAT,RETENTION_PROBE,0.00,0.00,0.00,False,1,2.0,False,16,0,RETENTION_EXPIRED
4401,1791484226848,RESTRICTIVE_NAT,RETENTION_PROBE,0.00,50.54,50.54,True,0,2.0,False,16,4,NONE
4402,1791484226848,RESTRICTIVE_NAT,RETENTION_PROBE,0.00,0.00,0.00,False,1,2.0,False,16,0,RETENTION_EXPIRED
4403,1791484226848,RESTRICTIVE_NAT,RETENTION_PROBE,0.00,633.03,633.03,True,0,2.0,False,16,4,NONE
4404,1791484226848,RESTRICTIVE_NAT,RETENTION_PROBE,0.00,561.81,561.81,True,0,2.0,False,16,0,NONE
4405,1791484226848,RESTRICTIVE_NAT,RETENTION_PROBE,0.00,156.59,156.59,True,0,2.0,False,16,1,NONE
4406,1791484226848,RESTRICTIVE_NAT,RETENTION_PROBE,0.00,143.26,143.26,True,0,2.0,False,16,3,NONE
4407,1791484226848,RESTRICTIVE_NAT,RETENTION_PROBE,0.00,113.62,113.62,True,0,2.0,False,16,3,NONE
4408,1791484226848,RESTRICTIVE_NAT,RETENTION_PROBE,0.00,88.38,88.38,True,0,2.0,False,16,3,NONE
4409,1791484226848,RESTRICTIVE_NAT,RETENTION_PROBE,0.00,614.36,614.36,True,0,2.0,False,16,1,NONE
4410,1791484226848,RESTRICTIVE_NAT,RETENTION_PROBE,0.00,0.00,0.00,False,1,2.0,False,16,0,RETENTION_EXPIRED
4411,1791484226848,RESTRICTIVE_NAT,RETENTION_PROBE,0.00,0.00,0.00,False,1,2.0,False,16,0,RETENTION_EXPIRED
4412,1791484226848,RESTRICTIVE_NAT,RETENTION_PROBE,0.00,0.00,0.00,False,1,2.0,False,16,0,RETENTION_EXPIRED
4413,1791484226848,RESTRICTIVE_NAT,RETENTION_PROBE,0.00,136.91,136.91,True,0,2.0,False,16,1,NONE
4414,1791484226848,RESTRICTIVE_NAT,RETENTION_PROBE,0.00,472.90,472.90,True,0,2.0,False,16,2,NONE
4415,1791484226848,RESTRICTIVE_NAT,RETENTION_PROBE,0.00,0.00,0.00,False,1,2.0,False,16,0,RETENTION_EXPIRED
4416,1791484226848,RESTRICTIVE_NAT,RETENTION_PROBE,0.00,611.76,611.76,True,0,2.0,False,16,0,NONE
4417,1791484226848,RESTRICTIVE_NAT,RETENTION_PROBE,0.00,0.00,0.00,False,1,2.0,False,16,0,RETENTION_EXPIRED
4418,1791484226848,RESTRICTIVE_NAT,RETENTION_PROBE,0.00,145.61,145.61,True,0,2.0,False,16,2,NONE
4419,1791484226848,RESTRICTIVE_NAT,RETENTION_PROBE,0.00,66.98,66.98,True,0,2.0,False,16,3,NONE
4420,1791484226848,RESTRICTIVE_NAT,RETENTION_PROBE,0.00,0.00,0.00,False,1,2.0,False,16,0,RETENTION_EXPIRED
4421,1791484226848,RESTRICTIVE_NAT,RETENTION_PROBE,0.00,0.00,0.00,False,1,2.0,False,16,0,RETENTION_EXPIRED
4422,1791484226848,RESTRICTIVE_NAT,RETENTION_PROBE,0.00,104.84,104.84,True,0,2.0,False,16,1,NONE
4423,1791484226848,RESTRICTIVE_NAT,RETENTION_PROBE,0.00,67.01,67.01,True,0,2.0,False,16,2,NONE
4424,1791484226848,RESTRICTIVE_NAT,RETENTION_PROBE,0.00,0.00,0.00,False,1,2.0,False,16,0,RETENTION_EXPIRED
4425,1791484226848,RESTRICTIVE_NAT,RETENTION_PROBE,0.00,145.55,145.55,True,0,2.0,False,16,2,NONE
4426,1791484226848,RESTRICTIVE_NAT,RETENTION_PROBE,0.00,0.00,0.00,False,1,2.0,False,16,0,RETENTION_EXPIRED
4427,1791484226848,RESTRICTIVE_NAT,RETENTION_PROBE,0.00,0.00,0.00,False,1,2.0,False,16,0,RETENTION_EXPIRED
4428,1791484226848,RESTRICTIVE_NAT,RETENTION_PROBE,0.00,0.00,0.00,False,1,2.0,False,16,0,RETENTION_EXPIRED
4429,1791484226848,RESTRICTIVE_NAT,RETENTION_PROBE,0.00,100.07,100.07,True,0,2.0,False,16,4,NONE
4430,1791484226848,RESTRICTIVE_NAT,RETENTION_PROBE,0.00,0.00,0.00,False,1,2.0,False,16,0,RETENTION_EXPIRED
4431,1791484226848,RESTRICTIVE_NAT,RETENTION_PROBE,0.00,121.39,121.39,True,0,2.0,False,16,3,NONE
4432,1791484226848,RESTRICTIVE_NAT,RETENTION_PROBE,0.00,70.86,70.86,True,0,2.0,False,16,3,NONE
4433,1791484226848,RESTRICTIVE_NAT,RETENTION_PROBE,0.00,0.00,0.00,False,1,2.0,False,16,0,RETENTION_EXPIRED
4434,1791484226848,RESTRICTIVE_NAT,RETENTION_PROBE,0.00,163.21,163.21,True,0,2.0,False,16,3,NONE
4435,1791484226848,RESTRICTIVE_NAT,RETENTION_PROBE,0.00,77.79,77.79,True,0,2.0,False,16,4,NONE
4436,1791484226848,RESTRICTIVE_NAT,RETENTION_PROBE,0.00,73.68,73.68,True,0,2.0,False,16,4,NONE
4437,1791484226848,RESTRICTIVE_NAT,RETENTION_PROBE,0.00,0.00,0.00,False,1,2.0,False,16,0,RETENTION_EXPIRED
4438,1791484226848,RESTRICTIVE_NAT,RETENTION_PROBE,0.00,172.78,172.78,True,0,2.0,False,16,1,NONE
4439,1791484226848,RESTRICTIVE_NAT,RETENTION_PROBE,0.00,0.00,0.00,False,1,2.0,False,16,0,RETENTION_EXPIRED
4440,1791484226848,RESTRICTIVE_NAT,RETENTION_PROBE,0.00,0.00,0.00,False,1,2.0,False,16,0,RETENTION_EXPIRED
4441,1791484226848,RESTRICTIVE_NAT,RETENTION_PROBE,0.00,0.00,0.00,False,1,2.0,False,16,0,RETENTION_EXPIRED
4442,1791484226848,RESTRICTIVE_NAT,RETENTION_PROBE,0.00,0.00,0.00,False,1,2.0,False,16,0,RETENTION_EXPIRED
4443,1791484226848,RESTRICTIVE_NAT,RETENTION_PROBE,0.00,614.99,614.99,True,0,2.0,False,16,1,NONE
4444,1791484226848,RESTRICTIVE_NAT,RETENTION_PROBE,0.00,0.00,0.00,False,1,2.0,False,16,0,RETENTION_EXPIRED
4445,1791484226848,RESTRICTIVE_NAT,RETENTION_PROBE,0.00,0.00,0.00,False,1,2.0,False,16,0,RETENTION_EXPIRED
4446,1791484226848,RESTRICTIVE_NAT,RETENTION_PROBE,0.00,78.70,78.70,True,0,2.0,False,16,2,NONE
4447,1791484226848,RESTRICTIVE_NAT,RETENTION_PROBE,0.00,0.00,0.00,False,1,2.0,False,16,0,RETENTION_EXPIRED
4448,1791484226848,RESTRICTIVE_NAT,RETENTION_PROBE,0.00,0.00,0.00,False,1,2.0,False,16,0,RETENTION_EXPIRED
4449,1791484226848,RESTRICTIVE_NAT,RETENTION_PROBE,0.00,75.77,75.77,True,0,2.0,False,16,3,NONE
4450,1791484226848,RESTRICTIVE_NAT,RETENTION_PROBE,0.00,601.62,601.62,True,0,2.0,False,16,0,NONE
4451,1791484226848,RESTRICTIVE_NAT,RETENTION_PROBE,0.00,74.63,74.63,True,0,2.0,False,16,2,NONE
4452,1791484226848,RESTRICTIVE_NAT,RETENTION_PROBE,0.00,141.83,141.83,True,0,2.0,False,16,2,NONE
4453,1791484226848,RESTRICTIVE_NAT,RETENTION_PROBE,0.00,0.00,0.00,False,1,2.0,False,16,0,RETENTION_EXPIRED
4454,1791484226848,RESTRICTIVE_NAT,RETENTION_PROBE,0.00,0.00,0.00,False,1,2.0,False,16,0,RETENTION_EXPIRED
4455,1791484226848,RESTRICTIVE_NAT,RETENTION_PROBE,0.00,70.94,70.94,True,0,2.0,False,16,1,NONE
4456,1791484226848,RESTRICTIVE_NAT,RETENTION_PROBE,0.00,117.05,117.05,True,0,2.0,False,16,3,NONE
4457,1791484226848,RESTRICTIVE_NAT,RETENTION_PROBE,0.00,0.00,0.00,False,1,2.0,False,16,0,RETENTION_EXPIRED
4458,1791484226848,RESTRICTIVE_NAT,RETENTION_PROBE,0.00,618.31,618.31,True,0,2.0,False,16,4,NONE
4459,1791484226848,RESTRICTIVE_NAT,RETENTION_PROBE,0.00,121.12,121.12,True,0,2.0,False,16,1,NONE
4460,1791484226848,RESTRICTIVE_NAT,RETENTION_PROBE,0.00,312.59,312.59,True,0,2.0,False,16,1,NONE
4461,1791484226848,RESTRICTIVE_NAT,RETENTION_PROBE,0.00,802.33,802.33,True,0,2.0,False,16,3,NONE
4462,1791484226848,RESTRICTIVE_NAT,RETENTION_PROBE,0.00,507.87,507.87,True,0,2.0,False,16,1,NONE
4463,1791484226848,RESTRICTIVE_NAT,RETENTION_PROBE,0.00,163.14,163.14,True,0,2.0,False,16,3,NONE
4464,1791484226848,RESTRICTIVE_NAT,RETENTION_PROBE,0.00,107.31,107.31,True,0,2.0,False,16,3,NONE
4465,1791484226848,RESTRICTIVE_NAT,RETENTION_PROBE,0.00,122.53,122.53,True,0,2.0,False,16,3,NONE
4466,1791484226848,RESTRICTIVE_NAT,RETENTION_PROBE,0.00,0.00,0.00,False,1,2.0,False,16,0,RETENTION_EXPIRED
4467,1791484226848,RESTRICTIVE_NAT,RETENTION_PROBE,0.00,614.92,614.92,True,0,2.0,False,16,4,NONE
4468,1791484226848,RESTRICTIVE_NAT,RETENTION_PROBE,0.00,100.90,100.90,True,0,2.0,False,16,1,NONE
4469,1791484226848,RESTRICTIVE_NAT,RETENTION_PROBE,0.00,236.91,236.91,True,0,2.0,False,16,3,NONE
4470,1791484226848,RESTRICTIVE_NAT,RETENTION_PROBE,0.00,159.07,159.07,True,0,2.0,False,16,2,NONE
4471,1791484226848,RESTRICTIVE_NAT,RETENTION_PROBE,0.00,163.83,163.83,True,0,2.0,False,16,2,NONE
4472,1791484226848,RESTRICTIVE_NAT,RETENTION_PROBE,0.00,163.36,163.36,True,0,2.0,False,16,3,NONE
4473,1791484226848,RESTRICTIVE_NAT,RETENTION_PROBE,0.00,164.58,164.58,True,0,2.0,False,16,4,NONE
4474,1791484226848,RESTRICTIVE_NAT,RETENTION_PROBE,0.00,0.00,0.00,False,1,2.0,False,16,0,RETENTION_EXPIRED
4475,1791484226848,RESTRICTIVE_NAT,RETENTION_PROBE,0.00,530.82,530.82,True,0,2.0,False,16,2,NONE
4476,1791484226848,RESTRICTIVE_NAT,RETENTION_PROBE,0.00,0.00,0.00,False,1,2.0,False,16,0,RETENTION_EXPIRED
4477,1791484226848,RESTRICTIVE_NAT,RETENTION_PROBE,0.00,101.52,101.52,True,0,2.0,False,16,2,NONE
4478,1791484226848,RESTRICTIVE_NAT,RETENTION_PROBE,0.00,0.00,0.00,False,1,2.0,False,16,0,RETENTION_EXPIRED
4479,1791484226848,RESTRICTIVE_NAT,RETENTION_PROBE,0.00,149.82,149.82,True,0,2.0,False,16,4,NONE
4480,1791484226848,RESTRICTIVE_NAT,RETENTION_PROBE,0.00,63.75,63.75,True,0,2.0,False,16,1,NONE
4481,1791484226848,RESTRICTIVE_NAT,RETENTION_PROBE,0.00,114.70,114.70,True,0,2.0,False,16,3,NONE
4482,1791484226848,RESTRICTIVE_NAT,RETENTION_PROBE,0.00,78.49,78.49,True,0,2.0,False,16,2,NONE
4483,1791484226848,RESTRICTIVE_NAT,RETENTION_PROBE,0.00,0.00,0.00,False,1,2.0,False,16,0,RETENTION_EXPIRED
4484,1791484226848,RESTRICTIVE_NAT,RETENTION_PROBE,0.00,145.23,145.23,True,0,2.0,False,16,1,NONE
4485,1791484226848,RESTRICTIVE_NAT,RETENTION_PROBE,0.00,0.00,0.00,False,1,2.0,False,16,0,RETENTION_EXPIRED
4486,1791484226848,RESTRICTIVE_NAT,RETENTION_PROBE,0.00,173.20,173.20,True,0,2.0,False,16,1,NONE
4487,1791484226848,RESTRICTIVE_NAT,RETENTION_PROBE,0.00,0.00,0.00,False,1,2.0,False,16,0,RETENTION_EXPIRED
4488,1791484226848,RESTRICTIVE_NAT,RETENTION_PROBE,0.00,395.46,395.46,True,0,2.0,False,16,4,NONE
4489,1791484226848,RESTRICTIVE_NAT,RETENTION_PROBE,0.00,136.82,136.82,True,0,2.0,False,16,2,NONE
4490,1791484226848,RESTRICTIVE_NAT,RETENTION_PROBE,0.00,0.00,0.00,False,1,2.0,False,16,0,RETENTION_EXPIRED
4491,1791484226848,RESTRICTIVE_NAT,RETENTION_PROBE,0.00,0.00,0.00,False,1,2.0,False,16,0,RETENTION_EXPIRED
4492,1791484226848,RESTRICTIVE_NAT,RETENTION_PROBE,0.00,569.82,569.82,True,0,2.0,False,16,2,NONE
4493,1791484226848,RESTRICTIVE_NAT,RETENTION_PROBE,0.00,138.49,138.49,True,0,2.0,False,16,2,NONE
4494,1791484226848,RESTRICTIVE_NAT,RETENTION_PROBE,0.00,141.51,141.51,True,0,2.0,False,16,4,NONE
4495,1791484226848,WIFI,RETENTION_PROBE,0.00,38.39,38.39,True,0,2.0,True,16,2,NONE
4496,1791484226848,WIFI,RETENTION_PROBE,0.00,18.31,18.31,True,0,2.0,True,16,4,NONE
4497,1791484226848,WIFI,RETENTION_PROBE,0.00,33.65,33.65,True,0,2.0,True,16,4,NONE
4498,1791484226848,WIFI,RETENTION_PROBE,0.00,24.60,24.60,True,0,2.0,True,16,2,NONE
4499,1791484226848,WIFI,RETENTION_PROBE,0.00,36.57,36.57,True,0,2.0,True,16,1,NONE
4500,1791484226848,WIFI,RETENTION_PROBE,0.00,18.64,18.64,True,0,2.0,True,16,3,NONE
4501,1791484226848,WIFI,RETENTION_PROBE,0.00,29.78,29.78,True,0,2.0,True,16,2,NONE
4502,1791484226848,WIFI,RETENTION_PROBE,0.00,24.29,24.29,True,0,2.0,True,16,3,NONE
4503,1791484226848,WIFI,RETENTION_PROBE,0.00,35.29,35.29,True,0,2.0,True,16,2,NONE
4504,1791484226848,WIFI,RETENTION_PROBE,0.00,17.66,17.66,True,0,2.0,True,16,2,NONE
4505,1791484226848,WIFI,RETENTION_PROBE,0.00,16.52,16.52,True,0,2.0,True,16,2,NONE
4506,1791484226848,WIFI,RETENTION_PROBE,0.00,26.32,26.32,True,0,2.0,True,16,3,NONE
4507,1791484226848,WIFI,RETENTION_PROBE,0.00,36.55,36.55,True,0,2.0,True,16,1,NONE
4508,1791484226848,WIFI,RETENTION_PROBE,0.00,22.16,22.16,True,0,2.0,True,16,4,NONE
4509,1791484226848,WIFI,RETENTION_PROBE,0.00,37.19,37.19,True,0,2.0,True,16,3,NONE
4510,1791484226848,WIFI,RETENTION_PROBE,0.00,35.07,35.07,True,0,2.0,True,16,4,NONE
4511,1791484226848,WIFI,RETENTION_PROBE,0.00,16.04,16.04,True,0,2.0,True,16,1,NONE
4512,1791484226848,WIFI,RETENTION_PROBE,0.00,0.00,0.00,False,1,2.0,True,16,0,RETENTION_EXPIRED
4513,1791484226848,WIFI,RETENTION_PROBE,0.00,37.59,37.59,True,0,2.0,True,16,3,NONE
4514,1791484226849,WIFI,RETENTION_PROBE,0.00,18.92,18.92,True,0,2.0,True,16,2,NONE
4515,1791484226849,WIFI,RETENTION_PROBE,0.00,34.53,34.53,True,0,2.0,True,16,4,NONE
4516,1791484226849,WIFI,RETENTION_PROBE,0.00,0.00,0.00,False,1,2.0,True,16,0,RETENTION_EXPIRED
4517,1791484226849,WIFI,RETENTION_PROBE,0.00,38.80,38.80,True,0,2.0,True,16,4,NONE
4518,1791484226849,WIFI,RETENTION_PROBE,0.00,29.99,29.99,True,0,2.0,True,16,4,NONE
4519,1791484226849,WIFI,RETENTION_PROBE,0.00,38.52,38.52,True,0,2.0,True,16,4,NONE
4520,1791484226849,WIFI,RETENTION_PROBE,0.00,24.16,24.16,True,0,2.0,True,16,3,NONE
4521,1791484226849,WIFI,RETENTION_PROBE,0.00,17.38,17.38,True,0,2.0,True,16,3,NONE
4522,1791484226849,WIFI,RETENTION_PROBE,0.00,28.98,28.98,True,0,2.0,True,16,1,NONE
4523,1791484226849,WIFI,RETENTION_PROBE,0.00,27.54,27.54,True,0,2.0,True,16,1,NONE
4524,1791484226849,WIFI,RETENTION_PROBE,0.00,22.76,22.76,True,0,2.0,True,16,4,NONE
4525,1791484226849,WIFI,RETENTION_PROBE,0.00,32.79,32.79,True,0,2.0,True,16,3,NONE
4526,1791484226849,WIFI,RETENTION_PROBE,0.00,34.23,34.23,True,0,2.0,True,16,4,NONE
4527,1791484226849,WIFI,RETENTION_PROBE,0.00,36.53,36.53,True,0,2.0,True,16,4,NONE
4528,1791484226849,WIFI,RETENTION_PROBE,0.00,23.59,23.59,True,0,2.0,True,16,2,NONE
4529,1791484226849,WIFI,RETENTION_PROBE,0.00,24.85,24.85,True,0,2.0,True,16,1,NONE
4530,1791484226849,WIFI,RETENTION_PROBE,0.00,22.84,22.84,True,0,2.0,True,16,1,NONE
4531,1791484226849,WIFI,RETENTION_PROBE,0.00,25.94,25.94,True,0,2.0,True,16,1,NONE
4532,1791484226849,WIFI,RETENTION_PROBE,0.00,26.92,26.92,True,0,2.0,True,16,2,NONE
4533,1791484226849,WIFI,RETENTION_PROBE,0.00,28.01,28.01,True,0,2.0,True,16,3,NONE
4534,1791484226849,WIFI,RETENTION_PROBE,0.00,37.30,37.30,True,0,2.0,True,16,3,NONE
4535,1791484226849,WIFI,RETENTION_PROBE,0.00,29.27,29.27,True,0,2.0,True,16,2,NONE
4536,1791484226849,WIFI,RETENTION_PROBE,0.00,29.28,29.28,True,0,2.0,True,16,2,NONE
4537,1791484226849,WIFI,RETENTION_PROBE,0.00,33.66,33.66,True,0,2.0,True,16,4,NONE
4538,1791484226849,WIFI,RETENTION_PROBE,0.00,31.51,31.51,True,0,2.0,True,16,2,NONE
4539,1791484226849,WIFI,RETENTION_PROBE,0.00,30.48,30.48,True,0,2.0,True,16,2,NONE
4540,1791484226849,WIFI,RETENTION_PROBE,0.00,17.43,17.43,True,0,2.0,True,16,4,NONE
4541,1791484226849,WIFI,RETENTION_PROBE,0.00,18.45,18.45,True,0,2.0,True,16,1,NONE
4542,1791484226849,WIFI,RETENTION_PROBE,0.00,23.79,23.79,True,0,2.0,True,16,4,NONE
4543,1791484226849,WIFI,RETENTION_PROBE,0.00,26.25,26.25,True,0,2.0,True,16,1,NONE
4544,1791484226849,WIFI,RETENTION_PROBE,0.00,16.08,16.08,True,0,2.0,True,16,2,NONE
4545,1791484226849,WIFI,RETENTION_PROBE,0.00,35.97,35.97,True,0,2.0,True,16,4,NONE
4546,1791484226849,WIFI,RETENTION_PROBE,0.00,18.37,18.37,True,0,2.0,True,16,3,NONE
4547,1791484226849,WIFI,RETENTION_PROBE,0.00,17.40,17.40,True,0,2.0,True,16,3,NONE
4548,1791484226849,WIFI,RETENTION_PROBE,0.00,38.13,38.13,True,0,2.0,True,16,3,NONE
4549,1791484226849,WIFI,RETENTION_PROBE,0.00,29.13,29.13,True,0,2.0,True,16,4,NONE
4550,1791484226849,WIFI,RETENTION_PROBE,0.00,34.87,34.87,True,0,2.0,True,16,3,NONE
4551,1791484226849,WIFI,RETENTION_PROBE,0.00,26.84,26.84,True,0,2.0,True,16,2,NONE
4552,1791484226849,WIFI,RETENTION_PROBE,0.00,36.92,36.92,True,0,2.0,True,16,4,NONE
4553,1791484226849,WIFI,RETENTION_PROBE,0.00,23.63,23.63,True,0,2.0,True,16,3,NONE
4554,1791484226849,WIFI,RETENTION_PROBE,0.00,19.71,19.71,True,0,2.0,True,16,3,NONE
4555,1791484226849,WIFI,RETENTION_PROBE,0.00,29.52,29.52,True,0,2.0,True,16,1,NONE
4556,1791484226849,WIFI,RETENTION_PROBE,0.00,23.25,23.25,True,0,2.0,True,16,2,NONE
4557,1791484226849,WIFI,RETENTION_PROBE,0.00,31.45,31.45,True,0,2.0,True,16,2,NONE
4558,1791484226849,WIFI,RETENTION_PROBE,0.00,21.56,21.56,True,0,2.0,True,16,1,NONE
4559,1791484226849,WIFI,RETENTION_PROBE,0.00,23.76,23.76,True,0,2.0,True,16,1,NONE
4560,1791484226849,WIFI,RETENTION_PROBE,0.00,30.89,30.89,True,0,2.0,True,16,1,NONE
4561,1791484226849,WIFI,RETENTION_PROBE,0.00,30.89,30.89,True,0,2.0,True,16,1,NONE
4562,1791484226849,WIFI,RETENTION_PROBE,0.00,17.63,17.63,True,0,2.0,True,16,3,NONE
4563,1791484226849,WIFI,RETENTION_PROBE,0.00,38.43,38.43,True,0,2.0,True,16,4,NONE
4564,1791484226849,WIFI,RETENTION_PROBE,0.00,36.75,36.75,True,0,2.0,True,16,2,NONE
4565,1791484226849,WIFI,RETENTION_PROBE,0.00,37.48,37.48,True,0,2.0,True,16,2,NONE
4566,1791484226849,WIFI,RETENTION_PROBE,0.00,34.10,34.10,True,0,2.0,True,16,4,NONE
4567,1791484226849,WIFI,RETENTION_PROBE,0.00,32.08,32.08,True,0,2.0,True,16,1,NONE
4568,1791484226849,WIFI,RETENTION_PROBE,0.00,37.56,37.56,True,0,2.0,True,16,3,NONE
4569,1791484226849,WIFI,RETENTION_PROBE,0.00,24.25,24.25,True,0,2.0,True,16,1,NONE
4570,1791484226849,WIFI,RETENTION_PROBE,0.00,21.63,21.63,True,0,2.0,True,16,2,NONE
4571,1791484226849,WIFI,RETENTION_PROBE,0.00,28.67,28.67,True,0,2.0,True,16,2,NONE
4572,1791484226849,WIFI,RETENTION_PROBE,0.00,29.64,29.64,True,0,2.0,True,16,2,NONE
4573,1791484226849,WIFI,RETENTION_PROBE,0.00,20.94,20.94,True,0,2.0,True,16,4,NONE
4574,1791484226849,WIFI,RETENTION_PROBE,0.00,33.30,33.30,True,0,2.0,True,16,4,NONE
4575,1791484226849,WIFI,RETENTION_PROBE,0.00,21.91,21.91,True,0,2.0,True,16,3,NONE
4576,1791484226849,WIFI,RETENTION_PROBE,0.00,28.26,28.26,True,0,2.0,True,16,2,NONE
4577,1791484226849,WIFI,RETENTION_PROBE,0.00,38.68,38.68,True,0,2.0,True,16,2,NONE
4578,1791484226849,WIFI,RETENTION_PROBE,0.00,29.56,29.56,True,0,2.0,True,16,3,NONE
4579,1791484226849,WIFI,RETENTION_PROBE,0.00,19.89,19.89,True,0,2.0,True,16,3,NONE
4580,1791484226849,WIFI,RETENTION_PROBE,0.00,23.91,23.91,True,0,2.0,True,16,4,NONE
4581,1791484226849,WIFI,RETENTION_PROBE,0.00,35.52,35.52,True,0,2.0,True,16,3,NONE
4582,1791484226849,WIFI,RETENTION_PROBE,0.00,27.30,27.30,True,0,2.0,True,16,1,NONE
4583,1791484226849,WIFI,RETENTION_PROBE,0.00,36.46,36.46,True,0,2.0,True,16,4,NONE
4584,1791484226849,WIFI,RETENTION_PROBE,0.00,23.11,23.11,True,0,2.0,True,16,1,NONE
4585,1791484226849,WIFI,RETENTION_PROBE,0.00,33.11,33.11,True,0,2.0,True,16,3,NONE
4586,1791484226849,WIFI,RETENTION_PROBE,0.00,17.57,17.57,True,0,2.0,True,16,3,NONE
4587,1791484226849,WIFI,RETENTION_PROBE,0.00,39.88,39.88,True,0,2.0,True,16,1,NONE
4588,1791484226849,WIFI,RETENTION_PROBE,0.00,26.85,26.85,True,0,2.0,True,16,3,NONE
4589,1791484226849,WIFI,RETENTION_PROBE,0.00,24.11,24.11,True,0,2.0,True,16,2,NONE
4590,1791484226849,WIFI,RETENTION_PROBE,0.00,36.47,36.47,True,0,2.0,True,16,1,NONE
4591,1791484226849,WIFI,RETENTION_PROBE,0.00,36.91,36.91,True,0,2.0,True,16,4,NONE
4592,1791484226849,WIFI,RETENTION_PROBE,0.00,29.64,29.64,True,0,2.0,True,16,1,NONE
4593,1791484226849,WIFI,RETENTION_PROBE,0.00,30.17,30.17,True,0,2.0,True,16,2,NONE
4594,1791484226849,WIFI,RETENTION_PROBE,0.00,16.89,16.89,True,0,2.0,True,16,1,NONE
4595,1791484226849,WIFI,RETENTION_PROBE,0.00,20.56,20.56,True,0,2.0,True,16,3,NONE
4596,1791484226849,WIFI,RETENTION_PROBE,0.00,31.06,31.06,True,0,2.0,True,16,1,NONE
4597,1791484226849,WIFI,RETENTION_PROBE,0.00,22.96,22.96,True,0,2.0,True,16,2,NONE
4598,1791484226849,WIFI,RETENTION_PROBE,0.00,28.83,28.83,True,0,2.0,True,16,3,NONE
4599,1791484226849,WIFI,RETENTION_PROBE,0.00,35.65,35.65,True,0,2.0,True,16,3,NONE
4600,1791484226849,WIFI,RETENTION_PROBE,0.00,25.81,25.81,True,0,2.0,True,16,3,NONE
4601,1791484226849,WIFI,RETENTION_PROBE,0.00,16.24,16.24,True,0,2.0,True,16,1,NONE
4602,1791484226849,WIFI,RETENTION_PROBE,0.00,18.58,18.58,True,0,2.0,True,16,1,NONE
4603,1791484226849,WIFI,RETENTION_PROBE,0.00,35.22,35.22,True,0,2.0,True,16,1,NONE
4604,1791484226849,WIFI,RETENTION_PROBE,0.00,17.66,17.66,True,0,2.0,True,16,1,NONE
4605,1791484226849,WIFI,RETENTION_PROBE,0.00,36.44,36.44,True,0,2.0,True,16,4,NONE
4606,1791484226849,WIFI,RETENTION_PROBE,0.00,21.76,21.76,True,0,2.0,True,16,4,NONE
4607,1791484226849,WIFI,RETENTION_PROBE,0.00,28.53,28.53,True,0,2.0,True,16,2,NONE
4608,1791484226849,WIFI,RETENTION_PROBE,0.00,27.66,27.66,True,0,2.0,True,16,3,NONE
4609,1791484226849,WIFI,RETENTION_PROBE,0.00,18.72,18.72,True,0,2.0,True,16,3,NONE
4610,1791484226849,WIFI,RETENTION_PROBE,0.00,30.39,30.39,True,0,2.0,True,16,1,NONE
4611,1791484226849,WIFI,RETENTION_PROBE,0.00,17.04,17.04,True,0,2.0,True,16,4,NONE
4612,1791484226849,WIFI,RETENTION_PROBE,0.00,33.90,33.90,True,0,2.0,True,16,2,NONE
4613,1791484226849,WIFI,RETENTION_PROBE,0.00,18.80,18.80,True,0,2.0,True,16,2,NONE
4614,1791484226849,WIFI,RETENTION_PROBE,0.00,22.08,22.08,True,0,2.0,True,16,2,NONE
4615,1791484226849,WIFI,RETENTION_PROBE,0.00,19.90,19.90,True,0,2.0,True,16,4,NONE
4616,1791484226849,WIFI,RETENTION_PROBE,0.00,18.65,18.65,True,0,2.0,True,16,2,NONE
4617,1791484226849,WIFI,RETENTION_PROBE,0.00,18.87,18.87,True,0,2.0,True,16,2,NONE
4618,1791484226849,WIFI,RETENTION_PROBE,0.00,34.13,34.13,True,0,2.0,True,16,1,NONE
4619,1791484226849,WIFI,RETENTION_PROBE,0.00,25.75,25.75,True,0,2.0,True,16,2,NONE
4620,1791484226849,WIFI,RETENTION_PROBE,0.00,21.15,21.15,True,0,2.0,True,16,4,NONE
4621,1791484226849,WIFI,RETENTION_PROBE,0.00,34.03,34.03,True,0,2.0,True,16,2,NONE
4622,1791484226849,WIFI,RETENTION_PROBE,0.00,29.59,29.59,True,0,2.0,True,16,3,NONE
4623,1791484226849,WIFI,RETENTION_PROBE,0.00,31.37,31.37,True,0,2.0,True,16,3,NONE
4624,1791484226849,WIFI,RETENTION_PROBE,0.00,38.34,38.34,True,0,2.0,True,16,4,NONE
4625,1791484226849,WIFI,RETENTION_PROBE,0.00,21.43,21.43,True,0,2.0,True,16,1,NONE
4626,1791484226849,WIFI,RETENTION_PROBE,0.00,32.12,32.12,True,0,2.0,True,16,2,NONE
4627,1791484226849,WIFI,RETENTION_PROBE,0.00,30.31,30.31,True,0,2.0,True,16,4,NONE
4628,1791484226849,WIFI,RETENTION_PROBE,0.00,37.78,37.78,True,0,2.0,True,16,4,NONE
4629,1791484226849,WIFI,RETENTION_PROBE,0.00,16.91,16.91,True,0,2.0,True,16,4,NONE
4630,1791484226849,WIFI,RETENTION_PROBE,0.00,35.07,35.07,True,0,2.0,True,16,2,NONE
4631,1791484226849,WIFI,RETENTION_PROBE,0.00,31.96,31.96,True,0,2.0,True,16,1,NONE
4632,1791484226849,WIFI,RETENTION_PROBE,0.00,37.32,37.32,True,0,2.0,True,16,2,NONE
4633,1791484226849,WIFI,RETENTION_PROBE,0.00,24.24,24.24,True,0,2.0,True,16,2,NONE
4634,1791484226849,WIFI,RETENTION_PROBE,0.00,37.63,37.63,True,0,2.0,True,16,1,NONE
4635,1791484226849,WIFI,RETENTION_PROBE,0.00,21.60,21.60,True,0,2.0,True,16,1,NONE
4636,1791484226849,WIFI,RETENTION_PROBE,0.00,18.43,18.43,True,0,2.0,True,16,2,NONE
4637,1791484226849,WIFI,RETENTION_PROBE,0.00,33.01,33.01,True,0,2.0,True,16,3,NONE
4638,1791484226849,WIFI,RETENTION_PROBE,0.00,17.27,17.27,True,0,2.0,True,16,2,NONE
4639,1791484226849,WIFI,RETENTION_PROBE,0.00,21.07,21.07,True,0,2.0,True,16,4,NONE
4640,1791484226849,WIFI,RETENTION_PROBE,0.00,31.63,31.63,True,0,2.0,True,16,3,NONE
4641,1791484226849,WIFI,RETENTION_PROBE,0.00,21.48,21.48,True,0,2.0,True,16,4,NONE
4642,1791484226849,WIFI,RETENTION_PROBE,0.00,28.22,28.22,True,0,2.0,True,16,2,NONE
4643,1791484226849,WIFI,RETENTION_PROBE,0.00,27.39,27.39,True,0,2.0,True,16,4,NONE
4644,1791484226849,WIFI,RETENTION_PROBE,0.00,16.41,16.41,True,0,2.0,True,16,3,NONE
4645,1791484226849,WIFI,RETENTION_PROBE,0.00,28.07,28.07,True,0,2.0,True,16,3,NONE
4646,1791484226849,WIFI,RETENTION_PROBE,0.00,23.35,23.35,True,0,2.0,True,16,1,NONE
4647,1791484226849,WIFI,RETENTION_PROBE,0.00,26.07,26.07,True,0,2.0,True,16,1,NONE
4648,1791484226849,WIFI,RETENTION_PROBE,0.00,36.39,36.39,True,0,2.0,True,16,4,NONE
4649,1791484226849,WIFI,RETENTION_PROBE,0.00,33.62,33.62,True,0,2.0,True,16,1,NONE
4650,1791484226849,WIFI,RETENTION_PROBE,0.00,16.73,16.73,True,0,2.0,True,16,2,NONE
4651,1791484226849,WIFI,RETENTION_PROBE,0.00,36.24,36.24,True,0,2.0,True,16,1,NONE
4652,1791484226849,WIFI,RETENTION_PROBE,0.00,30.40,30.40,True,0,2.0,True,16,3,NONE
4653,1791484226849,WIFI,RETENTION_PROBE,0.00,28.45,28.45,True,0,2.0,True,16,2,NONE
4654,1791484226849,WIFI,RETENTION_PROBE,0.00,23.01,23.01,True,0,2.0,True,16,1,NONE
4655,1791484226849,WIFI,RETENTION_PROBE,0.00,25.90,25.90,True,0,2.0,True,16,2,NONE
4656,1791484226849,WIFI,RETENTION_PROBE,0.00,16.90,16.90,True,0,2.0,True,16,1,NONE
4657,1791484226849,WIFI,RETENTION_PROBE,0.00,32.13,32.13,True,0,2.0,True,16,1,NONE
4658,1791484226849,WIFI,RETENTION_PROBE,0.00,23.09,23.09,True,0,2.0,True,16,3,NONE
4659,1791484226849,WIFI,RETENTION_PROBE,0.00,31.15,31.15,True,0,2.0,True,16,3,NONE
4660,1791484226849,WIFI,RETENTION_PROBE,0.00,27.92,27.92,True,0,2.0,True,16,3,NONE
4661,1791484226849,LTE,RETENTION_PROBE,0.00,59.02,59.02,True,0,2.0,True,16,4,NONE
4662,1791484226849,LTE,RETENTION_PROBE,0.00,38.89,38.89,True,0,2.0,True,16,2,NONE
4663,1791484226849,LTE,RETENTION_PROBE,0.00,69.63,69.63,True,0,2.0,True,16,3,NONE
4664,1791484226849,LTE,RETENTION_PROBE,0.00,80.27,80.27,True,0,2.0,True,16,4,NONE
4665,1791484226849,LTE,RETENTION_PROBE,0.00,74.37,74.37,True,0,2.0,True,16,2,NONE
4666,1791484226849,LTE,RETENTION_PROBE,0.00,0.00,0.00,False,1,2.0,True,16,0,RETENTION_EXPIRED
4667,1791484226849,LTE,RETENTION_PROBE,0.00,93.84,93.84,True,0,2.0,True,16,3,NONE
4668,1791484226849,LTE,RETENTION_PROBE,0.00,354.34,354.34,True,0,2.0,True,16,4,NONE
4669,1791484226849,LTE,RETENTION_PROBE,0.00,51.11,51.11,True,0,2.0,True,16,1,NONE
4670,1791484226849,LTE,RETENTION_PROBE,0.00,73.34,73.34,True,0,2.0,True,16,4,NONE
4671,1791484226849,LTE,RETENTION_PROBE,0.00,102.07,102.07,True,0,2.0,True,16,3,NONE
4672,1791484226849,LTE,RETENTION_PROBE,0.00,264.01,264.01,True,0,2.0,True,16,3,NONE
4673,1791484226849,LTE,RETENTION_PROBE,0.00,267.85,267.85,True,0,2.0,True,16,2,NONE
4674,1791484226849,LTE,RETENTION_PROBE,0.00,87.73,87.73,True,0,2.0,True,16,1,NONE
4675,1791484226849,LTE,RETENTION_PROBE,0.00,269.41,269.41,True,0,2.0,True,16,1,NONE
4676,1791484226849,LTE,RETENTION_PROBE,0.00,87.38,87.38,True,0,2.0,True,16,2,NONE
4677,1791484226849,LTE,RETENTION_PROBE,0.00,45.36,45.36,True,0,2.0,True,16,2,NONE
4678,1791484226849,LTE,RETENTION_PROBE,0.00,39.52,39.52,True,0,2.0,True,16,2,NONE
4679,1791484226849,LTE,RETENTION_PROBE,0.00,94.36,94.36,True,0,2.0,True,16,4,NONE
4680,1791484226849,LTE,RETENTION_PROBE,0.00,464.11,464.11,True,0,2.0,True,16,3,NONE
4681,1791484226849,LTE,RETENTION_PROBE,0.00,71.88,71.88,True,0,2.0,True,16,2,NONE
4682,1791484226849,LTE,RETENTION_PROBE,0.00,42.73,42.73,True,0,2.0,True,16,2,NONE
4683,1791484226849,LTE,RETENTION_PROBE,0.00,0.00,0.00,False,1,2.0,True,16,0,RETENTION_EXPIRED
4684,1791484226849,LTE,RETENTION_PROBE,0.00,74.49,74.49,True,0,2.0,True,16,1,NONE
4685,1791484226849,LTE,RETENTION_PROBE,0.00,82.94,82.94,True,0,2.0,True,16,4,NONE
4686,1791484226849,LTE,RETENTION_PROBE,0.00,86.86,86.86,True,0,2.0,True,16,4,NONE
4687,1791484226849,LTE,RETENTION_PROBE,0.00,95.42,95.42,True,0,2.0,True,16,1,NONE
4688,1791484226849,LTE,RETENTION_PROBE,0.00,58.57,58.57,True,0,2.0,True,16,2,NONE
4689,1791484226849,LTE,RETENTION_PROBE,0.00,64.20,64.20,True,0,2.0,True,16,3,NONE
4690,1791484226849,LTE,RETENTION_PROBE,0.00,96.02,96.02,True,0,2.0,True,16,3,NONE
4691,1791484226849,LTE,RETENTION_PROBE,0.00,101.16,101.16,True,0,2.0,True,16,1,NONE
4692,1791484226849,LTE,RETENTION_PROBE,0.00,59.85,59.85,True,0,2.0,True,16,4,NONE
4693,1791484226849,LTE,RETENTION_PROBE,0.00,80.50,80.50,True,0,2.0,True,16,4,NONE
4694,1791484226849,LTE,RETENTION_PROBE,0.00,41.86,41.86,True,0,2.0,True,16,4,NONE
4695,1791484226849,LTE,RETENTION_PROBE,0.00,70.20,70.20,True,0,2.0,True,16,3,NONE
4696,1791484226849,LTE,RETENTION_PROBE,0.00,77.46,77.46,True,0,2.0,True,16,3,NONE
4697,1791484226849,LTE,RETENTION_PROBE,0.00,39.88,39.88,True,0,2.0,True,16,3,NONE
4698,1791484226849,LTE,RETENTION_PROBE,0.00,95.93,95.93,True,0,2.0,True,16,3,NONE
4699,1791484226849,LTE,RETENTION_PROBE,0.00,53.66,53.66,True,0,2.0,True,16,4,NONE
4700,1791484226849,LTE,RETENTION_PROBE,0.00,65.15,65.15,True,0,2.0,True,16,1,NONE
4701,1791484226849,LTE,RETENTION_PROBE,0.00,99.00,99.00,True,0,2.0,True,16,3,NONE
4702,1791484226849,LTE,RETENTION_PROBE,0.00,36.59,36.59,True,0,2.0,True,16,2,NONE
4703,1791484226849,LTE,RETENTION_PROBE,0.00,45.00,45.00,True,0,2.0,True,16,4,NONE
4704,1791484226849,LTE,RETENTION_PROBE,0.00,81.10,81.10,True,0,2.0,True,16,2,NONE
4705,1791484226849,LTE,RETENTION_PROBE,0.00,92.34,92.34,True,0,2.0,True,16,2,NONE
4706,1791484226849,LTE,RETENTION_PROBE,0.00,68.02,68.02,True,0,2.0,True,16,2,NONE
4707,1791484226849,LTE,RETENTION_PROBE,0.00,52.49,52.49,True,0,2.0,True,16,3,NONE
4708,1791484226849,LTE,RETENTION_PROBE,0.00,46.19,46.19,True,0,2.0,True,16,3,NONE
4709,1791484226849,LTE,RETENTION_PROBE,0.00,217.63,217.63,True,0,2.0,True,16,1,NONE
4710,1791484226849,LTE,RETENTION_PROBE,0.00,489.21,489.21,True,0,2.0,True,16,4,NONE
4711,1791484226849,LTE,RETENTION_PROBE,0.00,53.10,53.10,True,0,2.0,True,16,4,NONE
4712,1791484226849,LTE,RETENTION_PROBE,0.00,62.07,62.07,True,0,2.0,True,16,2,NONE
4713,1791484226849,LTE,RETENTION_PROBE,0.00,93.01,93.01,True,0,2.0,True,16,4,NONE
4714,1791484226849,LTE,RETENTION_PROBE,0.00,94.85,94.85,True,0,2.0,True,16,2,NONE
4715,1791484226849,LTE,RETENTION_PROBE,0.00,251.86,251.86,True,0,2.0,True,16,2,NONE
4716,1791484226849,LTE,RETENTION_PROBE,0.00,92.56,92.56,True,0,2.0,True,16,4,NONE
4717,1791484226849,LTE,RETENTION_PROBE,0.00,0.00,0.00,False,1,2.0,True,16,0,RETENTION_EXPIRED
4718,1791484226849,LTE,RETENTION_PROBE,0.00,54.04,54.04,True,0,2.0,True,16,2,NONE
4719,1791484226849,LTE,RETENTION_PROBE,0.00,42.19,42.19,True,0,2.0,True,16,4,NONE
4720,1791484226849,LTE,RETENTION_PROBE,0.00,48.10,48.10,True,0,2.0,True,16,2,NONE
4721,1791484226849,LTE,RETENTION_PROBE,0.00,59.11,59.11,True,0,2.0,True,16,2,NONE
4722,1791484226849,LTE,RETENTION_PROBE,0.00,58.97,58.97,True,0,2.0,True,16,3,NONE
4723,1791484226849,LTE,RETENTION_PROBE,0.00,37.19,37.19,True,0,2.0,True,16,3,NONE
4724,1791484226849,LTE,RETENTION_PROBE,0.00,46.25,46.25,True,0,2.0,True,16,4,NONE
4725,1791484226849,LTE,RETENTION_PROBE,0.00,59.59,59.59,True,0,2.0,True,16,3,NONE
4726,1791484226849,LTE,RETENTION_PROBE,0.00,79.16,79.16,True,0,2.0,True,16,3,NONE
4727,1791484226849,LTE,RETENTION_PROBE,0.00,86.37,86.37,True,0,2.0,True,16,1,NONE
4728,1791484226849,LTE,RETENTION_PROBE,0.00,43.89,43.89,True,0,2.0,True,16,1,NONE
4729,1791484226849,LTE,RETENTION_PROBE,0.00,63.66,63.66,True,0,2.0,True,16,4,NONE
4730,1791484226849,LTE,RETENTION_PROBE,0.00,178.52,178.52,True,0,2.0,True,16,1,NONE
4731,1791484226849,LTE,RETENTION_PROBE,0.00,99.99,99.99,True,0,2.0,True,16,2,NONE
4732,1791484226849,LTE,RETENTION_PROBE,0.00,0.00,0.00,False,1,2.0,True,16,0,RETENTION_EXPIRED
4733,1791484226849,LTE,RETENTION_PROBE,0.00,61.83,61.83,True,0,2.0,True,16,3,NONE
4734,1791484226849,LTE,RETENTION_PROBE,0.00,69.53,69.53,True,0,2.0,True,16,3,NONE
4735,1791484226849,LTE,RETENTION_PROBE,0.00,93.74,93.74,True,0,2.0,True,16,3,NONE
4736,1791484226849,LTE,RETENTION_PROBE,0.00,42.16,42.16,True,0,2.0,True,16,3,NONE
4737,1791484226849,LTE,RETENTION_PROBE,0.00,78.64,78.64,True,0,2.0,True,16,1,NONE
4738,1791484226849,LTE,RETENTION_PROBE,0.00,38.41,38.41,True,0,2.0,True,16,3,NONE
4739,1791484226849,LTE,RETENTION_PROBE,0.00,45.73,45.73,True,0,2.0,True,16,2,NONE
4740,1791484226849,LTE,RETENTION_PROBE,0.00,60.95,60.95,True,0,2.0,True,16,4,NONE
4741,1791484226849,LTE,RETENTION_PROBE,0.00,82.18,82.18,True,0,2.0,True,16,4,NONE
4742,1791484226849,LTE,RETENTION_PROBE,0.00,204.33,204.33,True,0,2.0,True,16,3,NONE
4743,1791484226849,LTE,RETENTION_PROBE,0.00,61.35,61.35,True,0,2.0,True,16,3,NONE
4744,1791484226849,LTE,RETENTION_PROBE,0.00,43.29,43.29,True,0,2.0,True,16,2,NONE
4745,1791484226849,LTE,RETENTION_PROBE,0.00,91.26,91.26,True,0,2.0,True,16,4,NONE
4746,1791484226849,LTE,RETENTION_PROBE,0.00,54.86,54.86,True,0,2.0,True,16,1,NONE
4747,1791484226849,LTE,RETENTION_PROBE,0.00,42.84,42.84,True,0,2.0,True,16,4,NONE
4748,1791484226849,LTE,RETENTION_PROBE,0.00,46.15,46.15,True,0,2.0,True,16,1,NONE
4749,1791484226849,LTE,RETENTION_PROBE,0.00,69.36,69.36,True,0,2.0,True,16,3,NONE
4750,1791484226849,LTE,RETENTION_PROBE,0.00,76.06,76.06,True,0,2.0,True,16,3,NONE
4751,1791484226849,LTE,RETENTION_PROBE,0.00,52.47,52.47,True,0,2.0,True,16,1,NONE
4752,1791484226849,LTE,RETENTION_PROBE,0.00,97.74,97.74,True,0,2.0,True,16,4,NONE
4753,1791484226849,LTE,RETENTION_PROBE,0.00,63.90,63.90,True,0,2.0,True,16,3,NONE
4754,1791484226849,LTE,RETENTION_PROBE,0.00,33.74,33.74,True,0,2.0,True,16,3,NONE
4755,1791484226849,LTE,RETENTION_PROBE,0.00,0.00,0.00,False,1,2.0,True,16,0,RETENTION_EXPIRED
4756,1791484226849,LTE,RETENTION_PROBE,0.00,77.04,77.04,True,0,2.0,True,16,1,NONE
4757,1791484226849,LTE,RETENTION_PROBE,0.00,63.50,63.50,True,0,2.0,True,16,4,NONE
4758,1791484226849,LTE,RETENTION_PROBE,0.00,255.62,255.62,True,0,2.0,True,16,1,NONE
4759,1791484226849,LTE,RETENTION_PROBE,0.00,72.11,72.11,True,0,2.0,True,16,1,NONE
4760,1791484226849,LTE,RETENTION_PROBE,0.00,86.39,86.39,True,0,2.0,True,16,4,NONE
4761,1791484226849,LTE,RETENTION_PROBE,0.00,88.80,88.80,True,0,2.0,True,16,2,NONE
4762,1791484226849,LTE,RETENTION_PROBE,0.00,69.69,69.69,True,0,2.0,True,16,1,NONE
4763,1791484226849,LTE,RETENTION_PROBE,0.00,201.88,201.88,True,0,2.0,True,16,1,NONE
4764,1791484226849,LTE,RETENTION_PROBE,0.00,211.26,211.26,True,0,2.0,True,16,2,NONE
4765,1791484226849,LTE,RETENTION_PROBE,0.00,46.86,46.86,True,0,2.0,True,16,3,NONE
4766,1791484226849,LTE,RETENTION_PROBE,0.00,54.70,54.70,True,0,2.0,True,16,3,NONE
4767,1791484226849,LTE,RETENTION_PROBE,0.00,64.52,64.52,True,0,2.0,True,16,2,NONE
4768,1791484226849,LTE,RETENTION_PROBE,0.00,64.77,64.77,True,0,2.0,True,16,4,NONE
4769,1791484226849,LTE,RETENTION_PROBE,0.00,71.23,71.23,True,0,2.0,True,16,1,NONE
4770,1791484226849,LTE,RETENTION_PROBE,0.00,53.98,53.98,True,0,2.0,True,16,1,NONE
4771,1791484226849,LTE,RETENTION_PROBE,0.00,86.09,86.09,True,0,2.0,True,16,1,NONE
4772,1791484226849,LTE,RETENTION_PROBE,0.00,50.48,50.48,True,0,2.0,True,16,3,NONE
4773,1791484226849,LTE,RETENTION_PROBE,0.00,84.81,84.81,True,0,2.0,True,16,1,NONE
4774,1791484226849,LTE,RETENTION_PROBE,0.00,48.80,48.80,True,0,2.0,True,16,2,NONE
4775,1791484226849,LTE,RETENTION_PROBE,0.00,47.08,47.08,True,0,2.0,True,16,2,NONE
4776,1791484226849,LTE,RETENTION_PROBE,0.00,101.94,101.94,True,0,2.0,True,16,4,NONE
4777,1791484226849,LTE,RETENTION_PROBE,0.00,97.45,97.45,True,0,2.0,True,16,4,NONE
4778,1791484226849,LTE,RETENTION_PROBE,0.00,69.03,69.03,True,0,2.0,True,16,4,NONE
4779,1791484226849,LTE,RETENTION_PROBE,0.00,190.26,190.26,True,0,2.0,True,16,1,NONE
4780,1791484226849,LTE,RETENTION_PROBE,0.00,80.84,80.84,True,0,2.0,True,16,4,NONE
4781,1791484226849,LTE,RETENTION_PROBE,0.00,46.08,46.08,True,0,2.0,True,16,3,NONE
4782,1791484226849,LTE,RETENTION_PROBE,0.00,60.06,60.06,True,0,2.0,True,16,1,NONE
4783,1791484226849,LTE,RETENTION_PROBE,0.00,94.74,94.74,True,0,2.0,True,16,1,NONE
4784,1791484226849,LTE,RETENTION_PROBE,0.00,88.36,88.36,True,0,2.0,True,16,4,NONE
4785,1791484226849,LTE,RETENTION_PROBE,0.00,36.97,36.97,True,0,2.0,True,16,1,NONE
4786,1791484226849,LTE,RETENTION_PROBE,0.00,41.92,41.92,True,0,2.0,True,16,1,NONE
4787,1791484226849,LTE,RETENTION_PROBE,0.00,72.84,72.84,True,0,2.0,True,16,2,NONE
4788,1791484226849,LTE,RETENTION_PROBE,0.00,97.81,97.81,True,0,2.0,True,16,3,NONE
4789,1791484226849,LTE,RETENTION_PROBE,0.00,69.86,69.86,True,0,2.0,True,16,1,NONE
4790,1791484226849,LTE,RETENTION_PROBE,0.00,74.98,74.98,True,0,2.0,True,16,2,NONE
4791,1791484226849,LTE,RETENTION_PROBE,0.00,69.75,69.75,True,0,2.0,True,16,4,NONE
4792,1791484226849,LTE,RETENTION_PROBE,0.00,271.33,271.33,True,0,2.0,True,16,2,NONE
4793,1791484226849,LTE,RETENTION_PROBE,0.00,52.10,52.10,True,0,2.0,True,16,3,NONE
4794,1791484226849,LTE,RETENTION_PROBE,0.00,96.94,96.94,True,0,2.0,True,16,1,NONE
4795,1791484226849,LTE,RETENTION_PROBE,0.00,362.33,362.33,True,0,2.0,True,16,3,NONE
4796,1791484226849,LTE,RETENTION_PROBE,0.00,69.25,69.25,True,0,2.0,True,16,3,NONE
4797,1791484226849,LTE,RETENTION_PROBE,0.00,95.53,95.53,True,0,2.0,True,16,1,NONE
4798,1791484226849,LTE,RETENTION_PROBE,0.00,86.04,86.04,True,0,2.0,True,16,4,NONE
4799,1791484226849,LTE,RETENTION_PROBE,0.00,85.69,85.69,True,0,2.0,True,16,3,NONE
4800,1791484226849,LTE,RETENTION_PROBE,0.00,94.67,94.67,True,0,2.0,True,16,2,NONE
4801,1791484226849,LTE,RETENTION_PROBE,0.00,69.84,69.84,True,0,2.0,True,16,3,NONE
4802,1791484226849,LTE,RETENTION_PROBE,0.00,40.68,40.68,True,0,2.0,True,16,1,NONE
4803,1791484226849,LTE,RETENTION_PROBE,0.00,64.42,64.42,True,0,2.0,True,16,3,NONE
4804,1791484226849,LTE,RETENTION_PROBE,0.00,64.53,64.53,True,0,2.0,True,16,1,NONE
4805,1791484226849,LTE,RETENTION_PROBE,0.00,101.47,101.47,True,0,2.0,True,16,2,NONE
4806,1791484226849,LTE,RETENTION_PROBE,0.00,75.76,75.76,True,0,2.0,True,16,4,NONE
4807,1791484226849,LTE,RETENTION_PROBE,0.00,56.52,56.52,True,0,2.0,True,16,3,NONE
4808,1791484226849,LTE,RETENTION_PROBE,0.00,35.24,35.24,True,0,2.0,True,16,1,NONE
4809,1791484226849,LTE,RETENTION_PROBE,0.00,39.71,39.71,True,0,2.0,True,16,4,NONE
4810,1791484226849,LTE,RETENTION_PROBE,0.00,50.57,50.57,True,0,2.0,True,16,1,NONE
4811,1791484226849,LTE,RETENTION_PROBE,0.00,45.11,45.11,True,0,2.0,True,16,2,NONE
4812,1791484226849,LTE,RETENTION_PROBE,0.00,52.32,52.32,True,0,2.0,True,16,4,NONE
4813,1791484226849,LTE,RETENTION_PROBE,0.00,53.78,53.78,True,0,2.0,True,16,1,NONE
4814,1791484226849,LTE,RETENTION_PROBE,0.00,91.12,91.12,True,0,2.0,True,16,3,NONE
4815,1791484226849,LTE,RETENTION_PROBE,0.00,48.02,48.02,True,0,2.0,True,16,3,NONE
4816,1791484226849,LTE,RETENTION_PROBE,0.00,67.81,67.81,True,0,2.0,True,16,4,NONE
4817,1791484226849,LTE,RETENTION_PROBE,0.00,90.50,90.50,True,0,2.0,True,16,2,NONE
4818,1791484226849,LTE,RETENTION_PROBE,0.00,67.36,67.36,True,0,2.0,True,16,2,NONE
4819,1791484226849,LTE,RETENTION_PROBE,0.00,83.25,83.25,True,0,2.0,True,16,2,NONE
4820,1791484226849,LTE,RETENTION_PROBE,0.00,102.31,102.31,True,0,2.0,True,16,1,NONE
4821,1791484226849,LTE,RETENTION_PROBE,0.00,0.00,0.00,False,1,2.0,True,16,0,RETENTION_EXPIRED
4822,1791484226849,LTE,RETENTION_PROBE,0.00,298.79,298.79,True,0,2.0,True,16,2,NONE
4823,1791484226849,LTE,RETENTION_PROBE,0.00,43.30,43.30,True,0,2.0,True,16,4,NONE
4824,1791484226849,LTE,RETENTION_PROBE,0.00,37.85,37.85,True,0,2.0,True,16,3,NONE
4825,1791484226849,LTE,RETENTION_PROBE,0.00,223.09,223.09,True,0,2.0,True,16,3,NONE
4826,1791484226849,LTE,RETENTION_PROBE,0.00,73.74,73.74,True,0,2.0,True,16,1,NONE
4827,1791484226849,RESTRICTIVE_NAT,RETENTION_PROBE,0.00,151.18,151.18,True,0,2.0,True,16,4,NONE
4828,1791484226849,RESTRICTIVE_NAT,RETENTION_PROBE,0.00,102.96,102.96,True,0,2.0,True,16,3,NONE
4829,1791484226849,RESTRICTIVE_NAT,RETENTION_PROBE,0.00,503.12,503.12,True,0,2.0,True,16,1,NONE
4830,1791484226849,RESTRICTIVE_NAT,RETENTION_PROBE,0.00,126.37,126.37,True,0,2.0,True,16,2,NONE
4831,1791484226849,RESTRICTIVE_NAT,RETENTION_PROBE,0.00,161.52,161.52,True,0,2.0,True,16,3,NONE
4832,1791484226849,RESTRICTIVE_NAT,RETENTION_PROBE,0.00,76.91,76.91,True,0,2.0,True,16,2,NONE
4833,1791484226849,RESTRICTIVE_NAT,RETENTION_PROBE,0.00,149.82,149.82,True,0,2.0,True,16,4,NONE
4834,1791484226849,RESTRICTIVE_NAT,RETENTION_PROBE,0.00,794.56,794.56,True,0,2.0,True,16,2,NONE
4835,1791484226849,RESTRICTIVE_NAT,RETENTION_PROBE,0.00,328.16,328.16,True,0,2.0,True,16,4,NONE
4836,1791484226849,RESTRICTIVE_NAT,RETENTION_PROBE,0.00,575.79,575.79,True,0,2.0,True,16,0,NONE
4837,1791484226849,RESTRICTIVE_NAT,RETENTION_PROBE,0.00,174.13,174.13,True,0,2.0,True,16,1,NONE
4838,1791484226849,RESTRICTIVE_NAT,RETENTION_PROBE,0.00,516.75,516.75,True,0,2.0,True,16,4,NONE
4839,1791484226849,RESTRICTIVE_NAT,RETENTION_PROBE,0.00,637.50,637.50,True,0,2.0,True,16,2,NONE
4840,1791484226849,RESTRICTIVE_NAT,RETENTION_PROBE,0.00,109.62,109.62,True,0,2.0,True,16,3,NONE
4841,1791484226849,RESTRICTIVE_NAT,RETENTION_PROBE,0.00,117.80,117.80,True,0,2.0,True,16,2,NONE
4842,1791484226849,RESTRICTIVE_NAT,RETENTION_PROBE,0.00,437.71,437.71,True,0,2.0,True,16,3,NONE
4843,1791484226849,RESTRICTIVE_NAT,RETENTION_PROBE,0.00,0.00,0.00,False,1,2.0,True,16,0,RETENTION_EXPIRED
4844,1791484226849,RESTRICTIVE_NAT,RETENTION_PROBE,0.00,98.41,98.41,True,0,2.0,True,16,4,NONE
4845,1791484226849,RESTRICTIVE_NAT,RETENTION_PROBE,0.00,415.76,415.76,True,0,2.0,True,16,3,NONE
4846,1791484226849,RESTRICTIVE_NAT,RETENTION_PROBE,0.00,73.56,73.56,True,0,2.0,True,16,3,NONE
4847,1791484226849,RESTRICTIVE_NAT,RETENTION_PROBE,0.00,568.91,568.91,True,0,2.0,True,16,1,NONE
4848,1791484226849,RESTRICTIVE_NAT,RETENTION_PROBE,0.00,541.46,541.46,True,0,2.0,True,16,4,NONE
4849,1791484226849,RESTRICTIVE_NAT,RETENTION_PROBE,0.00,103.12,103.12,True,0,2.0,True,16,1,NONE
4850,1791484226849,RESTRICTIVE_NAT,RETENTION_PROBE,0.00,89.52,89.52,True,0,2.0,True,16,4,NONE
4851,1791484226849,RESTRICTIVE_NAT,RETENTION_PROBE,0.00,380.37,380.37,True,0,2.0,True,16,1,NONE
4852,1791484226849,RESTRICTIVE_NAT,RETENTION_PROBE,0.00,108.99,108.99,True,0,2.0,True,16,2,NONE
4853,1791484226849,RESTRICTIVE_NAT,RETENTION_PROBE,0.00,130.10,130.10,True,0,2.0,True,16,1,NONE
4854,1791484226849,RESTRICTIVE_NAT,RETENTION_PROBE,0.00,54.27,54.27,True,0,2.0,True,16,4,NONE
4855,1791484226849,RESTRICTIVE_NAT,RETENTION_PROBE,0.00,0.00,0.00,False,1,2.0,True,16,0,RETENTION_EXPIRED
4856,1791484226849,RESTRICTIVE_NAT,RETENTION_PROBE,0.00,124.64,124.64,True,0,2.0,True,16,3,NONE
4857,1791484226849,RESTRICTIVE_NAT,RETENTION_PROBE,0.00,78.25,78.25,True,0,2.0,True,16,1,NONE
4858,1791484226849,RESTRICTIVE_NAT,RETENTION_PROBE,0.00,410.72,410.72,True,0,2.0,True,16,4,NONE
4859,1791484226849,RESTRICTIVE_NAT,RETENTION_PROBE,0.00,0.00,0.00,False,1,2.0,True,16,0,RETENTION_EXPIRED
4860,1791484226849,RESTRICTIVE_NAT,RETENTION_PROBE,0.00,125.57,125.57,True,0,2.0,True,16,4,NONE
4861,1791484226849,RESTRICTIVE_NAT,RETENTION_PROBE,0.00,121.22,121.22,True,0,2.0,True,16,3,NONE
4862,1791484226849,RESTRICTIVE_NAT,RETENTION_PROBE,0.00,113.99,113.99,True,0,2.0,True,16,3,NONE
4863,1791484226849,RESTRICTIVE_NAT,RETENTION_PROBE,0.00,387.44,387.44,True,0,2.0,True,16,4,NONE
4864,1791484226849,RESTRICTIVE_NAT,RETENTION_PROBE,0.00,286.42,286.42,True,0,2.0,True,16,1,NONE
4865,1791484226849,RESTRICTIVE_NAT,RETENTION_PROBE,0.00,224.47,224.47,True,0,2.0,True,16,1,NONE
4866,1791484226849,RESTRICTIVE_NAT,RETENTION_PROBE,0.00,0.00,0.00,False,1,2.0,True,16,0,RETENTION_EXPIRED
4867,1791484226849,RESTRICTIVE_NAT,RETENTION_PROBE,0.00,50.85,50.85,True,0,2.0,True,16,1,NONE
4868,1791484226849,RESTRICTIVE_NAT,RETENTION_PROBE,0.00,142.64,142.64,True,0,2.0,True,16,2,NONE
4869,1791484226849,RESTRICTIVE_NAT,RETENTION_PROBE,0.00,132.89,132.89,True,0,2.0,True,16,2,NONE
4870,1791484226849,RESTRICTIVE_NAT,RETENTION_PROBE,0.00,1045.04,1045.04,True,0,2.0,True,16,3,NONE
4871,1791484226849,RESTRICTIVE_NAT,RETENTION_PROBE,0.00,63.38,63.38,True,0,2.0,True,16,4,NONE
4872,1791484226849,RESTRICTIVE_NAT,RETENTION_PROBE,0.00,85.42,85.42,True,0,2.0,True,16,4,NONE
4873,1791484226850,RESTRICTIVE_NAT,RETENTION_PROBE,0.00,0.00,0.00,False,1,2.0,True,16,0,RETENTION_EXPIRED
4874,1791484226850,RESTRICTIVE_NAT,RETENTION_PROBE,0.00,503.31,503.31,True,0,2.0,True,16,1,NONE
4875,1791484226850,RESTRICTIVE_NAT,RETENTION_PROBE,0.00,494.74,494.74,True,0,2.0,True,16,2,NONE
4876,1791484226850,RESTRICTIVE_NAT,RETENTION_PROBE,0.00,64.83,64.83,True,0,2.0,True,16,1,NONE
4877,1791484226850,RESTRICTIVE_NAT,RETENTION_PROBE,0.00,0.00,0.00,False,1,2.0,True,16,0,RETENTION_EXPIRED
4878,1791484226850,RESTRICTIVE_NAT,RETENTION_PROBE,0.00,150.32,150.32,True,0,2.0,True,16,3,NONE
4879,1791484226850,RESTRICTIVE_NAT,RETENTION_PROBE,0.00,125.05,125.05,True,0,2.0,True,16,1,NONE
4880,1791484226850,RESTRICTIVE_NAT,RETENTION_PROBE,0.00,138.81,138.81,True,0,2.0,True,16,3,NONE
4881,1791484226850,RESTRICTIVE_NAT,RETENTION_PROBE,0.00,0.00,0.00,False,1,2.0,True,16,0,RETENTION_EXPIRED
4882,1791484226850,RESTRICTIVE_NAT,RETENTION_PROBE,0.00,586.90,586.90,True,0,2.0,True,16,4,NONE
4883,1791484226850,RESTRICTIVE_NAT,RETENTION_PROBE,0.00,179.96,179.96,True,0,2.0,True,16,2,NONE
4884,1791484226850,RESTRICTIVE_NAT,RETENTION_PROBE,0.00,153.90,153.90,True,0,2.0,True,16,4,NONE
4885,1791484226850,RESTRICTIVE_NAT,RETENTION_PROBE,0.00,130.32,130.32,True,0,2.0,True,16,3,NONE
4886,1791484226850,RESTRICTIVE_NAT,RETENTION_PROBE,0.00,178.97,178.97,True,0,2.0,True,16,1,NONE
4887,1791484226850,RESTRICTIVE_NAT,RETENTION_PROBE,0.00,492.75,492.75,True,0,2.0,True,16,2,NONE
4888,1791484226850,RESTRICTIVE_NAT,RETENTION_PROBE,0.00,421.58,421.58,True,0,2.0,True,16,1,NONE
4889,1791484226850,RESTRICTIVE_NAT,RETENTION_PROBE,0.00,176.27,176.27,True,0,2.0,True,16,1,NONE
4890,1791484226850,RESTRICTIVE_NAT,RETENTION_PROBE,0.00,77.53,77.53,True,0,2.0,True,16,1,NONE
4891,1791484226850,RESTRICTIVE_NAT,RETENTION_PROBE,0.00,98.99,98.99,True,0,2.0,True,16,2,NONE
4892,1791484226850,RESTRICTIVE_NAT,RETENTION_PROBE,0.00,80.54,80.54,True,0,2.0,True,16,1,NONE
4893,1791484226850,RESTRICTIVE_NAT,RETENTION_PROBE,0.00,0.00,0.00,False,1,2.0,True,16,0,RETENTION_EXPIRED
4894,1791484226850,RESTRICTIVE_NAT,RETENTION_PROBE,0.00,376.47,376.47,True,0,2.0,True,16,2,NONE
4895,1791484226850,RESTRICTIVE_NAT,RETENTION_PROBE,0.00,869.50,869.50,True,0,2.0,True,16,2,NONE
4896,1791484226850,RESTRICTIVE_NAT,RETENTION_PROBE,0.00,66.02,66.02,True,0,2.0,True,16,4,NONE
4897,1791484226850,RESTRICTIVE_NAT,RETENTION_PROBE,0.00,64.99,64.99,True,0,2.0,True,16,2,NONE
4898,1791484226850,RESTRICTIVE_NAT,RETENTION_PROBE,0.00,85.90,85.90,True,0,2.0,True,16,1,NONE
4899,1791484226850,RESTRICTIVE_NAT,RETENTION_PROBE,0.00,0.00,0.00,False,1,2.0,True,16,0,RETENTION_EXPIRED
4900,1791484226850,RESTRICTIVE_NAT,RETENTION_PROBE,0.00,170.78,170.78,True,0,2.0,True,16,3,NONE
4901,1791484226850,RESTRICTIVE_NAT,RETENTION_PROBE,0.00,0.00,0.00,False,1,2.0,True,16,0,RETENTION_EXPIRED
4902,1791484226850,RESTRICTIVE_NAT,RETENTION_PROBE,0.00,99.93,99.93,True,0,2.0,True,16,3,NONE
4903,1791484226850,RESTRICTIVE_NAT,RETENTION_PROBE,0.00,0.00,0.00,False,1,2.0,True,16,0,RETENTION_EXPIRED
4904,1791484226850,RESTRICTIVE_NAT,RETENTION_PROBE,0.00,481.32,481.32,True,0,2.0,True,16,1,NONE
4905,1791484226850,RESTRICTIVE_NAT,RETENTION_PROBE,0.00,491.61,491.61,True,0,2.0,True,16,2,NONE
4906,1791484226850,RESTRICTIVE_NAT,RETENTION_PROBE,0.00,52.31,52.31,True,0,2.0,True,16,4,NONE
4907,1791484226850,RESTRICTIVE_NAT,RETENTION_PROBE,0.00,146.51,146.51,True,0,2.0,True,16,3,NONE
4908,1791484226850,RESTRICTIVE_NAT,RETENTION_PROBE,0.00,139.19,139.19,True,0,2.0,True,16,4,NONE
4909,1791484226850,RESTRICTIVE_NAT,RETENTION_PROBE,0.00,151.51,151.51,True,0,2.0,True,16,1,NONE
4910,1791484226850,RESTRICTIVE_NAT,RETENTION_PROBE,0.00,51.39,51.39,True,0,2.0,True,16,4,NONE
4911,1791484226850,RESTRICTIVE_NAT,RETENTION_PROBE,0.00,159.09,159.09,True,0,2.0,True,16,3,NONE
4912,1791484226850,RESTRICTIVE_NAT,RETENTION_PROBE,0.00,85.73,85.73,True,0,2.0,True,16,4,NONE
4913,1791484226850,RESTRICTIVE_NAT,RETENTION_PROBE,0.00,699.74,699.74,True,0,2.0,True,16,4,NONE
4914,1791484226850,RESTRICTIVE_NAT,RETENTION_PROBE,0.00,518.18,518.18,True,0,2.0,True,16,4,NONE
4915,1791484226850,RESTRICTIVE_NAT,RETENTION_PROBE,0.00,109.24,109.24,True,0,2.0,True,16,2,NONE
4916,1791484226850,RESTRICTIVE_NAT,RETENTION_PROBE,0.00,90.54,90.54,True,0,2.0,True,16,4,NONE
4917,1791484226850,RESTRICTIVE_NAT,RETENTION_PROBE,0.00,542.48,542.48,True,0,2.0,True,16,2,NONE
4918,1791484226850,RESTRICTIVE_NAT,RETENTION_PROBE,0.00,150.29,150.29,True,0,2.0,True,16,1,NONE
4919,1791484226850,RESTRICTIVE_NAT,RETENTION_PROBE,0.00,94.77,94.77,True,0,2.0,True,16,1,NONE
4920,1791484226850,RESTRICTIVE_NAT,RETENTION_PROBE,0.00,309.28,309.28,True,0,2.0,True,16,4,NONE
4921,1791484226850,RESTRICTIVE_NAT,RETENTION_PROBE,0.00,172.86,172.86,True,0,2.0,True,16,3,NONE
4922,1791484226850,RESTRICTIVE_NAT,RETENTION_PROBE,0.00,120.90,120.90,True,0,2.0,True,16,2,NONE
4923,1791484226850,RESTRICTIVE_NAT,RETENTION_PROBE,0.00,138.84,138.84,True,0,2.0,True,16,2,NONE
4924,1791484226850,RESTRICTIVE_NAT,RETENTION_PROBE,0.00,364.51,364.51,True,0,2.0,True,16,1,NONE
4925,1791484226850,RESTRICTIVE_NAT,RETENTION_PROBE,0.00,94.95,94.95,True,0,2.0,True,16,4,NONE
4926,1791484226850,RESTRICTIVE_NAT,RETENTION_PROBE,0.00,0.00,0.00,False,1,2.0,True,16,0,RETENTION_EXPIRED
4927,1791484226850,RESTRICTIVE_NAT,RETENTION_PROBE,0.00,81.48,81.48,True,0,2.0,True,16,3,NONE
4928,1791484226850,RESTRICTIVE_NAT,RETENTION_PROBE,0.00,630.06,630.06,True,0,2.0,True,16,3,NONE
4929,1791484226850,RESTRICTIVE_NAT,RETENTION_PROBE,0.00,82.78,82.78,True,0,2.0,True,16,4,NONE
4930,1791484226850,RESTRICTIVE_NAT,RETENTION_PROBE,0.00,112.38,112.38,True,0,2.0,True,16,4,NONE
4931,1791484226850,RESTRICTIVE_NAT,RETENTION_PROBE,0.00,471.29,471.29,True,0,2.0,True,16,3,NONE
4932,1791484226850,RESTRICTIVE_NAT,RETENTION_PROBE,0.00,58.50,58.50,True,0,2.0,True,16,2,NONE
4933,1791484226850,RESTRICTIVE_NAT,RETENTION_PROBE,0.00,146.24,146.24,True,0,2.0,True,16,3,NONE
4934,1791484226850,RESTRICTIVE_NAT,RETENTION_PROBE,0.00,125.51,125.51,True,0,2.0,True,16,1,NONE
4935,1791484226850,RESTRICTIVE_NAT,RETENTION_PROBE,0.00,517.52,517.52,True,0,2.0,True,16,3,NONE
4936,1791484226850,RESTRICTIVE_NAT,RETENTION_PROBE,0.00,91.31,91.31,True,0,2.0,True,16,1,NONE
4937,1791484226850,RESTRICTIVE_NAT,RETENTION_PROBE,0.00,141.55,141.55,True,0,2.0,True,16,4,NONE
4938,1791484226850,RESTRICTIVE_NAT,RETENTION_PROBE,0.00,159.17,159.17,True,0,2.0,True,16,1,NONE
4939,1791484226850,RESTRICTIVE_NAT,RETENTION_PROBE,0.00,475.71,475.71,True,0,2.0,True,16,4,NONE
4940,1791484226850,RESTRICTIVE_NAT,RETENTION_PROBE,0.00,136.76,136.76,True,0,2.0,True,16,1,NONE
4941,1791484226850,RESTRICTIVE_NAT,RETENTION_PROBE,0.00,174.97,174.97,True,0,2.0,True,16,3,NONE
4942,1791484226850,RESTRICTIVE_NAT,RETENTION_PROBE,0.00,143.79,143.79,True,0,2.0,True,16,3,NONE
4943,1791484226850,RESTRICTIVE_NAT,RETENTION_PROBE,0.00,62.02,62.02,True,0,2.0,True,16,4,NONE
4944,1791484226850,RESTRICTIVE_NAT,RETENTION_PROBE,0.00,737.72,737.72,True,0,2.0,True,16,3,NONE
4945,1791484226850,RESTRICTIVE_NAT,RETENTION_PROBE,0.00,76.12,76.12,True,0,2.0,True,16,4,NONE
4946,1791484226850,RESTRICTIVE_NAT,RETENTION_PROBE,0.00,103.17,103.17,True,0,2.0,True,16,1,NONE
4947,1791484226850,RESTRICTIVE_NAT,RETENTION_PROBE,0.00,53.96,53.96,True,0,2.0,True,16,3,NONE
4948,1791484226850,RESTRICTIVE_NAT,RETENTION_PROBE,0.00,136.77,136.77,True,0,2.0,True,16,3,NONE
4949,1791484226850,RESTRICTIVE_NAT,RETENTION_PROBE,0.00,121.88,121.88,True,0,2.0,True,16,4,NONE
4950,1791484226850,RESTRICTIVE_NAT,RETENTION_PROBE,0.00,557.16,557.16,True,0,2.0,True,16,0,NONE
4951,1791484226850,RESTRICTIVE_NAT,RETENTION_PROBE,0.00,78.52,78.52,True,0,2.0,True,16,4,NONE
4952,1791484226850,RESTRICTIVE_NAT,RETENTION_PROBE,0.00,63.74,63.74,True,0,2.0,True,16,2,NONE
4953,1791484226850,RESTRICTIVE_NAT,RETENTION_PROBE,0.00,544.08,544.08,True,0,2.0,True,16,3,NONE
4954,1791484226850,RESTRICTIVE_NAT,RETENTION_PROBE,0.00,153.40,153.40,True,0,2.0,True,16,3,NONE
4955,1791484226850,RESTRICTIVE_NAT,RETENTION_PROBE,0.00,89.63,89.63,True,0,2.0,True,16,3,NONE
4956,1791484226850,RESTRICTIVE_NAT,RETENTION_PROBE,0.00,64.43,64.43,True,0,2.0,True,16,3,NONE
4957,1791484226850,RESTRICTIVE_NAT,RETENTION_PROBE,0.00,158.71,158.71,True,0,2.0,True,16,3,NONE
4958,1791484226850,RESTRICTIVE_NAT,RETENTION_PROBE,0.00,52.74,52.74,True,0,2.0,True,16,1,NONE
4959,1791484226850,RESTRICTIVE_NAT,RETENTION_PROBE,0.00,0.00,0.00,False,1,2.0,True,16,0,RETENTION_EXPIRED
4960,1791484226850,RESTRICTIVE_NAT,RETENTION_PROBE,0.00,157.36,157.36,True,0,2.0,True,16,1,NONE
4961,1791484226850,RESTRICTIVE_NAT,RETENTION_PROBE,0.00,175.19,175.19,True,0,2.0,True,16,4,NONE
4962,1791484226850,RESTRICTIVE_NAT,RETENTION_PROBE,0.00,109.15,109.15,True,0,2.0,True,16,1,NONE
4963,1791484226850,RESTRICTIVE_NAT,RETENTION_PROBE,0.00,83.98,83.98,True,0,2.0,True,16,4,NONE
4964,1791484226850,RESTRICTIVE_NAT,RETENTION_PROBE,0.00,359.52,359.52,True,0,2.0,True,16,3,NONE
4965,1791484226850,RESTRICTIVE_NAT,RETENTION_PROBE,0.00,0.00,0.00,False,1,2.0,True,16,0,RETENTION_EXPIRED
4966,1791484226850,RESTRICTIVE_NAT,RETENTION_PROBE,0.00,448.67,448.67,True,0,2.0,True,16,1,NONE
4967,1791484226850,RESTRICTIVE_NAT,RETENTION_PROBE,0.00,53.49,53.49,True,0,2.0,True,16,2,NONE
4968,1791484226850,RESTRICTIVE_NAT,RETENTION_PROBE,0.00,119.58,119.58,True,0,2.0,True,16,3,NONE
4969,1791484226850,RESTRICTIVE_NAT,RETENTION_PROBE,0.00,137.21,137.21,True,0,2.0,True,16,4,NONE
4970,1791484226850,RESTRICTIVE_NAT,RETENTION_PROBE,0.00,76.55,76.55,True,0,2.0,True,16,4,NONE
4971,1791484226850,RESTRICTIVE_NAT,RETENTION_PROBE,0.00,104.09,104.09,True,0,2.0,True,16,3,NONE
4972,1791484226850,RESTRICTIVE_NAT,RETENTION_PROBE,0.00,114.93,114.93,True,0,2.0,True,16,1,NONE
4973,1791484226850,RESTRICTIVE_NAT,RETENTION_PROBE,0.00,146.47,146.47,True,0,2.0,True,16,4,NONE
4974,1791484226850,RESTRICTIVE_NAT,RETENTION_PROBE,0.00,137.60,137.60,True,0,2.0,True,16,2,NONE
4975,1791484226850,RESTRICTIVE_NAT,RETENTION_PROBE,0.00,148.79,148.79,True,0,2.0,True,16,1,NONE
4976,1791484226850,RESTRICTIVE_NAT,RETENTION_PROBE,0.00,0.00,0.00,False,1,2.0,True,16,0,RETENTION_EXPIRED
4977,1791484226850,RESTRICTIVE_NAT,RETENTION_PROBE,0.00,511.05,511.05,True,0,2.0,True,16,2,NONE
4978,1791484226850,RESTRICTIVE_NAT,RETENTION_PROBE,0.00,101.01,101.01,True,0,2.0,True,16,2,NONE
4979,1791484226850,RESTRICTIVE_NAT,RETENTION_PROBE,0.00,174.09,174.09,True,0,2.0,True,16,1,NONE
4980,1791484226850,RESTRICTIVE_NAT,RETENTION_PROBE,0.00,312.99,312.99,True,0,2.0,True,16,2,NONE
4981,1791484226850,RESTRICTIVE_NAT,RETENTION_PROBE,0.00,498.84,498.84,True,0,2.0,True,16,2,NONE
4982,1791484226850,RESTRICTIVE_NAT,RETENTION_PROBE,0.00,448.14,448.14,True,0,2.0,True,16,2,NONE
4983,1791484226850,RESTRICTIVE_NAT,RETENTION_PROBE,0.00,89.58,89.58,True,0,2.0,True,16,2,NONE
4984,1791484226850,RESTRICTIVE_NAT,RETENTION_PROBE,0.00,100.61,100.61,True,0,2.0,True,16,2,NONE
4985,1791484226850,RESTRICTIVE_NAT,RETENTION_PROBE,0.00,55.73,55.73,True,0,2.0,True,16,3,NONE
4986,1791484226850,RESTRICTIVE_NAT,RETENTION_PROBE,0.00,562.55,562.55,True,0,2.0,True,16,0,NONE
4987,1791484226850,RESTRICTIVE_NAT,RETENTION_PROBE,0.00,832.93,832.93,True,0,2.0,True,16,1,NONE
4988,1791484226850,RESTRICTIVE_NAT,RETENTION_PROBE,0.00,328.12,328.12,True,0,2.0,True,16,4,NONE
4989,1791484226850,RESTRICTIVE_NAT,RETENTION_PROBE,0.00,73.50,73.50,True,0,2.0,True,16,3,NONE
4990,1791484226850,RESTRICTIVE_NAT,RETENTION_PROBE,0.00,159.74,159.74,True,0,2.0,True,16,3,NONE
4991,1791484226850,RESTRICTIVE_NAT,RETENTION_PROBE,0.00,85.85,85.85,True,0,2.0,True,16,4,NONE
4992,1791484226850,RESTRICTIVE_NAT,RETENTION_PROBE,0.00,138.39,138.39,True,0,2.0,True,16,4,NONE
4993,1791484226850,WIFI,RETENTION_PROBE,0.00,0.00,0.00,False,1,6.0,False,16,0,RETENTION_EXPIRED
4994,1791484226850,WIFI,RETENTION_PROBE,0.00,0.00,0.00,False,1,6.0,False,16,0,RETENTION_EXPIRED
4995,1791484226850,WIFI,RETENTION_PROBE,0.00,0.00,0.00,False,1,6.0,False,16,0,RETENTION_EXPIRED
4996,1791484226850,WIFI,RETENTION_PROBE,0.00,0.00,0.00,False,1,6.0,False,16,0,RETENTION_EXPIRED
4997,1791484226850,WIFI,RETENTION_PROBE,0.00,0.00,0.00,False,1,6.0,False,16,0,RETENTION_EXPIRED
4998,1791484226850,WIFI,RETENTION_PROBE,0.00,0.00,0.00,False,1,6.0,False,16,0,RETENTION_EXPIRED
4999,1791484226850,WIFI,RETENTION_PROBE,0.00,0.00,0.00,False,1,6.0,False,16,0,RETENTION_EXPIRED
5000,1791484226850,WIFI,RETENTION_PROBE,0.00,31.73,31.73,True,0,6.0,False,16,2,NONE
5001,1791484226850,WIFI,RETENTION_PROBE,0.00,0.00,0.00,False,1,6.0,False,16,0,RETENTION_EXPIRED
5002,1791484226850,WIFI,RETENTION_PROBE,0.00,0.00,0.00,False,1,6.0,False,16,0,RETENTION_EXPIRED
5003,1791484226850,WIFI,RETENTION_PROBE,0.00,0.00,0.00,False,1,6.0,False,16,0,RETENTION_EXPIRED
5004,1791484226850,WIFI,RETENTION_PROBE,0.00,0.00,0.00,False,1,6.0,False,16,0,RETENTION_EXPIRED
5005,1791484226850,WIFI,RETENTION_PROBE,0.00,0.00,0.00,False,1,6.0,False,16,0,RETENTION_EXPIRED
5006,1791484226850,WIFI,RETENTION_PROBE,0.00,0.00,0.00,False,1,6.0,False,16,0,RETENTION_EXPIRED
5007,1791484226850,WIFI,RETENTION_PROBE,0.00,0.00,0.00,False,1,6.0,False,16,0,RETENTION_EXPIRED
5008,1791484226850,WIFI,RETENTION_PROBE,0.00,0.00,0.00,False,1,6.0,False,16,0,RETENTION_EXPIRED
5009,1791484226850,WIFI,RETENTION_PROBE,0.00,0.00,0.00,False,1,6.0,False,16,0,RETENTION_EXPIRED
5010,1791484226850,WIFI,RETENTION_PROBE,0.00,0.00,0.00,False,1,6.0,False,16,0,RETENTION_EXPIRED
5011,1791484226850,WIFI,RETENTION_PROBE,0.00,0.00,0.00,False,1,6.0,False,16,0,RETENTION_EXPIRED
5012,1791484226850,WIFI,RETENTION_PROBE,0.00,0.00,0.00,False,1,6.0,False,16,0,RETENTION_EXPIRED
5013,1791484226850,WIFI,RETENTION_PROBE,0.00,0.00,0.00,False,1,6.0,False,16,0,RETENTION_EXPIRED
5014,1791484226850,WIFI,RETENTION_PROBE,0.00,0.00,0.00,False,1,6.0,False,16,0,RETENTION_EXPIRED
5015,1791484226850,WIFI,RETENTION_PROBE,0.00,0.00,0.00,False,1,6.0,False,16,0,RETENTION_EXPIRED
5016,1791484226850,WIFI,RETENTION_PROBE,0.00,0.00,0.00,False,1,6.0,False,16,0,RETENTION_EXPIRED
5017,1791484226850,WIFI,RETENTION_PROBE,0.00,0.00,0.00,False,1,6.0,False,16,0,RETENTION_EXPIRED
5018,1791484226850,WIFI,RETENTION_PROBE,0.00,0.00,0.00,False,1,6.0,False,16,0,RETENTION_EXPIRED
5019,1791484226850,WIFI,RETENTION_PROBE,0.00,0.00,0.00,False,1,6.0,False,16,0,RETENTION_EXPIRED
5020,1791484226850,WIFI,RETENTION_PROBE,0.00,0.00,0.00,False,1,6.0,False,16,0,RETENTION_EXPIRED
5021,1791484226850,WIFI,RETENTION_PROBE,0.00,0.00,0.00,False,1,6.0,False,16,0,RETENTION_EXPIRED
5022,1791484226850,WIFI,RETENTION_PROBE,0.00,0.00,0.00,False,1,6.0,False,16,0,RETENTION_EXPIRED
5023,1791484226850,WIFI,RETENTION_PROBE,0.00,0.00,0.00,False,1,6.0,False,16,0,RETENTION_EXPIRED
5024,1791484226850,WIFI,RETENTION_PROBE,0.00,0.00,0.00,False,1,6.0,False,16,0,RETENTION_EXPIRED
5025,1791484226850,WIFI,RETENTION_PROBE,0.00,0.00,0.00,False,1,6.0,False,16,0,RETENTION_EXPIRED
5026,1791484226850,WIFI,RETENTION_PROBE,0.00,0.00,0.00,False,1,6.0,False,16,0,RETENTION_EXPIRED
5027,1791484226850,WIFI,RETENTION_PROBE,0.00,0.00,0.00,False,1,6.0,False,16,0,RETENTION_EXPIRED
5028,1791484226850,WIFI,RETENTION_PROBE,0.00,0.00,0.00,False,1,6.0,False,16,0,RETENTION_EXPIRED
5029,1791484226850,WIFI,RETENTION_PROBE,0.00,0.00,0.00,False,1,6.0,False,16,0,RETENTION_EXPIRED
5030,1791484226850,WIFI,RETENTION_PROBE,0.00,0.00,0.00,False,1,6.0,False,16,0,RETENTION_EXPIRED
5031,1791484226850,WIFI,RETENTION_PROBE,0.00,0.00,0.00,False,1,6.0,False,16,0,RETENTION_EXPIRED
5032,1791484226850,WIFI,RETENTION_PROBE,0.00,0.00,0.00,False,1,6.0,False,16,0,RETENTION_EXPIRED
5033,1791484226850,WIFI,RETENTION_PROBE,0.00,0.00,0.00,False,1,6.0,False,16,0,RETENTION_EXPIRED
5034,1791484226850,WIFI,RETENTION_PROBE,0.00,0.00,0.00,False,1,6.0,False,16,0,RETENTION_EXPIRED
5035,1791484226850,WIFI,RETENTION_PROBE,0.00,0.00,0.00,False,1,6.0,False,16,0,RETENTION_EXPIRED
5036,1791484226850,WIFI,RETENTION_PROBE,0.00,0.00,0.00,False,1,6.0,False,16,0,RETENTION_EXPIRED
5037,1791484226850,WIFI,RETENTION_PROBE,0.00,0.00,0.00,False,1,6.0,False,16,0,RETENTION_EXPIRED
5038,1791484226850,WIFI,RETENTION_PROBE,0.00,0.00,0.00,False,1,6.0,False,16,0,RETENTION_EXPIRED
5039,1791484226850,WIFI,RETENTION_PROBE,0.00,35.60,35.60,True,0,6.0,False,16,2,NONE
5040,1791484226850,WIFI,RETENTION_PROBE,0.00,0.00,0.00,False,1,6.0,False,16,0,RETENTION_EXPIRED
5041,1791484226850,WIFI,RETENTION_PROBE,0.00,0.00,0.00,False,1,6.0,False,16,0,RETENTION_EXPIRED
5042,1791484226850,WIFI,RETENTION_PROBE,0.00,0.00,0.00,False,1,6.0,False,16,0,RETENTION_EXPIRED
5043,1791484226850,WIFI,RETENTION_PROBE,0.00,0.00,0.00,False,1,6.0,False,16,0,RETENTION_EXPIRED
5044,1791484226850,WIFI,RETENTION_PROBE,0.00,0.00,0.00,False,1,6.0,False,16,0,RETENTION_EXPIRED
5045,1791484226850,WIFI,RETENTION_PROBE,0.00,0.00,0.00,False,1,6.0,False,16,0,RETENTION_EXPIRED
5046,1791484226850,WIFI,RETENTION_PROBE,0.00,0.00,0.00,False,1,6.0,False,16,0,RETENTION_EXPIRED
5047,1791484226850,WIFI,RETENTION_PROBE,0.00,0.00,0.00,False,1,6.0,False,16,0,RETENTION_EXPIRED
5048,1791484226850,WIFI,RETENTION_PROBE,0.00,0.00,0.00,False,1,6.0,False,16,0,RETENTION_EXPIRED
5049,1791484226850,WIFI,RETENTION_PROBE,0.00,0.00,0.00,False,1,6.0,False,16,0,RETENTION_EXPIRED
5050,1791484226850,WIFI,RETENTION_PROBE,0.00,0.00,0.00,False,1,6.0,False,16,0,RETENTION_EXPIRED
5051,1791484226850,WIFI,RETENTION_PROBE,0.00,0.00,0.00,False,1,6.0,False,16,0,RETENTION_EXPIRED
5052,1791484226850,WIFI,RETENTION_PROBE,0.00,0.00,0.00,False,1,6.0,False,16,0,RETENTION_EXPIRED
5053,1791484226850,WIFI,RETENTION_PROBE,0.00,0.00,0.00,False,1,6.0,False,16,0,RETENTION_EXPIRED
5054,1791484226850,WIFI,RETENTION_PROBE,0.00,0.00,0.00,False,1,6.0,False,16,0,RETENTION_EXPIRED
5055,1791484226850,WIFI,RETENTION_PROBE,0.00,0.00,0.00,False,1,6.0,False,16,0,RETENTION_EXPIRED
5056,1791484226850,WIFI,RETENTION_PROBE,0.00,0.00,0.00,False,1,6.0,False,16,0,RETENTION_EXPIRED
5057,1791484226850,WIFI,RETENTION_PROBE,0.00,0.00,0.00,False,1,6.0,False,16,0,RETENTION_EXPIRED
5058,1791484226850,WIFI,RETENTION_PROBE,0.00,0.00,0.00,False,1,6.0,False,16,0,RETENTION_EXPIRED
5059,1791484226850,WIFI,RETENTION_PROBE,0.00,0.00,0.00,False,1,6.0,False,16,0,RETENTION_EXPIRED
5060,1791484226850,WIFI,RETENTION_PROBE,0.00,0.00,0.00,False,1,6.0,False,16,0,RETENTION_EXPIRED
5061,1791484226850,WIFI,RETENTION_PROBE,0.00,0.00,0.00,False,1,6.0,False,16,0,RETENTION_EXPIRED
5062,1791484226850,WIFI,RETENTION_PROBE,0.00,0.00,0.00,False,1,6.0,False,16,0,RETENTION_EXPIRED
5063,1791484226850,WIFI,RETENTION_PROBE,0.00,0.00,0.00,False,1,6.0,False,16,0,RETENTION_EXPIRED
5064,1791484226850,WIFI,RETENTION_PROBE,0.00,0.00,0.00,False,1,6.0,False,16,0,RETENTION_EXPIRED
5065,1791484226850,WIFI,RETENTION_PROBE,0.00,0.00,0.00,False,1,6.0,False,16,0,RETENTION_EXPIRED
5066,1791484226850,WIFI,RETENTION_PROBE,0.00,0.00,0.00,False,1,6.0,False,16,0,RETENTION_EXPIRED
5067,1791484226850,WIFI,RETENTION_PROBE,0.00,0.00,0.00,False,1,6.0,False,16,0,RETENTION_EXPIRED
5068,1791484226850,WIFI,RETENTION_PROBE,0.00,0.00,0.00,False,1,6.0,False,16,0,RETENTION_EXPIRED
5069,1791484226850,WIFI,RETENTION_PROBE,0.00,0.00,0.00,False,1,6.0,False,16,0,RETENTION_EXPIRED
5070,1791484226850,WIFI,RETENTION_PROBE,0.00,0.00,0.00,False,1,6.0,False,16,0,RETENTION_EXPIRED
5071,1791484226850,WIFI,RETENTION_PROBE,0.00,0.00,0.00,False,1,6.0,False,16,0,RETENTION_EXPIRED
5072,1791484226850,WIFI,RETENTION_PROBE,0.00,31.63,31.63,True,0,6.0,False,16,4,NONE
5073,1791484226850,WIFI,RETENTION_PROBE,0.00,0.00,0.00,False,1,6.0,False,16,0,RETENTION_EXPIRED
5074,1791484226850,WIFI,RETENTION_PROBE,0.00,0.00,0.00,False,1,6.0,False,16,0,RETENTION_EXPIRED
5075,1791484226850,WIFI,RETENTION_PROBE,0.00,0.00,0.00,False,1,6.0,False,16,0,RETENTION_EXPIRED
5076,1791484226850,WIFI,RETENTION_PROBE,0.00,0.00,0.00,False,1,6.0,False,16,0,RETENTION_EXPIRED
5077,1791484226850,WIFI,RETENTION_PROBE,0.00,0.00,0.00,False,1,6.0,False,16,0,RETENTION_EXPIRED
5078,1791484226850,WIFI,RETENTION_PROBE,0.00,0.00,0.00,False,1,6.0,False,16,0,RETENTION_EXPIRED
5079,1791484226850,WIFI,RETENTION_PROBE,0.00,0.00,0.00,False,1,6.0,False,16,0,RETENTION_EXPIRED
5080,1791484226850,WIFI,RETENTION_PROBE,0.00,0.00,0.00,False,1,6.0,False,16,0,RETENTION_EXPIRED
5081,1791484226850,WIFI,RETENTION_PROBE,0.00,0.00,0.00,False,1,6.0,False,16,0,RETENTION_EXPIRED
5082,1791484226850,WIFI,RETENTION_PROBE,0.00,0.00,0.00,False,1,6.0,False,16,0,RETENTION_EXPIRED
5083,1791484226850,WIFI,RETENTION_PROBE,0.00,0.00,0.00,False,1,6.0,False,16,0,RETENTION_EXPIRED
5084,1791484226850,WIFI,RETENTION_PROBE,0.00,0.00,0.00,False,1,6.0,False,16,0,RETENTION_EXPIRED
5085,1791484226850,WIFI,RETENTION_PROBE,0.00,0.00,0.00,False,1,6.0,False,16,0,RETENTION_EXPIRED
5086,1791484226850,WIFI,RETENTION_PROBE,0.00,19.71,19.71,True,0,6.0,False,16,4,NONE
5087,1791484226850,WIFI,RETENTION_PROBE,0.00,0.00,0.00,False,1,6.0,False,16,0,RETENTION_EXPIRED
5088,1791484226850,WIFI,RETENTION_PROBE,0.00,0.00,0.00,False,1,6.0,False,16,0,RETENTION_EXPIRED
5089,1791484226850,WIFI,RETENTION_PROBE,0.00,0.00,0.00,False,1,6.0,False,16,0,RETENTION_EXPIRED
5090,1791484226850,WIFI,RETENTION_PROBE,0.00,0.00,0.00,False,1,6.0,False,16,0,RETENTION_EXPIRED
5091,1791484226850,WIFI,RETENTION_PROBE,0.00,0.00,0.00,False,1,6.0,False,16,0,RETENTION_EXPIRED
5092,1791484226850,WIFI,RETENTION_PROBE,0.00,0.00,0.00,False,1,6.0,False,16,0,RETENTION_EXPIRED
5093,1791484226850,WIFI,RETENTION_PROBE,0.00,0.00,0.00,False,1,6.0,False,16,0,RETENTION_EXPIRED
5094,1791484226850,WIFI,RETENTION_PROBE,0.00,0.00,0.00,False,1,6.0,False,16,0,RETENTION_EXPIRED
5095,1791484226850,WIFI,RETENTION_PROBE,0.00,0.00,0.00,False,1,6.0,False,16,0,RETENTION_EXPIRED
5096,1791484226850,WIFI,RETENTION_PROBE,0.00,0.00,0.00,False,1,6.0,False,16,0,RETENTION_EXPIRED
5097,1791484226850,WIFI,RETENTION_PROBE,0.00,0.00,0.00,False,1,6.0,False,16,0,RETENTION_EXPIRED
5098,1791484226850,WIFI,RETENTION_PROBE,0.00,0.00,0.00,False,1,6.0,False,16,0,RETENTION_EXPIRED
5099,1791484226850,WIFI,RETENTION_PROBE,0.00,0.00,0.00,False,1,6.0,False,16,0,RETENTION_EXPIRED
5100,1791484226850,WIFI,RETENTION_PROBE,0.00,0.00,0.00,False,1,6.0,False,16,0,RETENTION_EXPIRED
5101,1791484226850,WIFI,RETENTION_PROBE,0.00,0.00,0.00,False,1,6.0,False,16,0,RETENTION_EXPIRED
5102,1791484226850,WIFI,RETENTION_PROBE,0.00,0.00,0.00,False,1,6.0,False,16,0,RETENTION_EXPIRED
5103,1791484226850,WIFI,RETENTION_PROBE,0.00,0.00,0.00,False,1,6.0,False,16,0,RETENTION_EXPIRED
5104,1791484226850,WIFI,RETENTION_PROBE,0.00,0.00,0.00,False,1,6.0,False,16,0,RETENTION_EXPIRED
5105,1791484226850,WIFI,RETENTION_PROBE,0.00,28.73,28.73,True,0,6.0,False,16,4,NONE
5106,1791484226850,WIFI,RETENTION_PROBE,0.00,0.00,0.00,False,1,6.0,False,16,0,RETENTION_EXPIRED
5107,1791484226850,WIFI,RETENTION_PROBE,0.00,0.00,0.00,False,1,6.0,False,16,0,RETENTION_EXPIRED
5108,1791484226850,WIFI,RETENTION_PROBE,0.00,28.88,28.88,True,0,6.0,False,16,2,NONE
5109,1791484226850,WIFI,RETENTION_PROBE,0.00,0.00,0.00,False,1,6.0,False,16,0,RETENTION_EXPIRED
5110,1791484226850,WIFI,RETENTION_PROBE,0.00,0.00,0.00,False,1,6.0,False,16,0,RETENTION_EXPIRED
5111,1791484226850,WIFI,RETENTION_PROBE,0.00,0.00,0.00,False,1,6.0,False,16,0,RETENTION_EXPIRED
5112,1791484226850,WIFI,RETENTION_PROBE,0.00,0.00,0.00,False,1,6.0,False,16,0,RETENTION_EXPIRED
5113,1791484226850,WIFI,RETENTION_PROBE,0.00,0.00,0.00,False,1,6.0,False,16,0,RETENTION_EXPIRED
5114,1791484226850,WIFI,RETENTION_PROBE,0.00,0.00,0.00,False,1,6.0,False,16,0,RETENTION_EXPIRED
5115,1791484226850,WIFI,RETENTION_PROBE,0.00,0.00,0.00,False,1,6.0,False,16,0,RETENTION_EXPIRED
5116,1791484226850,WIFI,RETENTION_PROBE,0.00,0.00,0.00,False,1,6.0,False,16,0,RETENTION_EXPIRED
5117,1791484226850,WIFI,RETENTION_PROBE,0.00,0.00,0.00,False,1,6.0,False,16,0,RETENTION_EXPIRED
5118,1791484226850,WIFI,RETENTION_PROBE,0.00,0.00,0.00,False,1,6.0,False,16,0,RETENTION_EXPIRED
5119,1791484226850,WIFI,RETENTION_PROBE,0.00,0.00,0.00,False,1,6.0,False,16,0,RETENTION_EXPIRED
5120,1791484226850,WIFI,RETENTION_PROBE,0.00,0.00,0.00,False,1,6.0,False,16,0,RETENTION_EXPIRED
5121,1791484226850,WIFI,RETENTION_PROBE,0.00,0.00,0.00,False,1,6.0,False,16,0,RETENTION_EXPIRED
5122,1791484226850,WIFI,RETENTION_PROBE,0.00,0.00,0.00,False,1,6.0,False,16,0,RETENTION_EXPIRED
5123,1791484226850,WIFI,RETENTION_PROBE,0.00,0.00,0.00,False,1,6.0,False,16,0,RETENTION_EXPIRED
5124,1791484226850,WIFI,RETENTION_PROBE,0.00,0.00,0.00,False,1,6.0,False,16,0,RETENTION_EXPIRED
5125,1791484226850,WIFI,RETENTION_PROBE,0.00,0.00,0.00,False,1,6.0,False,16,0,RETENTION_EXPIRED
5126,1791484226850,WIFI,RETENTION_PROBE,0.00,0.00,0.00,False,1,6.0,False,16,0,RETENTION_EXPIRED
5127,1791484226850,WIFI,RETENTION_PROBE,0.00,0.00,0.00,False,1,6.0,False,16,0,RETENTION_EXPIRED
5128,1791484226850,WIFI,RETENTION_PROBE,0.00,0.00,0.00,False,1,6.0,False,16,0,RETENTION_EXPIRED
5129,1791484226850,WIFI,RETENTION_PROBE,0.00,0.00,0.00,False,1,6.0,False,16,0,RETENTION_EXPIRED
5130,1791484226850,WIFI,RETENTION_PROBE,0.00,0.00,0.00,False,1,6.0,False,16,0,RETENTION_EXPIRED
5131,1791484226850,WIFI,RETENTION_PROBE,0.00,0.00,0.00,False,1,6.0,False,16,0,RETENTION_EXPIRED
5132,1791484226850,WIFI,RETENTION_PROBE,0.00,0.00,0.00,False,1,6.0,False,16,0,RETENTION_EXPIRED
5133,1791484226850,WIFI,RETENTION_PROBE,0.00,0.00,0.00,False,1,6.0,False,16,0,RETENTION_EXPIRED
5134,1791484226850,WIFI,RETENTION_PROBE,0.00,0.00,0.00,False,1,6.0,False,16,0,RETENTION_EXPIRED
5135,1791484226850,WIFI,RETENTION_PROBE,0.00,0.00,0.00,False,1,6.0,False,16,0,RETENTION_EXPIRED
5136,1791484226850,WIFI,RETENTION_PROBE,0.00,0.00,0.00,False,1,6.0,False,16,0,RETENTION_EXPIRED
5137,1791484226850,WIFI,RETENTION_PROBE,0.00,0.00,0.00,False,1,6.0,False,16,0,RETENTION_EXPIRED
5138,1791484226850,WIFI,RETENTION_PROBE,0.00,0.00,0.00,False,1,6.0,False,16,0,RETENTION_EXPIRED
5139,1791484226850,WIFI,RETENTION_PROBE,0.00,0.00,0.00,False,1,6.0,False,16,0,RETENTION_EXPIRED
5140,1791484226850,WIFI,RETENTION_PROBE,0.00,0.00,0.00,False,1,6.0,False,16,0,RETENTION_EXPIRED
5141,1791484226850,WIFI,RETENTION_PROBE,0.00,0.00,0.00,False,1,6.0,False,16,0,RETENTION_EXPIRED
5142,1791484226850,WIFI,RETENTION_PROBE,0.00,0.00,0.00,False,1,6.0,False,16,0,RETENTION_EXPIRED
5143,1791484226850,WIFI,RETENTION_PROBE,0.00,0.00,0.00,False,1,6.0,False,16,0,RETENTION_EXPIRED
5144,1791484226850,WIFI,RETENTION_PROBE,0.00,0.00,0.00,False,1,6.0,False,16,0,RETENTION_EXPIRED
5145,1791484226850,WIFI,RETENTION_PROBE,0.00,0.00,0.00,False,1,6.0,False,16,0,RETENTION_EXPIRED
5146,1791484226850,WIFI,RETENTION_PROBE,0.00,0.00,0.00,False,1,6.0,False,16,0,RETENTION_EXPIRED
5147,1791484226850,WIFI,RETENTION_PROBE,0.00,0.00,0.00,False,1,6.0,False,16,0,RETENTION_EXPIRED
5148,1791484226850,WIFI,RETENTION_PROBE,0.00,0.00,0.00,False,1,6.0,False,16,0,RETENTION_EXPIRED
5149,1791484226850,WIFI,RETENTION_PROBE,0.00,0.00,0.00,False,1,6.0,False,16,0,RETENTION_EXPIRED
5150,1791484226850,WIFI,RETENTION_PROBE,0.00,0.00,0.00,False,1,6.0,False,16,0,RETENTION_EXPIRED
5151,1791484226850,WIFI,RETENTION_PROBE,0.00,0.00,0.00,False,1,6.0,False,16,0,RETENTION_EXPIRED
5152,1791484226850,WIFI,RETENTION_PROBE,0.00,0.00,0.00,False,1,6.0,False,16,0,RETENTION_EXPIRED
5153,1791484226850,WIFI,RETENTION_PROBE,0.00,0.00,0.00,False,1,6.0,False,16,0,RETENTION_EXPIRED
5154,1791484226850,WIFI,RETENTION_PROBE,0.00,0.00,0.00,False,1,6.0,False,16,0,RETENTION_EXPIRED
5155,1791484226850,WIFI,RETENTION_PROBE,0.00,0.00,0.00,False,1,6.0,False,16,0,RETENTION_EXPIRED
5156,1791484226850,WIFI,RETENTION_PROBE,0.00,0.00,0.00,False,1,6.0,False,16,0,RETENTION_EXPIRED
5157,1791484226850,WIFI,RETENTION_PROBE,0.00,0.00,0.00,False,1,6.0,False,16,0,RETENTION_EXPIRED
5158,1791484226850,WIFI,RETENTION_PROBE,0.00,0.00,0.00,False,1,6.0,False,16,0,RETENTION_EXPIRED
5159,1791484226850,LTE,RETENTION_PROBE,0.00,0.00,0.00,False,1,6.0,False,16,0,RETENTION_EXPIRED
5160,1791484226850,LTE,RETENTION_PROBE,0.00,0.00,0.00,False,1,6.0,False,16,0,RETENTION_EXPIRED
5161,1791484226850,LTE,RETENTION_PROBE,0.00,0.00,0.00,False,1,6.0,False,16,0,RETENTION_EXPIRED
5162,1791484226850,LTE,RETENTION_PROBE,0.00,0.00,0.00,False,1,6.0,False,16,0,RETENTION_EXPIRED
5163,1791484226850,LTE,RETENTION_PROBE,0.00,0.00,0.00,False,1,6.0,False,16,0,RETENTION_EXPIRED
5164,1791484226850,LTE,RETENTION_PROBE,0.00,0.00,0.00,False,1,6.0,False,16,0,RETENTION_EXPIRED
5165,1791484226850,LTE,RETENTION_PROBE,0.00,0.00,0.00,False,1,6.0,False,16,0,RETENTION_EXPIRED
5166,1791484226850,LTE,RETENTION_PROBE,0.00,0.00,0.00,False,1,6.0,False,16,0,RETENTION_EXPIRED
5167,1791484226850,LTE,RETENTION_PROBE,0.00,0.00,0.00,False,1,6.0,False,16,0,RETENTION_EXPIRED
5168,1791484226850,LTE,RETENTION_PROBE,0.00,0.00,0.00,False,1,6.0,False,16,0,RETENTION_EXPIRED
5169,1791484226850,LTE,RETENTION_PROBE,0.00,0.00,0.00,False,1,6.0,False,16,0,RETENTION_EXPIRED
5170,1791484226850,LTE,RETENTION_PROBE,0.00,0.00,0.00,False,1,6.0,False,16,0,RETENTION_EXPIRED
5171,1791484226850,LTE,RETENTION_PROBE,0.00,0.00,0.00,False,1,6.0,False,16,0,RETENTION_EXPIRED
5172,1791484226850,LTE,RETENTION_PROBE,0.00,0.00,0.00,False,1,6.0,False,16,0,RETENTION_EXPIRED
5173,1791484226850,LTE,RETENTION_PROBE,0.00,91.22,91.22,True,0,6.0,False,16,3,NONE
5174,1791484226850,LTE,RETENTION_PROBE,0.00,0.00,0.00,False,1,6.0,False,16,0,RETENTION_EXPIRED
5175,1791484226850,LTE,RETENTION_PROBE,0.00,0.00,0.00,False,1,6.0,False,16,0,RETENTION_EXPIRED
5176,1791484226850,LTE,RETENTION_PROBE,0.00,0.00,0.00,False,1,6.0,False,16,0,RETENTION_EXPIRED
5177,1791484226850,LTE,RETENTION_PROBE,0.00,0.00,0.00,False,1,6.0,False,16,0,RETENTION_EXPIRED
5178,1791484226850,LTE,RETENTION_PROBE,0.00,0.00,0.00,False,1,6.0,False,16,0,RETENTION_EXPIRED
5179,1791484226850,LTE,RETENTION_PROBE,0.00,0.00,0.00,False,1,6.0,False,16,0,RETENTION_EXPIRED
5180,1791484226850,LTE,RETENTION_PROBE,0.00,0.00,0.00,False,1,6.0,False,16,0,RETENTION_EXPIRED
5181,1791484226850,LTE,RETENTION_PROBE,0.00,0.00,0.00,False,1,6.0,False,16,0,RETENTION_EXPIRED
5182,1791484226850,LTE,RETENTION_PROBE,0.00,0.00,0.00,False,1,6.0,False,16,0,RETENTION_EXPIRED
5183,1791484226850,LTE,RETENTION_PROBE,0.00,0.00,0.00,False,1,6.0,False,16,0,RETENTION_EXPIRED
5184,1791484226850,LTE,RETENTION_PROBE,0.00,0.00,0.00,False,1,6.0,False,16,0,RETENTION_EXPIRED
5185,1791484226850,LTE,RETENTION_PROBE,0.00,0.00,0.00,False,1,6.0,False,16,0,RETENTION_EXPIRED
5186,1791484226850,LTE,RETENTION_PROBE,0.00,0.00,0.00,False,1,6.0,False,16,0,RETENTION_EXPIRED
5187,1791484226850,LTE,RETENTION_PROBE,0.00,0.00,0.00,False,1,6.0,False,16,0,RETENTION_EXPIRED
5188,1791484226850,LTE,RETENTION_PROBE,0.00,0.00,0.00,False,1,6.0,False,16,0,RETENTION_EXPIRED
5189,1791484226850,LTE,RETENTION_PROBE,0.00,0.00,0.00,False,1,6.0,False,16,0,RETENTION_EXPIRED
5190,1791484226850,LTE,RETENTION_PROBE,0.00,0.00,0.00,False,1,6.0,False,16,0,RETENTION_EXPIRED
5191,1791484226850,LTE,RETENTION_PROBE,0.00,0.00,0.00,False,1,6.0,False,16,0,RETENTION_EXPIRED
5192,1791484226850,LTE,RETENTION_PROBE,0.00,0.00,0.00,False,1,6.0,False,16,0,RETENTION_EXPIRED
5193,1791484226850,LTE,RETENTION_PROBE,0.00,0.00,0.00,False,1,6.0,False,16,0,RETENTION_EXPIRED
5194,1791484226850,LTE,RETENTION_PROBE,0.00,57.36,57.36,True,0,6.0,False,16,3,NONE
5195,1791484226850,LTE,RETENTION_PROBE,0.00,0.00,0.00,False,1,6.0,False,16,0,RETENTION_EXPIRED
5196,1791484226850,LTE,RETENTION_PROBE,0.00,0.00,0.00,False,1,6.0,False,16,0,RETENTION_EXPIRED
5197,1791484226850,LTE,RETENTION_PROBE,0.00,0.00,0.00,False,1,6.0,False,16,0,RETENTION_EXPIRED
5198,1791484226850,LTE,RETENTION_PROBE,0.00,0.00,0.00,False,1,6.0,False,16,0,RETENTION_EXPIRED
5199,1791484226850,LTE,RETENTION_PROBE,0.00,0.00,0.00,False,1,6.0,False,16,0,RETENTION_EXPIRED
5200,1791484226850,LTE,RETENTION_PROBE,0.00,0.00,0.00,False,1,6.0,False,16,0,RETENTION_EXPIRED
5201,1791484226850,LTE,RETENTION_PROBE,0.00,0.00,0.00,False,1,6.0,False,16,0,RETENTION_EXPIRED
5202,1791484226850,LTE,RETENTION_PROBE,0.00,0.00,0.00,False,1,6.0,False,16,0,RETENTION_EXPIRED
5203,1791484226850,LTE,RETENTION_PROBE,0.00,72.38,72.38,True,0,6.0,False,16,2,NONE
5204,1791484226850,LTE,RETENTION_PROBE,0.00,0.00,0.00,False,1,6.0,False,16,0,RETENTION_EXPIRED
5205,1791484226850,LTE,RETENTION_PROBE,0.00,0.00,0.00,False,1,6.0,False,16,0,RETENTION_EXPIRED
5206,1791484226850,LTE,RETENTION_PROBE,0.00,0.00,0.00,False,1,6.0,False,16,0,RETENTION_EXPIRED
5207,1791484226850,LTE,RETENTION_PROBE,0.00,0.00,0.00,False,1,6.0,False,16,0,RETENTION_EXPIRED
5208,1791484226850,LTE,RETENTION_PROBE,0.00,0.00,0.00,False,1,6.0,False,16,0,RETENTION_EXPIRED
5209,1791484226850,LTE,RETENTION_PROBE,0.00,0.00,0.00,False,1,6.0,False,16,0,RETENTION_EXPIRED
5210,1791484226850,LTE,RETENTION_PROBE,0.00,0.00,0.00,False,1,6.0,False,16,0,RETENTION_EXPIRED
5211,1791484226850,LTE,RETENTION_PROBE,0.00,0.00,0.00,False,1,6.0,False,16,0,RETENTION_EXPIRED
5212,1791484226850,LTE,RETENTION_PROBE,0.00,0.00,0.00,False,1,6.0,False,16,0,RETENTION_EXPIRED
5213,1791484226850,LTE,RETENTION_PROBE,0.00,0.00,0.00,False,1,6.0,False,16,0,RETENTION_EXPIRED
5214,1791484226850,LTE,RETENTION_PROBE,0.00,0.00,0.00,False,1,6.0,False,16,0,RETENTION_EXPIRED
5215,1791484226850,LTE,RETENTION_PROBE,0.00,0.00,0.00,False,1,6.0,False,16,0,RETENTION_EXPIRED
5216,1791484226850,LTE,RETENTION_PROBE,0.00,0.00,0.00,False,1,6.0,False,16,0,RETENTION_EXPIRED
5217,1791484226850,LTE,RETENTION_PROBE,0.00,0.00,0.00,False,1,6.0,False,16,0,RETENTION_EXPIRED
5218,1791484226850,LTE,RETENTION_PROBE,0.00,0.00,0.00,False,1,6.0,False,16,0,RETENTION_EXPIRED
5219,1791484226850,LTE,RETENTION_PROBE,0.00,0.00,0.00,False,1,6.0,False,16,0,RETENTION_EXPIRED
5220,1791484226850,LTE,RETENTION_PROBE,0.00,0.00,0.00,False,1,6.0,False,16,0,RETENTION_EXPIRED
5221,1791484226850,LTE,RETENTION_PROBE,0.00,0.00,0.00,False,1,6.0,False,16,0,RETENTION_EXPIRED
5222,1791484226850,LTE,RETENTION_PROBE,0.00,0.00,0.00,False,1,6.0,False,16,0,RETENTION_EXPIRED
5223,1791484226850,LTE,RETENTION_PROBE,0.00,0.00,0.00,False,1,6.0,False,16,0,RETENTION_EXPIRED
5224,1791484226850,LTE,RETENTION_PROBE,0.00,0.00,0.00,False,1,6.0,False,16,0,RETENTION_EXPIRED
5225,1791484226850,LTE,RETENTION_PROBE,0.00,0.00,0.00,False,1,6.0,False,16,0,RETENTION_EXPIRED
5226,1791484226850,LTE,RETENTION_PROBE,0.00,0.00,0.00,False,1,6.0,False,16,0,RETENTION_EXPIRED
5227,1791484226850,LTE,RETENTION_PROBE,0.00,0.00,0.00,False,1,6.0,False,16,0,RETENTION_EXPIRED
5228,1791484226850,LTE,RETENTION_PROBE,0.00,0.00,0.00,False,1,6.0,False,16,0,RETENTION_EXPIRED
5229,1791484226850,LTE,RETENTION_PROBE,0.00,0.00,0.00,False,1,6.0,False,16,0,RETENTION_EXPIRED
5230,1791484226850,LTE,RETENTION_PROBE,0.00,0.00,0.00,False,1,6.0,False,16,0,RETENTION_EXPIRED
5231,1791484226850,LTE,RETENTION_PROBE,0.00,0.00,0.00,False,1,6.0,False,16,0,RETENTION_EXPIRED
5232,1791484226850,LTE,RETENTION_PROBE,0.00,0.00,0.00,False,1,6.0,False,16,0,RETENTION_EXPIRED
5233,1791484226850,LTE,RETENTION_PROBE,0.00,47.66,47.66,True,0,6.0,False,16,4,NONE
5234,1791484226850,LTE,RETENTION_PROBE,0.00,0.00,0.00,False,1,6.0,False,16,0,RETENTION_EXPIRED
5235,1791484226850,LTE,RETENTION_PROBE,0.00,0.00,0.00,False,1,6.0,False,16,0,RETENTION_EXPIRED
5236,1791484226850,LTE,RETENTION_PROBE,0.00,0.00,0.00,False,1,6.0,False,16,0,RETENTION_EXPIRED
5237,1791484226850,LTE,RETENTION_PROBE,0.00,0.00,0.00,False,1,6.0,False,16,0,RETENTION_EXPIRED
5238,1791484226850,LTE,RETENTION_PROBE,0.00,0.00,0.00,False,1,6.0,False,16,0,RETENTION_EXPIRED
5239,1791484226850,LTE,RETENTION_PROBE,0.00,0.00,0.00,False,1,6.0,False,16,0,RETENTION_EXPIRED
5240,1791484226850,LTE,RETENTION_PROBE,0.00,0.00,0.00,False,1,6.0,False,16,0,RETENTION_EXPIRED
5241,1791484226850,LTE,RETENTION_PROBE,0.00,0.00,0.00,False,1,6.0,False,16,0,RETENTION_EXPIRED
5242,1791484226850,LTE,RETENTION_PROBE,0.00,0.00,0.00,False,1,6.0,False,16,0,RETENTION_EXPIRED
5243,1791484226850,LTE,RETENTION_PROBE,0.00,0.00,0.00,False,1,6.0,False,16,0,RETENTION_EXPIRED
5244,1791484226850,LTE,RETENTION_PROBE,0.00,0.00,0.00,False,1,6.0,False,16,0,RETENTION_EXPIRED
5245,1791484226850,LTE,RETENTION_PROBE,0.00,68.13,68.13,True,0,6.0,False,16,4,NONE
5246,1791484226850,LTE,RETENTION_PROBE,0.00,0.00,0.00,False,1,6.0,False,16,0,RETENTION_EXPIRED
5247,1791484226850,LTE,RETENTION_PROBE,0.00,0.00,0.00,False,1,6.0,False,16,0,RETENTION_EXPIRED
5248,1791484226850,LTE,RETENTION_PROBE,0.00,0.00,0.00,False,1,6.0,False,16,0,RETENTION_EXPIRED
5249,1791484226850,LTE,RETENTION_PROBE,0.00,0.00,0.00,False,1,6.0,False,16,0,RETENTION_EXPIRED
5250,1791484226850,LTE,RETENTION_PROBE,0.00,0.00,0.00,False,1,6.0,False,16,0,RETENTION_EXPIRED
5251,1791484226850,LTE,RETENTION_PROBE,0.00,0.00,0.00,False,1,6.0,False,16,0,RETENTION_EXPIRED
5252,1791484226850,LTE,RETENTION_PROBE,0.00,0.00,0.00,False,1,6.0,False,16,0,RETENTION_EXPIRED
5253,1791484226850,LTE,RETENTION_PROBE,0.00,0.00,0.00,False,1,6.0,False,16,0,RETENTION_EXPIRED
5254,1791484226850,LTE,RETENTION_PROBE,0.00,0.00,0.00,False,1,6.0,False,16,0,RETENTION_EXPIRED
5255,1791484226850,LTE,RETENTION_PROBE,0.00,0.00,0.00,False,1,6.0,False,16,0,RETENTION_EXPIRED
5256,1791484226850,LTE,RETENTION_PROBE,0.00,0.00,0.00,False,1,6.0,False,16,0,RETENTION_EXPIRED
5257,1791484226850,LTE,RETENTION_PROBE,0.00,0.00,0.00,False,1,6.0,False,16,0,RETENTION_EXPIRED
5258,1791484226850,LTE,RETENTION_PROBE,0.00,0.00,0.00,False,1,6.0,False,16,0,RETENTION_EXPIRED
5259,1791484226850,LTE,RETENTION_PROBE,0.00,0.00,0.00,False,1,6.0,False,16,0,RETENTION_EXPIRED
5260,1791484226850,LTE,RETENTION_PROBE,0.00,0.00,0.00,False,1,6.0,False,16,0,RETENTION_EXPIRED
5261,1791484226850,LTE,RETENTION_PROBE,0.00,0.00,0.00,False,1,6.0,False,16,0,RETENTION_EXPIRED
5262,1791484226850,LTE,RETENTION_PROBE,0.00,0.00,0.00,False,1,6.0,False,16,0,RETENTION_EXPIRED
5263,1791484226850,LTE,RETENTION_PROBE,0.00,0.00,0.00,False,1,6.0,False,16,0,RETENTION_EXPIRED
5264,1791484226850,LTE,RETENTION_PROBE,0.00,93.31,93.31,True,0,6.0,False,16,3,NONE
5265,1791484226850,LTE,RETENTION_PROBE,0.00,0.00,0.00,False,1,6.0,False,16,0,RETENTION_EXPIRED
5266,1791484226850,LTE,RETENTION_PROBE,0.00,0.00,0.00,False,1,6.0,False,16,0,RETENTION_EXPIRED
5267,1791484226850,LTE,RETENTION_PROBE,0.00,0.00,0.00,False,1,6.0,False,16,0,RETENTION_EXPIRED
5268,1791484226850,LTE,RETENTION_PROBE,0.00,0.00,0.00,False,1,6.0,False,16,0,RETENTION_EXPIRED
5269,1791484226850,LTE,RETENTION_PROBE,0.00,0.00,0.00,False,1,6.0,False,16,0,RETENTION_EXPIRED
5270,1791484226850,LTE,RETENTION_PROBE,0.00,0.00,0.00,False,1,6.0,False,16,0,RETENTION_EXPIRED
5271,1791484226850,LTE,RETENTION_PROBE,0.00,0.00,0.00,False,1,6.0,False,16,0,RETENTION_EXPIRED
5272,1791484226850,LTE,RETENTION_PROBE,0.00,99.66,99.66,True,0,6.0,False,16,1,NONE
5273,1791484226850,LTE,RETENTION_PROBE,0.00,0.00,0.00,False,1,6.0,False,16,0,RETENTION_EXPIRED
5274,1791484226850,LTE,RETENTION_PROBE,0.00,0.00,0.00,False,1,6.0,False,16,0,RETENTION_EXPIRED
5275,1791484226850,LTE,RETENTION_PROBE,0.00,0.00,0.00,False,1,6.0,False,16,0,RETENTION_EXPIRED
5276,1791484226850,LTE,RETENTION_PROBE,0.00,0.00,0.00,False,1,6.0,False,16,0,RETENTION_EXPIRED
5277,1791484226850,LTE,RETENTION_PROBE,0.00,0.00,0.00,False,1,6.0,False,16,0,RETENTION_EXPIRED
5278,1791484226850,LTE,RETENTION_PROBE,0.00,0.00,0.00,False,1,6.0,False,16,0,RETENTION_EXPIRED
5279,1791484226850,LTE,RETENTION_PROBE,0.00,0.00,0.00,False,1,6.0,False,16,0,RETENTION_EXPIRED
5280,1791484226850,LTE,RETENTION_PROBE,0.00,0.00,0.00,False,1,6.0,False,16,0,RETENTION_EXPIRED
5281,1791484226850,LTE,RETENTION_PROBE,0.00,0.00,0.00,False,1,6.0,False,16,0,RETENTION_EXPIRED
5282,1791484226851,LTE,RETENTION_PROBE,0.00,0.00,0.00,False,1,6.0,False,16,0,RETENTION_EXPIRED
5283,1791484226851,LTE,RETENTION_PROBE,0.00,0.00,0.00,False,1,6.0,False,16,0,RETENTION_EXPIRED
5284,1791484226851,LTE,RETENTION_PROBE,0.00,0.00,0.00,False,1,6.0,False,16,0,RETENTION_EXPIRED
5285,1791484226851,LTE,RETENTION_PROBE,0.00,0.00,0.00,False,1,6.0,False,16,0,RETENTION_EXPIRED
5286,1791484226851,LTE,RETENTION_PROBE,0.00,0.00,0.00,False,1,6.0,False,16,0,RETENTION_EXPIRED
5287,1791484226851,LTE,RETENTION_PROBE,0.00,0.00,0.00,False,1,6.0,False,16,0,RETENTION_EXPIRED
5288,1791484226851,LTE,RETENTION_PROBE,0.00,0.00,0.00,False,1,6.0,False,16,0,RETENTION_EXPIRED
5289,1791484226851,LTE,RETENTION_PROBE,0.00,0.00,0.00,False,1,6.0,False,16,0,RETENTION_EXPIRED
5290,1791484226851,LTE,RETENTION_PROBE,0.00,0.00,0.00,False,1,6.0,False,16,0,RETENTION_EXPIRED
5291,1791484226851,LTE,RETENTION_PROBE,0.00,0.00,0.00,False,1,6.0,False,16,0,RETENTION_EXPIRED
5292,1791484226851,LTE,RETENTION_PROBE,0.00,0.00,0.00,False,1,6.0,False,16,0,RETENTION_EXPIRED
5293,1791484226851,LTE,RETENTION_PROBE,0.00,0.00,0.00,False,1,6.0,False,16,0,RETENTION_EXPIRED
5294,1791484226851,LTE,RETENTION_PROBE,0.00,0.00,0.00,False,1,6.0,False,16,0,RETENTION_EXPIRED
5295,1791484226851,LTE,RETENTION_PROBE,0.00,0.00,0.00,False,1,6.0,False,16,0,RETENTION_EXPIRED
5296,1791484226851,LTE,RETENTION_PROBE,0.00,0.00,0.00,False,1,6.0,False,16,0,RETENTION_EXPIRED
5297,1791484226851,LTE,RETENTION_PROBE,0.00,0.00,0.00,False,1,6.0,False,16,0,RETENTION_EXPIRED
5298,1791484226851,LTE,RETENTION_PROBE,0.00,0.00,0.00,False,1,6.0,False,16,0,RETENTION_EXPIRED
5299,1791484226851,LTE,RETENTION_PROBE,0.00,0.00,0.00,False,1,6.0,False,16,0,RETENTION_EXPIRED
5300,1791484226851,LTE,RETENTION_PROBE,0.00,0.00,0.00,False,1,6.0,False,16,0,RETENTION_EXPIRED
5301,1791484226851,LTE,RETENTION_PROBE,0.00,0.00,0.00,False,1,6.0,False,16,0,RETENTION_EXPIRED
5302,1791484226851,LTE,RETENTION_PROBE,0.00,0.00,0.00,False,1,6.0,False,16,0,RETENTION_EXPIRED
5303,1791484226851,LTE,RETENTION_PROBE,0.00,0.00,0.00,False,1,6.0,False,16,0,RETENTION_EXPIRED
5304,1791484226851,LTE,RETENTION_PROBE,0.00,0.00,0.00,False,1,6.0,False,16,0,RETENTION_EXPIRED
5305,1791484226851,LTE,RETENTION_PROBE,0.00,0.00,0.00,False,1,6.0,False,16,0,RETENTION_EXPIRED
5306,1791484226851,LTE,RETENTION_PROBE,0.00,0.00,0.00,False,1,6.0,False,16,0,RETENTION_EXPIRED
5307,1791484226851,LTE,RETENTION_PROBE,0.00,0.00,0.00,False,1,6.0,False,16,0,RETENTION_EXPIRED
5308,1791484226851,LTE,RETENTION_PROBE,0.00,0.00,0.00,False,1,6.0,False,16,0,RETENTION_EXPIRED
5309,1791484226851,LTE,RETENTION_PROBE,0.00,0.00,0.00,False,1,6.0,False,16,0,RETENTION_EXPIRED
5310,1791484226851,LTE,RETENTION_PROBE,0.00,0.00,0.00,False,1,6.0,False,16,0,RETENTION_EXPIRED
5311,1791484226851,LTE,RETENTION_PROBE,0.00,0.00,0.00,False,1,6.0,False,16,0,RETENTION_EXPIRED
5312,1791484226851,LTE,RETENTION_PROBE,0.00,0.00,0.00,False,1,6.0,False,16,0,RETENTION_EXPIRED
5313,1791484226851,LTE,RETENTION_PROBE,0.00,0.00,0.00,False,1,6.0,False,16,0,RETENTION_EXPIRED
5314,1791484226851,LTE,RETENTION_PROBE,0.00,0.00,0.00,False,1,6.0,False,16,0,RETENTION_EXPIRED
5315,1791484226851,LTE,RETENTION_PROBE,0.00,0.00,0.00,False,1,6.0,False,16,0,RETENTION_EXPIRED
5316,1791484226851,LTE,RETENTION_PROBE,0.00,0.00,0.00,False,1,6.0,False,16,0,RETENTION_EXPIRED
5317,1791484226851,LTE,RETENTION_PROBE,0.00,0.00,0.00,False,1,6.0,False,16,0,RETENTION_EXPIRED
5318,1791484226851,LTE,RETENTION_PROBE,0.00,0.00,0.00,False,1,6.0,False,16,0,RETENTION_EXPIRED
5319,1791484226851,LTE,RETENTION_PROBE,0.00,0.00,0.00,False,1,6.0,False,16,0,RETENTION_EXPIRED
5320,1791484226851,LTE,RETENTION_PROBE,0.00,0.00,0.00,False,1,6.0,False,16,0,RETENTION_EXPIRED
5321,1791484226851,LTE,RETENTION_PROBE,0.00,0.00,0.00,False,1,6.0,False,16,0,RETENTION_EXPIRED
5322,1791484226851,LTE,RETENTION_PROBE,0.00,0.00,0.00,False,1,6.0,False,16,0,RETENTION_EXPIRED
5323,1791484226851,LTE,RETENTION_PROBE,0.00,0.00,0.00,False,1,6.0,False,16,0,RETENTION_EXPIRED
5324,1791484226851,LTE,RETENTION_PROBE,0.00,0.00,0.00,False,1,6.0,False,16,0,RETENTION_EXPIRED
5325,1791484226851,RESTRICTIVE_NAT,RETENTION_PROBE,0.00,0.00,0.00,False,1,6.0,False,16,0,RETENTION_EXPIRED
5326,1791484226851,RESTRICTIVE_NAT,RETENTION_PROBE,0.00,0.00,0.00,False,1,6.0,False,16,0,RETENTION_EXPIRED
5327,1791484226851,RESTRICTIVE_NAT,RETENTION_PROBE,0.00,0.00,0.00,False,1,6.0,False,16,0,RETENTION_EXPIRED
5328,1791484226851,RESTRICTIVE_NAT,RETENTION_PROBE,0.00,0.00,0.00,False,1,6.0,False,16,0,RETENTION_EXPIRED
5329,1791484226851,RESTRICTIVE_NAT,RETENTION_PROBE,0.00,0.00,0.00,False,1,6.0,False,16,0,RETENTION_EXPIRED
5330,1791484226851,RESTRICTIVE_NAT,RETENTION_PROBE,0.00,0.00,0.00,False,1,6.0,False,16,0,RETENTION_EXPIRED
5331,1791484226851,RESTRICTIVE_NAT,RETENTION_PROBE,0.00,0.00,0.00,False,1,6.0,False,16,0,RETENTION_EXPIRED
5332,1791484226851,RESTRICTIVE_NAT,RETENTION_PROBE,0.00,0.00,0.00,False,1,6.0,False,16,0,RETENTION_EXPIRED
5333,1791484226851,RESTRICTIVE_NAT,RETENTION_PROBE,0.00,0.00,0.00,False,1,6.0,False,16,0,RETENTION_EXPIRED
5334,1791484226851,RESTRICTIVE_NAT,RETENTION_PROBE,0.00,0.00,0.00,False,1,6.0,False,16,0,RETENTION_EXPIRED
5335,1791484226851,RESTRICTIVE_NAT,RETENTION_PROBE,0.00,0.00,0.00,False,1,6.0,False,16,0,RETENTION_EXPIRED
5336,1791484226851,RESTRICTIVE_NAT,RETENTION_PROBE,0.00,0.00,0.00,False,1,6.0,False,16,0,RETENTION_EXPIRED
5337,1791484226851,RESTRICTIVE_NAT,RETENTION_PROBE,0.00,0.00,0.00,False,1,6.0,False,16,0,RETENTION_EXPIRED
5338,1791484226851,RESTRICTIVE_NAT,RETENTION_PROBE,0.00,0.00,0.00,False,1,6.0,False,16,0,RETENTION_EXPIRED
5339,1791484226851,RESTRICTIVE_NAT,RETENTION_PROBE,0.00,0.00,0.00,False,1,6.0,False,16,0,RETENTION_EXPIRED
5340,1791484226851,RESTRICTIVE_NAT,RETENTION_PROBE,0.00,0.00,0.00,False,1,6.0,False,16,0,RETENTION_EXPIRED
5341,1791484226851,RESTRICTIVE_NAT,RETENTION_PROBE,0.00,0.00,0.00,False,1,6.0,False,16,0,RETENTION_EXPIRED
5342,1791484226851,RESTRICTIVE_NAT,RETENTION_PROBE,0.00,0.00,0.00,False,1,6.0,False,16,0,RETENTION_EXPIRED
5343,1791484226851,RESTRICTIVE_NAT,RETENTION_PROBE,0.00,0.00,0.00,False,1,6.0,False,16,0,RETENTION_EXPIRED
5344,1791484226851,RESTRICTIVE_NAT,RETENTION_PROBE,0.00,0.00,0.00,False,1,6.0,False,16,0,RETENTION_EXPIRED
5345,1791484226851,RESTRICTIVE_NAT,RETENTION_PROBE,0.00,0.00,0.00,False,1,6.0,False,16,0,RETENTION_EXPIRED
5346,1791484226851,RESTRICTIVE_NAT,RETENTION_PROBE,0.00,0.00,0.00,False,1,6.0,False,16,0,RETENTION_EXPIRED
5347,1791484226851,RESTRICTIVE_NAT,RETENTION_PROBE,0.00,0.00,0.00,False,1,6.0,False,16,0,RETENTION_EXPIRED
5348,1791484226851,RESTRICTIVE_NAT,RETENTION_PROBE,0.00,0.00,0.00,False,1,6.0,False,16,0,RETENTION_EXPIRED
5349,1791484226851,RESTRICTIVE_NAT,RETENTION_PROBE,0.00,0.00,0.00,False,1,6.0,False,16,0,RETENTION_EXPIRED
5350,1791484226851,RESTRICTIVE_NAT,RETENTION_PROBE,0.00,0.00,0.00,False,1,6.0,False,16,0,RETENTION_EXPIRED
5351,1791484226851,RESTRICTIVE_NAT,RETENTION_PROBE,0.00,0.00,0.00,False,1,6.0,False,16,0,RETENTION_EXPIRED
5352,1791484226851,RESTRICTIVE_NAT,RETENTION_PROBE,0.00,0.00,0.00,False,1,6.0,False,16,0,RETENTION_EXPIRED
5353,1791484226851,RESTRICTIVE_NAT,RETENTION_PROBE,0.00,0.00,0.00,False,1,6.0,False,16,0,RETENTION_EXPIRED
5354,1791484226851,RESTRICTIVE_NAT,RETENTION_PROBE,0.00,0.00,0.00,False,1,6.0,False,16,0,RETENTION_EXPIRED
5355,1791484226851,RESTRICTIVE_NAT,RETENTION_PROBE,0.00,0.00,0.00,False,1,6.0,False,16,0,RETENTION_EXPIRED
5356,1791484226851,RESTRICTIVE_NAT,RETENTION_PROBE,0.00,0.00,0.00,False,1,6.0,False,16,0,RETENTION_EXPIRED
5357,1791484226851,RESTRICTIVE_NAT,RETENTION_PROBE,0.00,0.00,0.00,False,1,6.0,False,16,0,RETENTION_EXPIRED
5358,1791484226851,RESTRICTIVE_NAT,RETENTION_PROBE,0.00,0.00,0.00,False,1,6.0,False,16,0,RETENTION_EXPIRED
5359,1791484226851,RESTRICTIVE_NAT,RETENTION_PROBE,0.00,0.00,0.00,False,1,6.0,False,16,0,RETENTION_EXPIRED
5360,1791484226851,RESTRICTIVE_NAT,RETENTION_PROBE,0.00,0.00,0.00,False,1,6.0,False,16,0,RETENTION_EXPIRED
5361,1791484226851,RESTRICTIVE_NAT,RETENTION_PROBE,0.00,0.00,0.00,False,1,6.0,False,16,0,RETENTION_EXPIRED
5362,1791484226851,RESTRICTIVE_NAT,RETENTION_PROBE,0.00,0.00,0.00,False,1,6.0,False,16,0,RETENTION_EXPIRED
5363,1791484226851,RESTRICTIVE_NAT,RETENTION_PROBE,0.00,0.00,0.00,False,1,6.0,False,16,0,RETENTION_EXPIRED
5364,1791484226851,RESTRICTIVE_NAT,RETENTION_PROBE,0.00,0.00,0.00,False,1,6.0,False,16,0,RETENTION_EXPIRED
5365,1791484226851,RESTRICTIVE_NAT,RETENTION_PROBE,0.00,0.00,0.00,False,1,6.0,False,16,0,RETENTION_EXPIRED
5366,1791484226851,RESTRICTIVE_NAT,RETENTION_PROBE,0.00,0.00,0.00,False,1,6.0,False,16,0,RETENTION_EXPIRED
5367,1791484226851,RESTRICTIVE_NAT,RETENTION_PROBE,0.00,0.00,0.00,False,1,6.0,False,16,0,RETENTION_EXPIRED
5368,1791484226851,RESTRICTIVE_NAT,RETENTION_PROBE,0.00,0.00,0.00,False,1,6.0,False,16,0,RETENTION_EXPIRED
5369,1791484226851,RESTRICTIVE_NAT,RETENTION_PROBE,0.00,0.00,0.00,False,1,6.0,False,16,0,RETENTION_EXPIRED
5370,1791484226851,RESTRICTIVE_NAT,RETENTION_PROBE,0.00,0.00,0.00,False,1,6.0,False,16,0,RETENTION_EXPIRED
5371,1791484226851,RESTRICTIVE_NAT,RETENTION_PROBE,0.00,0.00,0.00,False,1,6.0,False,16,0,RETENTION_EXPIRED
5372,1791484226851,RESTRICTIVE_NAT,RETENTION_PROBE,0.00,0.00,0.00,False,1,6.0,False,16,0,RETENTION_EXPIRED
5373,1791484226851,RESTRICTIVE_NAT,RETENTION_PROBE,0.00,0.00,0.00,False,1,6.0,False,16,0,RETENTION_EXPIRED
5374,1791484226851,RESTRICTIVE_NAT,RETENTION_PROBE,0.00,0.00,0.00,False,1,6.0,False,16,0,RETENTION_EXPIRED
5375,1791484226851,RESTRICTIVE_NAT,RETENTION_PROBE,0.00,0.00,0.00,False,1,6.0,False,16,0,RETENTION_EXPIRED
5376,1791484226851,RESTRICTIVE_NAT,RETENTION_PROBE,0.00,0.00,0.00,False,1,6.0,False,16,0,RETENTION_EXPIRED
5377,1791484226851,RESTRICTIVE_NAT,RETENTION_PROBE,0.00,0.00,0.00,False,1,6.0,False,16,0,RETENTION_EXPIRED
5378,1791484226851,RESTRICTIVE_NAT,RETENTION_PROBE,0.00,0.00,0.00,False,1,6.0,False,16,0,RETENTION_EXPIRED
5379,1791484226851,RESTRICTIVE_NAT,RETENTION_PROBE,0.00,0.00,0.00,False,1,6.0,False,16,0,RETENTION_EXPIRED
5380,1791484226851,RESTRICTIVE_NAT,RETENTION_PROBE,0.00,0.00,0.00,False,1,6.0,False,16,0,RETENTION_EXPIRED
5381,1791484226851,RESTRICTIVE_NAT,RETENTION_PROBE,0.00,0.00,0.00,False,1,6.0,False,16,0,RETENTION_EXPIRED
5382,1791484226851,RESTRICTIVE_NAT,RETENTION_PROBE,0.00,0.00,0.00,False,1,6.0,False,16,0,RETENTION_EXPIRED
5383,1791484226851,RESTRICTIVE_NAT,RETENTION_PROBE,0.00,0.00,0.00,False,1,6.0,False,16,0,RETENTION_EXPIRED
5384,1791484226851,RESTRICTIVE_NAT,RETENTION_PROBE,0.00,0.00,0.00,False,1,6.0,False,16,0,RETENTION_EXPIRED
5385,1791484226851,RESTRICTIVE_NAT,RETENTION_PROBE,0.00,0.00,0.00,False,1,6.0,False,16,0,RETENTION_EXPIRED
5386,1791484226851,RESTRICTIVE_NAT,RETENTION_PROBE,0.00,0.00,0.00,False,1,6.0,False,16,0,RETENTION_EXPIRED
5387,1791484226851,RESTRICTIVE_NAT,RETENTION_PROBE,0.00,0.00,0.00,False,1,6.0,False,16,0,RETENTION_EXPIRED
5388,1791484226851,RESTRICTIVE_NAT,RETENTION_PROBE,0.00,0.00,0.00,False,1,6.0,False,16,0,RETENTION_EXPIRED
5389,1791484226851,RESTRICTIVE_NAT,RETENTION_PROBE,0.00,0.00,0.00,False,1,6.0,False,16,0,RETENTION_EXPIRED
5390,1791484226851,RESTRICTIVE_NAT,RETENTION_PROBE,0.00,0.00,0.00,False,1,6.0,False,16,0,RETENTION_EXPIRED
5391,1791484226851,RESTRICTIVE_NAT,RETENTION_PROBE,0.00,0.00,0.00,False,1,6.0,False,16,0,RETENTION_EXPIRED
5392,1791484226851,RESTRICTIVE_NAT,RETENTION_PROBE,0.00,0.00,0.00,False,1,6.0,False,16,0,RETENTION_EXPIRED
5393,1791484226851,RESTRICTIVE_NAT,RETENTION_PROBE,0.00,0.00,0.00,False,1,6.0,False,16,0,RETENTION_EXPIRED
5394,1791484226851,RESTRICTIVE_NAT,RETENTION_PROBE,0.00,0.00,0.00,False,1,6.0,False,16,0,RETENTION_EXPIRED
5395,1791484226851,RESTRICTIVE_NAT,RETENTION_PROBE,0.00,0.00,0.00,False,1,6.0,False,16,0,RETENTION_EXPIRED
5396,1791484226851,RESTRICTIVE_NAT,RETENTION_PROBE,0.00,0.00,0.00,False,1,6.0,False,16,0,RETENTION_EXPIRED
5397,1791484226851,RESTRICTIVE_NAT,RETENTION_PROBE,0.00,0.00,0.00,False,1,6.0,False,16,0,RETENTION_EXPIRED
5398,1791484226851,RESTRICTIVE_NAT,RETENTION_PROBE,0.00,0.00,0.00,False,1,6.0,False,16,0,RETENTION_EXPIRED
5399,1791484226851,RESTRICTIVE_NAT,RETENTION_PROBE,0.00,0.00,0.00,False,1,6.0,False,16,0,RETENTION_EXPIRED
5400,1791484226851,RESTRICTIVE_NAT,RETENTION_PROBE,0.00,0.00,0.00,False,1,6.0,False,16,0,RETENTION_EXPIRED
5401,1791484226851,RESTRICTIVE_NAT,RETENTION_PROBE,0.00,0.00,0.00,False,1,6.0,False,16,0,RETENTION_EXPIRED
5402,1791484226851,RESTRICTIVE_NAT,RETENTION_PROBE,0.00,0.00,0.00,False,1,6.0,False,16,0,RETENTION_EXPIRED
5403,1791484226851,RESTRICTIVE_NAT,RETENTION_PROBE,0.00,0.00,0.00,False,1,6.0,False,16,0,RETENTION_EXPIRED
5404,1791484226851,RESTRICTIVE_NAT,RETENTION_PROBE,0.00,403.80,403.80,True,0,6.0,False,16,2,NONE
5405,1791484226851,RESTRICTIVE_NAT,RETENTION_PROBE,0.00,0.00,0.00,False,1,6.0,False,16,0,RETENTION_EXPIRED
5406,1791484226851,RESTRICTIVE_NAT,RETENTION_PROBE,0.00,0.00,0.00,False,1,6.0,False,16,0,RETENTION_EXPIRED
5407,1791484226851,RESTRICTIVE_NAT,RETENTION_PROBE,0.00,0.00,0.00,False,1,6.0,False,16,0,RETENTION_EXPIRED
5408,1791484226851,RESTRICTIVE_NAT,RETENTION_PROBE,0.00,0.00,0.00,False,1,6.0,False,16,0,RETENTION_EXPIRED
5409,1791484226851,RESTRICTIVE_NAT,RETENTION_PROBE,0.00,0.00,0.00,False,1,6.0,False,16,0,RETENTION_EXPIRED
5410,1791484226851,RESTRICTIVE_NAT,RETENTION_PROBE,0.00,0.00,0.00,False,1,6.0,False,16,0,RETENTION_EXPIRED
5411,1791484226851,RESTRICTIVE_NAT,RETENTION_PROBE,0.00,517.96,517.96,True,0,6.0,False,16,1,NONE
5412,1791484226851,RESTRICTIVE_NAT,RETENTION_PROBE,0.00,0.00,0.00,False,1,6.0,False,16,0,RETENTION_EXPIRED
5413,1791484226851,RESTRICTIVE_NAT,RETENTION_PROBE,0.00,0.00,0.00,False,1,6.0,False,16,0,RETENTION_EXPIRED
5414,1791484226851,RESTRICTIVE_NAT,RETENTION_PROBE,0.00,0.00,0.00,False,1,6.0,False,16,0,RETENTION_EXPIRED
5415,1791484226851,RESTRICTIVE_NAT,RETENTION_PROBE,0.00,0.00,0.00,False,1,6.0,False,16,0,RETENTION_EXPIRED
5416,1791484226851,RESTRICTIVE_NAT,RETENTION_PROBE,0.00,0.00,0.00,False,1,6.0,False,16,0,RETENTION_EXPIRED
5417,1791484226851,RESTRICTIVE_NAT,RETENTION_PROBE,0.00,0.00,0.00,False,1,6.0,False,16,0,RETENTION_EXPIRED
5418,1791484226851,RESTRICTIVE_NAT,RETENTION_PROBE,0.00,0.00,0.00,False,1,6.0,False,16,0,RETENTION_EXPIRED
5419,1791484226851,RESTRICTIVE_NAT,RETENTION_PROBE,0.00,0.00,0.00,False,1,6.0,False,16,0,RETENTION_EXPIRED
5420,1791484226851,RESTRICTIVE_NAT,RETENTION_PROBE,0.00,0.00,0.00,False,1,6.0,False,16,0,RETENTION_EXPIRED
5421,1791484226851,RESTRICTIVE_NAT,RETENTION_PROBE,0.00,0.00,0.00,False,1,6.0,False,16,0,RETENTION_EXPIRED
5422,1791484226851,RESTRICTIVE_NAT,RETENTION_PROBE,0.00,0.00,0.00,False,1,6.0,False,16,0,RETENTION_EXPIRED
5423,1791484226851,RESTRICTIVE_NAT,RETENTION_PROBE,0.00,0.00,0.00,False,1,6.0,False,16,0,RETENTION_EXPIRED
5424,1791484226851,RESTRICTIVE_NAT,RETENTION_PROBE,0.00,0.00,0.00,False,1,6.0,False,16,0,RETENTION_EXPIRED
5425,1791484226851,RESTRICTIVE_NAT,RETENTION_PROBE,0.00,0.00,0.00,False,1,6.0,False,16,0,RETENTION_EXPIRED
5426,1791484226851,RESTRICTIVE_NAT,RETENTION_PROBE,0.00,0.00,0.00,False,1,6.0,False,16,0,RETENTION_EXPIRED
5427,1791484226851,RESTRICTIVE_NAT,RETENTION_PROBE,0.00,0.00,0.00,False,1,6.0,False,16,0,RETENTION_EXPIRED
5428,1791484226851,RESTRICTIVE_NAT,RETENTION_PROBE,0.00,0.00,0.00,False,1,6.0,False,16,0,RETENTION_EXPIRED
5429,1791484226851,RESTRICTIVE_NAT,RETENTION_PROBE,0.00,0.00,0.00,False,1,6.0,False,16,0,RETENTION_EXPIRED
5430,1791484226851,RESTRICTIVE_NAT,RETENTION_PROBE,0.00,0.00,0.00,False,1,6.0,False,16,0,RETENTION_EXPIRED
5431,1791484226851,RESTRICTIVE_NAT,RETENTION_PROBE,0.00,0.00,0.00,False,1,6.0,False,16,0,RETENTION_EXPIRED
5432,1791484226851,RESTRICTIVE_NAT,RETENTION_PROBE,0.00,0.00,0.00,False,1,6.0,False,16,0,RETENTION_EXPIRED
5433,1791484226851,RESTRICTIVE_NAT,RETENTION_PROBE,0.00,0.00,0.00,False,1,6.0,False,16,0,RETENTION_EXPIRED
5434,1791484226851,RESTRICTIVE_NAT,RETENTION_PROBE,0.00,0.00,0.00,False,1,6.0,False,16,0,RETENTION_EXPIRED
5435,1791484226851,RESTRICTIVE_NAT,RETENTION_PROBE,0.00,0.00,0.00,False,1,6.0,False,16,0,RETENTION_EXPIRED
5436,1791484226851,RESTRICTIVE_NAT,RETENTION_PROBE,0.00,0.00,0.00,False,1,6.0,False,16,0,RETENTION_EXPIRED
5437,1791484226851,RESTRICTIVE_NAT,RETENTION_PROBE,0.00,0.00,0.00,False,1,6.0,False,16,0,RETENTION_EXPIRED
5438,1791484226851,RESTRICTIVE_NAT,RETENTION_PROBE,0.00,0.00,0.00,False,1,6.0,False,16,0,RETENTION_EXPIRED
5439,1791484226851,RESTRICTIVE_NAT,RETENTION_PROBE,0.00,0.00,0.00,False,1,6.0,False,16,0,RETENTION_EXPIRED
5440,1791484226851,RESTRICTIVE_NAT,RETENTION_PROBE,0.00,0.00,0.00,False,1,6.0,False,16,0,RETENTION_EXPIRED
5441,1791484226851,RESTRICTIVE_NAT,RETENTION_PROBE,0.00,0.00,0.00,False,1,6.0,False,16,0,RETENTION_EXPIRED
5442,1791484226851,RESTRICTIVE_NAT,RETENTION_PROBE,0.00,0.00,0.00,False,1,6.0,False,16,0,RETENTION_EXPIRED
5443,1791484226851,RESTRICTIVE_NAT,RETENTION_PROBE,0.00,0.00,0.00,False,1,6.0,False,16,0,RETENTION_EXPIRED
5444,1791484226851,RESTRICTIVE_NAT,RETENTION_PROBE,0.00,0.00,0.00,False,1,6.0,False,16,0,RETENTION_EXPIRED
5445,1791484226851,RESTRICTIVE_NAT,RETENTION_PROBE,0.00,0.00,0.00,False,1,6.0,False,16,0,RETENTION_EXPIRED
5446,1791484226851,RESTRICTIVE_NAT,RETENTION_PROBE,0.00,0.00,0.00,False,1,6.0,False,16,0,RETENTION_EXPIRED
5447,1791484226851,RESTRICTIVE_NAT,RETENTION_PROBE,0.00,0.00,0.00,False,1,6.0,False,16,0,RETENTION_EXPIRED
5448,1791484226851,RESTRICTIVE_NAT,RETENTION_PROBE,0.00,0.00,0.00,False,1,6.0,False,16,0,RETENTION_EXPIRED
5449,1791484226851,RESTRICTIVE_NAT,RETENTION_PROBE,0.00,0.00,0.00,False,1,6.0,False,16,0,RETENTION_EXPIRED
5450,1791484226851,RESTRICTIVE_NAT,RETENTION_PROBE,0.00,0.00,0.00,False,1,6.0,False,16,0,RETENTION_EXPIRED
5451,1791484226851,RESTRICTIVE_NAT,RETENTION_PROBE,0.00,0.00,0.00,False,1,6.0,False,16,0,RETENTION_EXPIRED
5452,1791484226851,RESTRICTIVE_NAT,RETENTION_PROBE,0.00,0.00,0.00,False,1,6.0,False,16,0,RETENTION_EXPIRED
5453,1791484226851,RESTRICTIVE_NAT,RETENTION_PROBE,0.00,0.00,0.00,False,1,6.0,False,16,0,RETENTION_EXPIRED
5454,1791484226851,RESTRICTIVE_NAT,RETENTION_PROBE,0.00,0.00,0.00,False,1,6.0,False,16,0,RETENTION_EXPIRED
5455,1791484226851,RESTRICTIVE_NAT,RETENTION_PROBE,0.00,0.00,0.00,False,1,6.0,False,16,0,RETENTION_EXPIRED
5456,1791484226851,RESTRICTIVE_NAT,RETENTION_PROBE,0.00,0.00,0.00,False,1,6.0,False,16,0,RETENTION_EXPIRED
5457,1791484226851,RESTRICTIVE_NAT,RETENTION_PROBE,0.00,0.00,0.00,False,1,6.0,False,16,0,RETENTION_EXPIRED
5458,1791484226851,RESTRICTIVE_NAT,RETENTION_PROBE,0.00,0.00,0.00,False,1,6.0,False,16,0,RETENTION_EXPIRED
5459,1791484226851,RESTRICTIVE_NAT,RETENTION_PROBE,0.00,0.00,0.00,False,1,6.0,False,16,0,RETENTION_EXPIRED
5460,1791484226851,RESTRICTIVE_NAT,RETENTION_PROBE,0.00,0.00,0.00,False,1,6.0,False,16,0,RETENTION_EXPIRED
5461,1791484226851,RESTRICTIVE_NAT,RETENTION_PROBE,0.00,0.00,0.00,False,1,6.0,False,16,0,RETENTION_EXPIRED
5462,1791484226851,RESTRICTIVE_NAT,RETENTION_PROBE,0.00,0.00,0.00,False,1,6.0,False,16,0,RETENTION_EXPIRED
5463,1791484226851,RESTRICTIVE_NAT,RETENTION_PROBE,0.00,0.00,0.00,False,1,6.0,False,16,0,RETENTION_EXPIRED
5464,1791484226851,RESTRICTIVE_NAT,RETENTION_PROBE,0.00,0.00,0.00,False,1,6.0,False,16,0,RETENTION_EXPIRED
5465,1791484226851,RESTRICTIVE_NAT,RETENTION_PROBE,0.00,94.28,94.28,True,0,6.0,False,16,2,NONE
5466,1791484226851,RESTRICTIVE_NAT,RETENTION_PROBE,0.00,0.00,0.00,False,1,6.0,False,16,0,RETENTION_EXPIRED
5467,1791484226851,RESTRICTIVE_NAT,RETENTION_PROBE,0.00,0.00,0.00,False,1,6.0,False,16,0,RETENTION_EXPIRED
5468,1791484226851,RESTRICTIVE_NAT,RETENTION_PROBE,0.00,0.00,0.00,False,1,6.0,False,16,0,RETENTION_EXPIRED
5469,1791484226851,RESTRICTIVE_NAT,RETENTION_PROBE,0.00,0.00,0.00,False,1,6.0,False,16,0,RETENTION_EXPIRED
5470,1791484226851,RESTRICTIVE_NAT,RETENTION_PROBE,0.00,0.00,0.00,False,1,6.0,False,16,0,RETENTION_EXPIRED
5471,1791484226851,RESTRICTIVE_NAT,RETENTION_PROBE,0.00,0.00,0.00,False,1,6.0,False,16,0,RETENTION_EXPIRED
5472,1791484226851,RESTRICTIVE_NAT,RETENTION_PROBE,0.00,0.00,0.00,False,1,6.0,False,16,0,RETENTION_EXPIRED
5473,1791484226851,RESTRICTIVE_NAT,RETENTION_PROBE,0.00,0.00,0.00,False,1,6.0,False,16,0,RETENTION_EXPIRED
5474,1791484226851,RESTRICTIVE_NAT,RETENTION_PROBE,0.00,0.00,0.00,False,1,6.0,False,16,0,RETENTION_EXPIRED
5475,1791484226851,RESTRICTIVE_NAT,RETENTION_PROBE,0.00,0.00,0.00,False,1,6.0,False,16,0,RETENTION_EXPIRED
5476,1791484226851,RESTRICTIVE_NAT,RETENTION_PROBE,0.00,0.00,0.00,False,1,6.0,False,16,0,RETENTION_EXPIRED
5477,1791484226851,RESTRICTIVE_NAT,RETENTION_PROBE,0.00,0.00,0.00,False,1,6.0,False,16,0,RETENTION_EXPIRED
5478,1791484226851,RESTRICTIVE_NAT,RETENTION_PROBE,0.00,0.00,0.00,False,1,6.0,False,16,0,RETENTION_EXPIRED
5479,1791484226851,RESTRICTIVE_NAT,RETENTION_PROBE,0.00,0.00,0.00,False,1,6.0,False,16,0,RETENTION_EXPIRED
5480,1791484226851,RESTRICTIVE_NAT,RETENTION_PROBE,0.00,0.00,0.00,False,1,6.0,False,16,0,RETENTION_EXPIRED
5481,1791484226851,RESTRICTIVE_NAT,RETENTION_PROBE,0.00,0.00,0.00,False,1,6.0,False,16,0,RETENTION_EXPIRED
5482,1791484226851,RESTRICTIVE_NAT,RETENTION_PROBE,0.00,391.11,391.11,True,0,6.0,False,16,3,NONE
5483,1791484226851,RESTRICTIVE_NAT,RETENTION_PROBE,0.00,0.00,0.00,False,1,6.0,False,16,0,RETENTION_EXPIRED
5484,1791484226851,RESTRICTIVE_NAT,RETENTION_PROBE,0.00,0.00,0.00,False,1,6.0,False,16,0,RETENTION_EXPIRED
5485,1791484226851,RESTRICTIVE_NAT,RETENTION_PROBE,0.00,0.00,0.00,False,1,6.0,False,16,0,RETENTION_EXPIRED
5486,1791484226851,RESTRICTIVE_NAT,RETENTION_PROBE,0.00,0.00,0.00,False,1,6.0,False,16,0,RETENTION_EXPIRED
5487,1791484226851,RESTRICTIVE_NAT,RETENTION_PROBE,0.00,0.00,0.00,False,1,6.0,False,16,0,RETENTION_EXPIRED
5488,1791484226851,RESTRICTIVE_NAT,RETENTION_PROBE,0.00,0.00,0.00,False,1,6.0,False,16,0,RETENTION_EXPIRED
5489,1791484226851,RESTRICTIVE_NAT,RETENTION_PROBE,0.00,0.00,0.00,False,1,6.0,False,16,0,RETENTION_EXPIRED
5490,1791484226851,RESTRICTIVE_NAT,RETENTION_PROBE,0.00,0.00,0.00,False,1,6.0,False,16,0,RETENTION_EXPIRED
5491,1791484226851,WIFI,RETENTION_PROBE,0.00,38.10,38.10,True,0,6.0,True,16,2,NONE
5492,1791484226851,WIFI,RETENTION_PROBE,0.00,32.33,32.33,True,0,6.0,True,16,1,NONE
5493,1791484226851,WIFI,RETENTION_PROBE,0.00,22.09,22.09,True,0,6.0,True,16,3,NONE
5494,1791484226851,WIFI,RETENTION_PROBE,0.00,38.66,38.66,True,0,6.0,True,16,3,NONE
5495,1791484226851,WIFI,RETENTION_PROBE,0.00,22.44,22.44,True,0,6.0,True,16,3,NONE
5496,1791484226851,WIFI,RETENTION_PROBE,0.00,29.56,29.56,True,0,6.0,True,16,3,NONE
5497,1791484226851,WIFI,RETENTION_PROBE,0.00,35.39,35.39,True,0,6.0,True,16,4,NONE
5498,1791484226851,WIFI,RETENTION_PROBE,0.00,30.98,30.98,True,0,6.0,True,16,2,NONE
5499,1791484226851,WIFI,RETENTION_PROBE,0.00,27.53,27.53,True,0,6.0,True,16,1,NONE
5500,1791484226851,WIFI,RETENTION_PROBE,0.00,26.19,26.19,True,0,6.0,True,16,2,NONE
5501,1791484226851,WIFI,RETENTION_PROBE,0.00,17.57,17.57,True,0,6.0,True,16,2,NONE
5502,1791484226851,WIFI,RETENTION_PROBE,0.00,21.26,21.26,True,0,6.0,True,16,3,NONE
5503,1791484226851,WIFI,RETENTION_PROBE,0.00,33.96,33.96,True,0,6.0,True,16,4,NONE
5504,1791484226851,WIFI,RETENTION_PROBE,0.00,29.75,29.75,True,0,6.0,True,16,2,NONE
5505,1791484226851,WIFI,RETENTION_PROBE,0.00,36.77,36.77,True,0,6.0,True,16,2,NONE
5506,1791484226851,WIFI,RETENTION_PROBE,0.00,35.25,35.25,True,0,6.0,True,16,4,NONE
5507,1791484226852,WIFI,RETENTION_PROBE,0.00,26.88,26.88,True,0,6.0,True,16,4,NONE
5508,1791484226852,WIFI,RETENTION_PROBE,0.00,25.25,25.25,True,0,6.0,True,16,3,NONE
5509,1791484226852,WIFI,RETENTION_PROBE,0.00,21.95,21.95,True,0,6.0,True,16,1,NONE
5510,1791484226852,WIFI,RETENTION_PROBE,0.00,18.92,18.92,True,0,6.0,True,16,3,NONE
5511,1791484226852,WIFI,RETENTION_PROBE,0.00,30.18,30.18,True,0,6.0,True,16,3,NONE
5512,1791484226852,WIFI,RETENTION_PROBE,0.00,33.05,33.05,True,0,6.0,True,16,2,NONE
5513,1791484226852,WIFI,RETENTION_PROBE,0.00,26.59,26.59,True,0,6.0,True,16,2,NONE
5514,1791484226852,WIFI,RETENTION_PROBE,0.00,34.91,34.91,True,0,6.0,True,16,4,NONE
5515,1791484226852,WIFI,RETENTION_PROBE,0.00,28.28,28.28,True,0,6.0,True,16,3,NONE
5516,1791484226852,WIFI,RETENTION_PROBE,0.00,25.83,25.83,True,0,6.0,True,16,1,NONE
5517,1791484226852,WIFI,RETENTION_PROBE,0.00,20.07,20.07,True,0,6.0,True,16,1,NONE
5518,1791484226852,WIFI,RETENTION_PROBE,0.00,24.48,24.48,True,0,6.0,True,16,3,NONE
5519,1791484226852,WIFI,RETENTION_PROBE,0.00,28.75,28.75,True,0,6.0,True,16,1,NONE
5520,1791484226852,WIFI,RETENTION_PROBE,0.00,19.91,19.91,True,0,6.0,True,16,4,NONE
5521,1791484226852,WIFI,RETENTION_PROBE,0.00,28.88,28.88,True,0,6.0,True,16,4,NONE
5522,1791484226852,WIFI,RETENTION_PROBE,0.00,36.06,36.06,True,0,6.0,True,16,4,NONE
5523,1791484226852,WIFI,RETENTION_PROBE,0.00,32.68,32.68,True,0,6.0,True,16,3,NONE
5524,1791484226852,WIFI,RETENTION_PROBE,0.00,32.53,32.53,True,0,6.0,True,16,1,NONE
5525,1791484226852,WIFI,RETENTION_PROBE,0.00,27.22,27.22,True,0,6.0,True,16,1,NONE
5526,1791484226852,WIFI,RETENTION_PROBE,0.00,32.66,32.66,True,0,6.0,True,16,2,NONE
5527,1791484226852,WIFI,RETENTION_PROBE,0.00,34.73,34.73,True,0,6.0,True,16,3,NONE
5528,1791484226852,WIFI,RETENTION_PROBE,0.00,38.69,38.69,True,0,6.0,True,16,2,NONE
5529,1791484226852,WIFI,RETENTION_PROBE,0.00,22.44,22.44,True,0,6.0,True,16,2,NONE
5530,1791484226852,WIFI,RETENTION_PROBE,0.00,25.72,25.72,True,0,6.0,True,16,2,NONE
5531,1791484226852,WIFI,RETENTION_PROBE,0.00,31.52,31.52,True,0,6.0,True,16,1,NONE
5532,1791484226852,WIFI,RETENTION_PROBE,0.00,23.45,23.45,True,0,6.0,True,16,3,NONE
5533,1791484226852,WIFI,RETENTION_PROBE,0.00,20.65,20.65,True,0,6.0,True,16,3,NONE
5534,1791484226852,WIFI,RETENTION_PROBE,0.00,17.80,17.80,True,0,6.0,True,16,4,NONE
5535,1791484226852,WIFI,RETENTION_PROBE,0.00,30.09,30.09,True,0,6.0,True,16,1,NONE
5536,1791484226852,WIFI,RETENTION_PROBE,0.00,20.77,20.77,True,0,6.0,True,16,3,NONE
5537,1791484226852,WIFI,RETENTION_PROBE,0.00,34.32,34.32,True,0,6.0,True,16,2,NONE
5538,1791484226852,WIFI,RETENTION_PROBE,0.00,25.06,25.06,True,0,6.0,True,16,1,NONE
5539,1791484226852,WIFI,RETENTION_PROBE,0.00,35.88,35.88,True,0,6.0,True,16,1,NONE
5540,1791484226852,WIFI,RETENTION_PROBE,0.00,38.33,38.33,True,0,6.0,True,16,4,NONE
5541,1791484226852,WIFI,RETENTION_PROBE,0.00,18.12,18.12,True,0,6.0,True,16,2,NONE
5542,1791484226852,WIFI,RETENTION_PROBE,0.00,34.34,34.34,True,0,6.0,True,16,4,NONE
5543,1791484226852,WIFI,RETENTION_PROBE,0.00,37.42,37.42,True,0,6.0,True,16,2,NONE
5544,1791484226852,WIFI,RETENTION_PROBE,0.00,22.55,22.55,True,0,6.0,True,16,1,NONE
5545,1791484226852,WIFI,RETENTION_PROBE,0.00,26.13,26.13,True,0,6.0,True,16,4,NONE
5546,1791484226852,WIFI,RETENTION_PROBE,0.00,29.14,29.14,True,0,6.0,True,16,3,NONE
5547,1791484226852,WIFI,RETENTION_PROBE,0.00,37.69,37.69,True,0,6.0,True,16,1,NONE
5548,1791484226852,WIFI,RETENTION_PROBE,0.00,18.74,18.74,True,0,6.0,True,16,2,NONE
5549,1791484226852,WIFI,RETENTION_PROBE,0.00,16.03,16.03,True,0,6.0,True,16,1,NONE
5550,1791484226852,WIFI,RETENTION_PROBE,0.00,26.77,26.77,True,0,6.0,True,16,2,NONE
5551,1791484226852,WIFI,RETENTION_PROBE,0.00,19.12,19.12,True,0,6.0,True,16,2,NONE
5552,1791484226852,WIFI,RETENTION_PROBE,0.00,29.24,29.24,True,0,6.0,True,16,4,NONE
5553,1791484226852,WIFI,RETENTION_PROBE,0.00,27.61,27.61,True,0,6.0,True,16,4,NONE
5554,1791484226852,WIFI,RETENTION_PROBE,0.00,30.12,30.12,True,0,6.0,True,16,2,NONE
5555,1791484226852,WIFI,RETENTION_PROBE,0.00,30.52,30.52,True,0,6.0,True,16,1,NONE
5556,1791484226852,WIFI,RETENTION_PROBE,0.00,17.15,17.15,True,0,6.0,True,16,1,NONE
5557,1791484226852,WIFI,RETENTION_PROBE,0.00,30.93,30.93,True,0,6.0,True,16,3,NONE
5558,1791484226852,WIFI,RETENTION_PROBE,0.00,38.35,38.35,True,0,6.0,True,16,4,NONE
5559,1791484226852,WIFI,RETENTION_PROBE,0.00,38.91,38.91,True,0,6.0,True,16,1,NONE
5560,1791484226852,WIFI,RETENTION_PROBE,0.00,27.51,27.51,True,0,6.0,True,16,1,NONE
5561,1791484226852,WIFI,RETENTION_PROBE,0.00,19.88,19.88,True,0,6.0,True,16,2,NONE
5562,1791484226852,WIFI,RETENTION_PROBE,0.00,34.00,34.00,True,0,6.0,True,16,4,NONE
5563,1791484226852,WIFI,RETENTION_PROBE,0.00,23.98,23.98,True,0,6.0,True,16,1,NONE
5564,1791484226852,WIFI,RETENTION_PROBE,0.00,34.63,34.63,True,0,6.0,True,16,1,NONE
5565,1791484226852,WIFI,RETENTION_PROBE,0.00,36.47,36.47,True,0,6.0,True,16,1,NONE
5566,1791484226852,WIFI,RETENTION_PROBE,0.00,24.17,24.17,True,0,6.0,True,16,1,NONE
5567,1791484226852,WIFI,RETENTION_PROBE,0.00,23.76,23.76,True,0,6.0,True,16,3,NONE
5568,1791484226852,WIFI,RETENTION_PROBE,0.00,17.76,17.76,True,0,6.0,True,16,4,NONE
5569,1791484226852,WIFI,RETENTION_PROBE,0.00,28.27,28.27,True,0,6.0,True,16,4,NONE
5570,1791484226852,WIFI,RETENTION_PROBE,0.00,30.25,30.25,True,0,6.0,True,16,3,NONE
5571,1791484226852,WIFI,RETENTION_PROBE,0.00,39.59,39.59,True,0,6.0,True,16,4,NONE
5572,1791484226852,WIFI,RETENTION_PROBE,0.00,432.80,432.80,True,0,6.0,True,16,4,NONE
5573,1791484226852,WIFI,RETENTION_PROBE,0.00,19.54,19.54,True,0,6.0,True,16,1,NONE
5574,1791484226852,WIFI,RETENTION_PROBE,0.00,418.95,418.95,True,0,6.0,True,16,3,NONE
5575,1791484226852,WIFI,RETENTION_PROBE,0.00,24.11,24.11,True,0,6.0,True,16,2,NONE
5576,1791484226852,WIFI,RETENTION_PROBE,0.00,30.09,30.09,True,0,6.0,True,16,4,NONE
5577,1791484226852,WIFI,RETENTION_PROBE,0.00,21.10,21.10,True,0,6.0,True,16,1,NONE
5578,1791484226852,WIFI,RETENTION_PROBE,0.00,39.31,39.31,True,0,6.0,True,16,3,NONE
5579,1791484226852,WIFI,RETENTION_PROBE,0.00,28.42,28.42,True,0,6.0,True,16,3,NONE
5580,1791484226852,WIFI,RETENTION_PROBE,0.00,22.78,22.78,True,0,6.0,True,16,3,NONE
5581,1791484226852,WIFI,RETENTION_PROBE,0.00,24.29,24.29,True,0,6.0,True,16,3,NONE
5582,1791484226852,WIFI,RETENTION_PROBE,0.00,19.35,19.35,True,0,6.0,True,16,3,NONE
5583,1791484226852,WIFI,RETENTION_PROBE,0.00,22.26,22.26,True,0,6.0,True,16,1,NONE
5584,1791484226852,WIFI,RETENTION_PROBE,0.00,35.37,35.37,True,0,6.0,True,16,3,NONE
5585,1791484226852,WIFI,RETENTION_PROBE,0.00,27.12,27.12,True,0,6.0,True,16,3,NONE
5586,1791484226852,WIFI,RETENTION_PROBE,0.00,29.66,29.66,True,0,6.0,True,16,2,NONE
5587,1791484226852,WIFI,RETENTION_PROBE,0.00,34.42,34.42,True,0,6.0,True,16,1,NONE
5588,1791484226852,WIFI,RETENTION_PROBE,0.00,31.29,31.29,True,0,6.0,True,16,4,NONE
5589,1791484226852,WIFI,RETENTION_PROBE,0.00,37.94,37.94,True,0,6.0,True,16,1,NONE
5590,1791484226852,WIFI,RETENTION_PROBE,0.00,29.16,29.16,True,0,6.0,True,16,3,NONE
5591,1791484226852,WIFI,RETENTION_PROBE,0.00,28.36,28.36,True,0,6.0,True,16,2,NONE
5592,1791484226852,WIFI,RETENTION_PROBE,0.00,18.98,18.98,True,0,6.0,True,16,1,NONE
5593,1791484226852,WIFI,RETENTION_PROBE,0.00,19.52,19.52,True,0,6.0,True,16,3,NONE
5594,1791484226852,WIFI,RETENTION_PROBE,0.00,22.46,22.46,True,0,6.0,True,16,1,NONE
5595,1791484226852,WIFI,RETENTION_PROBE,0.00,19.14,19.14,True,0,6.0,True,16,4,NONE
5596,1791484226852,WIFI,RETENTION_PROBE,0.00,27.27,27.27,True,0,6.0,True,16,4,NONE
5597,1791484226852,WIFI,RETENTION_PROBE,0.00,38.43,38.43,True,0,6.0,True,16,3,NONE
5598,1791484226852,WIFI,RETENTION_PROBE,0.00,30.31,30.31,True,0,6.0,True,16,2,NONE
5599,1791484226852,WIFI,RETENTION_PROBE,0.00,25.17,25.17,True,0,6.0,True,16,1,NONE
5600,1791484226852,WIFI,RETENTION_PROBE,0.00,17.61,17.61,True,0,6.0,True,16,3,NONE
5601,1791484226852,WIFI,RETENTION_PROBE,0.00,0.00,0.00,False,1,6.0,True,16,0,RETENTION_EXPIRED
5602,1791484226852,WIFI,RETENTION_PROBE,0.00,21.44,21.44,True,0,6.0,True,16,4,NONE
5603,1791484226852,WIFI,RETENTION_PROBE,0.00,37.36,37.36,True,0,6.0,True,16,3,NONE
5604,1791484226852,WIFI,RETENTION_PROBE,0.00,26.13,26.13,True,0,6.0,True,16,1,NONE
5605,1791484226852,WIFI,RETENTION_PROBE,0.00,25.55,25.55,True,0,6.0,True,16,1,NONE
5606,1791484226852,WIFI,RETENTION_PROBE,0.00,27.91,27.91,True,0,6.0,True,16,1,NONE
5607,1791484226852,WIFI,RETENTION_PROBE,0.00,31.41,31.41,True,0,6.0,True,16,1,NONE
5608,1791484226852,WIFI,RETENTION_PROBE,0.00,32.60,32.60,True,0,6.0,True,16,4,NONE
5609,1791484226852,WIFI,RETENTION_PROBE,0.00,38.71,38.71,True,0,6.0,True,16,4,NONE
5610,1791484226852,WIFI,RETENTION_PROBE,0.00,34.14,34.14,True,0,6.0,True,16,1,NONE
5611,1791484226852,WIFI,RETENTION_PROBE,0.00,37.71,37.71,True,0,6.0,True,16,2,NONE
5612,1791484226852,WIFI,RETENTION_PROBE,0.00,23.91,23.91,True,0,6.0,True,16,3,NONE
5613,1791484226852,WIFI,RETENTION_PROBE,0.00,18.17,18.17,True,0,6.0,True,16,1,NONE
5614,1791484226852,WIFI,RETENTION_PROBE,0.00,39.12,39.12,True,0,6.0,True,16,4,NONE
5615,1791484226852,WIFI,RETENTION_PROBE,0.00,28.68,28.68,True,0,6.0,True,16,3,NONE
5616,1791484226852,WIFI,RETENTION_PROBE,0.00,22.82,22.82,True,0,6.0,True,16,4,NONE
5617,1791484226852,WIFI,RETENTION_PROBE,0.00,33.54,33.54,True,0,6.0,True,16,3,NONE
5618,1791484226852,WIFI,RETENTION_PROBE,0.00,32.45,32.45,True,0,6.0,True,16,4,NONE
5619,1791484226852,WIFI,RETENTION_PROBE,0.00,38.63,38.63,True,0,6.0,True,16,2,NONE
5620,1791484226852,WIFI,RETENTION_PROBE,0.00,31.72,31.72,True,0,6.0,True,16,1,NONE
5621,1791484226852,WIFI,RETENTION_PROBE,0.00,36.74,36.74,True,0,6.0,True,16,4,NONE
5622,1791484226852,WIFI,RETENTION_PROBE,0.00,20.68,20.68,True,0,6.0,True,16,4,NONE
5623,1791484226852,WIFI,RETENTION_PROBE,0.00,21.95,21.95,True,0,6.0,True,16,1,NONE
5624,1791484226852,WIFI,RETENTION_PROBE,0.00,0.00,0.00,False,1,6.0,True,16,0,RETENTION_EXPIRED
5625,1791484226852,WIFI,RETENTION_PROBE,0.00,18.89,18.89,True,0,6.0,True,16,2,NONE
5626,1791484226852,WIFI,RETENTION_PROBE,0.00,0.00,0.00,False,1,6.0,True,16,0,RETENTION_EXPIRED
5627,1791484226852,WIFI,RETENTION_PROBE,0.00,36.30,36.30,True,0,6.0,True,16,1,NONE
5628,1791484226852,WIFI,RETENTION_PROBE,0.00,37.03,37.03,True,0,6.0,True,16,2,NONE
5629,1791484226852,WIFI,RETENTION_PROBE,0.00,21.90,21.90,True,0,6.0,True,16,2,NONE
5630,1791484226852,WIFI,RETENTION_PROBE,0.00,36.84,36.84,True,0,6.0,True,16,1,NONE
5631,1791484226852,WIFI,RETENTION_PROBE,0.00,37.54,37.54,True,0,6.0,True,16,4,NONE
5632,1791484226852,WIFI,RETENTION_PROBE,0.00,39.17,39.17,True,0,6.0,True,16,1,NONE
5633,1791484226852,WIFI,RETENTION_PROBE,0.00,23.31,23.31,True,0,6.0,True,16,4,NONE
5634,1791484226852,WIFI,RETENTION_PROBE,0.00,37.98,37.98,True,0,6.0,True,16,3,NONE
5635,1791484226852,WIFI,RETENTION_PROBE,0.00,36.75,36.75,True,0,6.0,True,16,1,NONE
5636,1791484226852,WIFI,RETENTION_PROBE,0.00,37.60,37.60,True,0,6.0,True,16,3,NONE
5637,1791484226852,WIFI,RETENTION_PROBE,0.00,18.03,18.03,True,0,6.0,True,16,2,NONE
5638,1791484226852,WIFI,RETENTION_PROBE,0.00,27.32,27.32,True,0,6.0,True,16,2,NONE
5639,1791484226852,WIFI,RETENTION_PROBE,0.00,32.24,32.24,True,0,6.0,True,16,3,NONE
5640,1791484226852,WIFI,RETENTION_PROBE,0.00,28.35,28.35,True,0,6.0,True,16,2,NONE
5641,1791484226852,WIFI,RETENTION_PROBE,0.00,33.88,33.88,True,0,6.0,True,16,1,NONE
5642,1791484226852,WIFI,RETENTION_PROBE,0.00,34.58,34.58,True,0,6.0,True,16,2,NONE
5643,1791484226852,WIFI,RETENTION_PROBE,0.00,37.05,37.05,True,0,6.0,True,16,1,NONE
5644,1791484226852,WIFI,RETENTION_PROBE,0.00,38.01,38.01,True,0,6.0,True,16,4,NONE
5645,1791484226852,WIFI,RETENTION_PROBE,0.00,39.43,39.43,True,0,6.0,True,16,1,NONE
5646,1791484226852,WIFI,RETENTION_PROBE,0.00,38.41,38.41,True,0,6.0,True,16,2,NONE
5647,1791484226852,WIFI,RETENTION_PROBE,0.00,27.54,27.54,True,0,6.0,True,16,2,NONE
5648,1791484226852,WIFI,RETENTION_PROBE,0.00,17.75,17.75,True,0,6.0,True,16,2,NONE
5649,1791484226852,WIFI,RETENTION_PROBE,0.00,25.26,25.26,True,0,6.0,True,16,3,NONE
5650,1791484226852,WIFI,RETENTION_PROBE,0.00,23.43,23.43,True,0,6.0,True,16,2,NONE
5651,1791484226852,WIFI,RETENTION_PROBE,0.00,27.62,27.62,True,0,6.0,True,16,4,NONE
5652,1791484226852,WIFI,RETENTION_PROBE,0.00,24.64,24.64,True,0,6.0,True,16,2,NONE
5653,1791484226852,WIFI,RETENTION_PROBE,0.00,31.44,31.44,True,0,6.0,True,16,4,NONE
5654,1791484226852,WIFI,RETENTION_PROBE,0.00,28.45,28.45,True,0,6.0,True,16,2,NONE
5655,1791484226852,WIFI,RETENTION_PROBE,0.00,18.54,18.54,True,0,6.0,True,16,3,NONE
5656,1791484226852,WIFI,RETENTION_PROBE,0.00,27.14,27.14,True,0,6.0,True,16,1,NONE
5657,1791484226852,LTE,RETENTION_PROBE,0.00,77.13,77.13,True,0,6.0,True,16,3,NONE
5658,1791484226852,LTE,RETENTION_PROBE,0.00,0.00,0.00,False,1,6.0,True,16,0,RETENTION_EXPIRED
5659,1791484226852,LTE,RETENTION_PROBE,0.00,81.40,81.40,True,0,6.0,True,16,2,NONE
5660,1791484226852,LTE,RETENTION_PROBE,0.00,196.35,196.35,True,0,6.0,True,16,1,NONE
5661,1791484226852,LTE,RETENTION_PROBE,0.00,78.82,78.82,True,0,6.0,True,16,2,NONE
5662,1791484226852,LTE,RETENTION_PROBE,0.00,66.86,66.86,True,0,6.0,True,16,4,NONE
5663,1791484226852,LTE,RETENTION_PROBE,0.00,50.90,50.90,True,0,6.0,True,16,3,NONE
5664,1791484226852,LTE,RETENTION_PROBE,0.00,37.17,37.17,True,0,6.0,True,16,4,NONE
5665,1791484226852,LTE,RETENTION_PROBE,0.00,50.10,50.10,True,0,6.0,True,16,2,NONE
5666,1791484226852,LTE,RETENTION_PROBE,0.00,65.69,65.69,True,0,6.0,True,16,1,NONE
5667,1791484226852,LTE,RETENTION_PROBE,0.00,79.22,79.22,True,0,6.0,True,16,3,NONE
5668,1791484226852,LTE,RETENTION_PROBE,0.00,71.62,71.62,True,0,6.0,True,16,3,NONE
5669,1791484226852,LTE,RETENTION_PROBE,0.00,311.93,311.93,True,0,6.0,True,16,4,NONE
5670,1791484226852,LTE,RETENTION_PROBE,0.00,40.76,40.76,True,0,6.0,True,16,1,NONE
5671,1791484226852,LTE,RETENTION_PROBE,0.00,97.54,97.54,True,0,6.0,True,16,1,NONE
5672,1791484226852,LTE,RETENTION_PROBE,0.00,65.84,65.84,True,0,6.0,True,16,4,NONE
5673,1791484226852,LTE,RETENTION_PROBE,0.00,74.77,74.77,True,0,6.0,True,16,3,NONE
5674,1791484226852,LTE,RETENTION_PROBE,0.00,86.98,86.98,True,0,6.0,True,16,1,NONE
5675,1791484226852,LTE,RETENTION_PROBE,0.00,72.77,72.77,True,0,6.0,True,16,3,NONE
5676,1791484226852,LTE,RETENTION_PROBE,0.00,39.77,39.77,True,0,6.0,True,16,4,NONE
5677,1791484226852,LTE,RETENTION_PROBE,0.00,0.00,0.00,False,1,6.0,True,16,0,RETENTION_EXPIRED
5678,1791484226852,LTE,RETENTION_PROBE,0.00,40.18,40.18,True,0,6.0,True,16,2,NONE
5679,1791484226852,LTE,RETENTION_PROBE,0.00,73.57,73.57,True,0,6.0,True,16,2,NONE
5680,1791484226852,LTE,RETENTION_PROBE,0.00,34.51,34.51,True,0,6.0,True,16,4,NONE
5681,1791484226852,LTE,RETENTION_PROBE,0.00,102.76,102.76,True,0,6.0,True,16,3,NONE
5682,1791484226852,LTE,RETENTION_PROBE,0.00,71.18,71.18,True,0,6.0,True,16,1,NONE
5683,1791484226852,LTE,RETENTION_PROBE,0.00,55.14,55.14,True,0,6.0,True,16,1,NONE
5684,1791484226852,LTE,RETENTION_PROBE,0.00,50.35,50.35,True,0,6.0,True,16,2,NONE
5685,1791484226852,LTE,RETENTION_PROBE,0.00,93.31,93.31,True,0,6.0,True,16,1,NONE
5686,1791484226852,LTE,RETENTION_PROBE,0.00,61.07,61.07,True,0,6.0,True,16,4,NONE
5687,1791484226852,LTE,RETENTION_PROBE,0.00,73.51,73.51,True,0,6.0,True,16,2,NONE
5688,1791484226852,LTE,RETENTION_PROBE,0.00,43.27,43.27,True,0,6.0,True,16,2,NONE
5689,1791484226852,LTE,RETENTION_PROBE,0.00,99.94,99.94,True,0,6.0,True,16,4,NONE
5690,1791484226852,LTE,RETENTION_PROBE,0.00,75.51,75.51,True,0,6.0,True,16,2,NONE
5691,1791484226852,LTE,RETENTION_PROBE,0.00,50.38,50.38,True,0,6.0,True,16,2,NONE
5692,1791484226852,LTE,RETENTION_PROBE,0.00,66.21,66.21,True,0,6.0,True,16,2,NONE
5693,1791484226852,LTE,RETENTION_PROBE,0.00,87.87,87.87,True,0,6.0,True,16,2,NONE
5694,1791484226852,LTE,RETENTION_PROBE,0.00,75.40,75.40,True,0,6.0,True,16,1,NONE
5695,1791484226852,LTE,RETENTION_PROBE,0.00,85.77,85.77,True,0,6.0,True,16,1,NONE
5696,1791484226852,LTE,RETENTION_PROBE,0.00,90.05,90.05,True,0,6.0,True,16,1,NONE
5697,1791484226852,LTE,RETENTION_PROBE,0.00,67.26,67.26,True,0,6.0,True,16,2,NONE
5698,1791484226852,LTE,RETENTION_PROBE,0.00,84.27,84.27,True,0,6.0,True,16,3,NONE
5699,1791484226852,LTE,RETENTION_PROBE,0.00,65.73,65.73,True,0,6.0,True,16,3,NONE
5700,1791484226852,LTE,RETENTION_PROBE,0.00,0.00,0.00,False,1,6.0,True,16,0,RETENTION_EXPIRED
5701,1791484226852,LTE,RETENTION_PROBE,0.00,0.00,0.00,False,1,6.0,True,16,0,RETENTION_EXPIRED
5702,1791484226852,LTE,RETENTION_PROBE,0.00,89.41,89.41,True,0,6.0,True,16,3,NONE
5703,1791484226852,LTE,RETENTION_PROBE,0.00,55.69,55.69,True,0,6.0,True,16,3,NONE
5704,1791484226852,LTE,RETENTION_PROBE,0.00,62.31,62.31,True,0,6.0,True,16,1,NONE
5705,1791484226852,LTE,RETENTION_PROBE,0.00,43.08,43.08,True,0,6.0,True,16,3,NONE
5706,1791484226852,LTE,RETENTION_PROBE,0.00,39.87,39.87,True,0,6.0,True,16,4,NONE
5707,1791484226852,LTE,RETENTION_PROBE,0.00,39.04,39.04,True,0,6.0,True,16,1,NONE
5708,1791484226852,LTE,RETENTION_PROBE,0.00,74.80,74.80,True,0,6.0,True,16,3,NONE
5709,1791484226852,LTE,RETENTION_PROBE,0.00,61.33,61.33,True,0,6.0,True,16,3,NONE
5710,1791484226852,LTE,RETENTION_PROBE,0.00,56.97,56.97,True,0,6.0,True,16,3,NONE
5711,1791484226852,LTE,RETENTION_PROBE,0.00,47.76,47.76,True,0,6.0,True,16,4,NONE
5712,1791484226852,LTE,RETENTION_PROBE,0.00,248.02,248.02,True,0,6.0,True,16,4,NONE
5713,1791484226852,LTE,RETENTION_PROBE,0.00,55.85,55.85,True,0,6.0,True,16,1,NONE
5714,1791484226852,LTE,RETENTION_PROBE,0.00,89.66,89.66,True,0,6.0,True,16,3,NONE
5715,1791484226852,LTE,RETENTION_PROBE,0.00,53.73,53.73,True,0,6.0,True,16,1,NONE
5716,1791484226852,LTE,RETENTION_PROBE,0.00,0.00,0.00,False,1,6.0,True,16,0,RETENTION_EXPIRED
5717,1791484226852,LTE,RETENTION_PROBE,0.00,289.48,289.48,True,0,6.0,True,16,3,NONE
5718,1791484226852,LTE,RETENTION_PROBE,0.00,89.46,89.46,True,0,6.0,True,16,1,NONE
5719,1791484226852,LTE,RETENTION_PROBE,0.00,251.02,251.02,True,0,6.0,True,16,2,NONE
5720,1791484226852,LTE,RETENTION_PROBE,0.00,249.89,249.89,True,0,6.0,True,16,1,NONE
5721,1791484226852,LTE,RETENTION_PROBE,0.00,54.24,54.24,True,0,6.0,True,16,4,NONE
5722,1791484226852,LTE,RETENTION_PROBE,0.00,64.32,64.32,True,0,6.0,True,16,2,NONE
5723,1791484226852,LTE,RETENTION_PROBE,0.00,61.05,61.05,True,0,6.0,True,16,4,NONE
5724,1791484226852,LTE,RETENTION_PROBE,0.00,34.54,34.54,True,0,6.0,True,16,1,NONE
5725,1791484226852,LTE,RETENTION_PROBE,0.00,44.08,44.08,True,0,6.0,True,16,4,NONE
5726,1791484226852,LTE,RETENTION_PROBE,0.00,98.01,98.01,True,0,6.0,True,16,3,NONE
5727,1791484226852,LTE,RETENTION_PROBE,0.00,233.36,233.36,True,0,6.0,True,16,3,NONE
5728,1791484226852,LTE,RETENTION_PROBE,0.00,94.49,94.49,True,0,6.0,True,16,2,NONE
5729,1791484226852,LTE,RETENTION_PROBE,0.00,97.94,97.94,True,0,6.0,True,16,1,NONE
5730,1791484226852,LTE,RETENTION_PROBE,0.00,54.18,54.18,True,0,6.0,True,16,1,NONE
5731,1791484226852,LTE,RETENTION_PROBE,0.00,460.55,460.55,True,0,6.0,True,16,1,NONE
5732,1791484226852,LTE,RETENTION_PROBE,0.00,97.69,97.69,True,0,6.0,True,16,3,NONE
5733,1791484226852,LTE,RETENTION_PROBE,0.00,59.19,59.19,True,0,6.0,True,16,1,NONE
5734,1791484226852,LTE,RETENTION_PROBE,0.00,68.81,68.81,True,0,6.0,True,16,1,NONE
5735,1791484226852,LTE,RETENTION_PROBE,0.00,59.72,59.72,True,0,6.0,True,16,3,NONE
5736,1791484226852,LTE,RETENTION_PROBE,0.00,55.83,55.83,True,0,6.0,True,16,1,NONE
5737,1791484226852,LTE,RETENTION_PROBE,0.00,51.38,51.38,True,0,6.0,True,16,2,NONE
5738,1791484226852,LTE,RETENTION_PROBE,0.00,90.06,90.06,True,0,6.0,True,16,4,NONE
5739,1791484226852,LTE,RETENTION_PROBE,0.00,44.12,44.12,True,0,6.0,True,16,4,NONE
5740,1791484226852,LTE,RETENTION_PROBE,0.00,282.42,282.42,True,0,6.0,True,16,4,NONE
5741,1791484226852,LTE,RETENTION_PROBE,0.00,63.05,63.05,True,0,6.0,True,16,4,NONE
5742,1791484226852,LTE,RETENTION_PROBE,0.00,62.80,62.80,True,0,6.0,True,16,3,NONE
5743,1791484226852,LTE,RETENTION_PROBE,0.00,226.00,226.00,True,0,6.0,True,16,1,NONE
5744,1791484226852,LTE,RETENTION_PROBE,0.00,49.83,49.83,True,0,6.0,True,16,4,NONE
5745,1791484226852,LTE,RETENTION_PROBE,0.00,97.98,97.98,True,0,6.0,True,16,1,NONE
5746,1791484226852,LTE,RETENTION_PROBE,0.00,497.73,497.73,True,0,6.0,True,16,3,NONE
5747,1791484226852,LTE,RETENTION_PROBE,0.00,44.33,44.33,True,0,6.0,True,16,2,NONE
5748,1791484226852,LTE,RETENTION_PROBE,0.00,102.25,102.25,True,0,6.0,True,16,4,NONE
5749,1791484226852,LTE,RETENTION_PROBE,0.00,62.51,62.51,True,0,6.0,True,16,2,NONE
5750,1791484226852,LTE,RETENTION_PROBE,0.00,36.57,36.57,True,0,6.0,True,16,2,NONE
5751,1791484226852,LTE,RETENTION_PROBE,0.00,83.49,83.49,True,0,6.0,True,16,1,NONE
5752,1791484226852,LTE,RETENTION_PROBE,0.00,67.19,67.19,True,0,6.0,True,16,1,NONE
5753,1791484226852,LTE,RETENTION_PROBE,0.00,47.76,47.76,True,0,6.0,True,16,1,NONE
5754,1791484226852,LTE,RETENTION_PROBE,0.00,100.67,100.67,True,0,6.0,True,16,1,NONE
5755,1791484226852,LTE,RETENTION_PROBE,0.00,339.16,339.16,True,0,6.0,True,16,2,NONE
5756,1791484226852,LTE,RETENTION_PROBE,0.00,48.36,48.36,True,0,6.0,True,16,2,NONE
5757,1791484226852,LTE,RETENTION_PROBE,0.00,64.27,64.27,True,0,6.0,True,16,2,NONE
5758,1791484226852,LTE,RETENTION_PROBE,0.00,67.30,67.30,True,0,6.0,True,16,1,NONE
5759,1791484226852,LTE,RETENTION_PROBE,0.00,78.77,78.77,True,0,6.0,True,16,2,NONE
5760,1791484226852,LTE,RETENTION_PROBE,0.00,232.10,232.10,True,0,6.0,True,16,4,NONE
5761,1791484226852,LTE,RETENTION_PROBE,0.00,100.72,100.72,True,0,6.0,True,16,3,NONE
5762,1791484226852,LTE,RETENTION_PROBE,0.00,233.07,233.07,True,0,6.0,True,16,2,NONE
5763,1791484226852,LTE,RETENTION_PROBE,0.00,201.32,201.32,True,0,6.0,True,16,2,NONE
5764,1791484226852,LTE,RETENTION_PROBE,0.00,83.81,83.81,True,0,6.0,True,16,2,NONE
5765,1791484226852,LTE,RETENTION_PROBE,0.00,67.36,67.36,True,0,6.0,True,16,1,NONE
5766,1791484226852,LTE,RETENTION_PROBE,0.00,89.16,89.16,True,0,6.0,True,16,2,NONE
5767,1791484226852,LTE,RETENTION_PROBE,0.00,92.65,92.65,True,0,6.0,True,16,1,NONE
5768,1791484226852,LTE,RETENTION_PROBE,0.00,98.74,98.74,True,0,6.0,True,16,3,NONE
5769,1791484226852,LTE,RETENTION_PROBE,0.00,68.35,68.35,True,0,6.0,True,16,4,NONE
5770,1791484226852,LTE,RETENTION_PROBE,0.00,69.91,69.91,True,0,6.0,True,16,1,NONE
5771,1791484226852,LTE,RETENTION_PROBE,0.00,59.82,59.82,True,0,6.0,True,16,2,NONE
5772,1791484226852,LTE,RETENTION_PROBE,0.00,38.48,38.48,True,0,6.0,True,16,2,NONE
5773,1791484226852,LTE,RETENTION_PROBE,0.00,61.16,61.16,True,0,6.0,True,16,2,NONE
5774,1791484226852,LTE,RETENTION_PROBE,0.00,88.96,88.96,True,0,6.0,True,16,2,NONE
5775,1791484226852,LTE,RETENTION_PROBE,0.00,76.33,76.33,True,0,6.0,True,16,1,NONE
5776,1791484226852,LTE,RETENTION_PROBE,0.00,82.94,82.94,True,0,6.0,True,16,4,NONE
5777,1791484226852,LTE,RETENTION_PROBE,0.00,58.43,58.43,True,0,6.0,True,16,4,NONE
5778,1791484226852,LTE,RETENTION_PROBE,0.00,33.78,33.78,True,0,6.0,True,16,2,NONE
5779,1791484226852,LTE,RETENTION_PROBE,0.00,86.19,86.19,True,0,6.0,True,16,1,NONE
5780,1791484226852,LTE,RETENTION_PROBE,0.00,42.18,42.18,True,0,6.0,True,16,1,NONE
5781,1791484226852,LTE,RETENTION_PROBE,0.00,97.29,97.29,True,0,6.0,True,16,4,NONE
5782,1791484226852,LTE,RETENTION_PROBE,0.00,0.00,0.00,False,1,6.0,True,16,0,RETENTION_EXPIRED
5783,1791484226852,LTE,RETENTION_PROBE,0.00,259.55,259.55,True,0,6.0,True,16,3,NONE
5784,1791484226852,LTE,RETENTION_PROBE,0.00,85.24,85.24,True,0,6.0,True,16,4,NONE
5785,1791484226852,LTE,RETENTION_PROBE,0.00,33.39,33.39,True,0,6.0,True,16,4,NONE
5786,1791484226852,LTE,RETENTION_PROBE,0.00,44.19,44.19,True,0,6.0,True,16,4,NONE
5787,1791484226852,LTE,RETENTION_PROBE,0.00,35.37,35.37,True,0,6.0,True,16,1,NONE
5788,1791484226852,LTE,RETENTION_PROBE,0.00,78.91,78.91,True,0,6.0,True,16,4,NONE
5789,1791484226852,LTE,RETENTION_PROBE,0.00,90.37,90.37,True,0,6.0,True,16,2,NONE
5790,1791484226852,LTE,RETENTION_PROBE,0.00,0.00,0.00,False,1,6.0,True,16,0,RETENTION_EXPIRED
5791,1791484226852,LTE,RETENTION_PROBE,0.00,93.25,93.25,True,0,6.0,True,16,3,NONE
5792,1791484226852,LTE,RETENTION_PROBE,0.00,61.76,61.76,True,0,6.0,True,16,4,NONE
5793,1791484226852,LTE,RETENTION_PROBE,0.00,88.83,88.83,True,0,6.0,True,16,2,NONE
5794,1791484226852,LTE,RETENTION_PROBE,0.00,74.22,74.22,True,0,6.0,True,16,2,NONE
5795,1791484226852,LTE,RETENTION_PROBE,0.00,80.33,80.33,True,0,6.0,True,16,3,NONE
5796,1791484226852,LTE,RETENTION_PROBE,0.00,296.75,296.75,True,0,6.0,True,16,2,NONE
5797,1791484226852,LTE,RETENTION_PROBE,0.00,49.06,49.06,True,0,6.0,True,16,2,NONE
5798,1791484226852,LTE,RETENTION_PROBE,0.00,63.76,63.76,True,0,6.0,True,16,1,NONE
5799,1791484226852,LTE,RETENTION_PROBE,0.00,48.15,48.15,True,0,6.0,True,16,1,NONE
5800,1791484226852,LTE,RETENTION_PROBE,0.00,309.44,309.44,True,0,6.0,True,16,1,NONE
5801,1791484226852,LTE,RETENTION_PROBE,0.00,265.07,265.07,True,0,6.0,True,16,2,NONE
5802,1791484226852,LTE,RETENTION_PROBE,0.00,60.62,60.62,True,0,6.0,True,16,1,NONE
5803,1791484226852,LTE,RETENTION_PROBE,0.00,295.04,295.04,True,0,6.0,True,16,2,NONE
5804,1791484226852,LTE,RETENTION_PROBE,0.00,102.75,102.75,True,0,6.0,True,16,1,NONE
5805,1791484226852,LTE,RETENTION_PROBE,0.00,82.59,82.59,True,0,6.0,True,16,1,NONE
5806,1791484226852,LTE,RETENTION_PROBE,0.00,37.65,37.65,True,0,6.0,True,16,4,NONE
5807,1791484226852,LTE,RETENTION_PROBE,0.00,91.30,91.30,True,0,6.0,True,16,1,NONE
5808,1791484226852,LTE,RETENTION_PROBE,0.00,33.49,33.49,True,0,6.0,True,16,1,NONE
5809,1791484226852,LTE,RETENTION_PROBE,0.00,0.00,0.00,False,1,6.0,True,16,0,RETENTION_EXPIRED
5810,1791484226852,LTE,RETENTION_PROBE,0.00,39.84,39.84,True,0,6.0,True,16,1,NONE
5811,1791484226852,LTE,RETENTION_PROBE,0.00,238.81,238.81,True,0,6.0,True,16,1,NONE
5812,1791484226852,LTE,RETENTION_PROBE,0.00,240.29,240.29,True,0,6.0,True,16,1,NONE
5813,1791484226852,LTE,RETENTION_PROBE,0.00,77.07,77.07,True,0,6.0,True,16,2,NONE
5814,1791484226852,LTE,RETENTION_PROBE,0.00,99.76,99.76,True,0,6.0,True,16,3,NONE
5815,1791484226852,LTE,RETENTION_PROBE,0.00,62.60,62.60,True,0,6.0,True,16,4,NONE
5816,1791484226852,LTE,RETENTION_PROBE,0.00,36.78,36.78,True,0,6.0,True,16,4,NONE
5817,1791484226852,LTE,RETENTION_PROBE,0.00,102.33,102.33,True,0,6.0,True,16,3,NONE
5818,1791484226852,LTE,RETENTION_PROBE,0.00,0.00,0.00,False,1,6.0,True,16,0,RETENTION_EXPIRED
5819,1791484226852,LTE,RETENTION_PROBE,0.00,53.84,53.84,True,0,6.0,True,16,2,NONE
5820,1791484226852,LTE,RETENTION_PROBE,0.00,279.69,279.69,True,0,6.0,True,16,2,NONE
5821,1791484226852,LTE,RETENTION_PROBE,0.00,59.02,59.02,True,0,6.0,True,16,1,NONE
5822,1791484226852,LTE,RETENTION_PROBE,0.00,57.95,57.95,True,0,6.0,True,16,4,NONE
5823,1791484226852,RESTRICTIVE_NAT,RETENTION_PROBE,0.00,391.54,391.54,True,0,6.0,True,16,2,NONE
5824,1791484226852,RESTRICTIVE_NAT,RETENTION_PROBE,0.00,162.98,162.98,True,0,6.0,True,16,3,NONE
5825,1791484226852,RESTRICTIVE_NAT,RETENTION_PROBE,0.00,0.00,0.00,False,1,6.0,True,16,0,RETENTION_EXPIRED
5826,1791484226852,RESTRICTIVE_NAT,RETENTION_PROBE,0.00,0.00,0.00,False,1,6.0,True,16,0,RETENTION_EXPIRED
5827,1791484226852,RESTRICTIVE_NAT,RETENTION_PROBE,0.00,95.11,95.11,True,0,6.0,True,16,3,NONE
5828,1791484226852,RESTRICTIVE_NAT,RETENTION_PROBE,0.00,0.00,0.00,False,1,6.0,True,16,0,RETENTION_EXPIRED
5829,1791484226852,RESTRICTIVE_NAT,RETENTION_PROBE,0.00,523.77,523.77,True,0,6.0,True,16,1,NONE
5830,1791484226852,RESTRICTIVE_NAT,RETENTION_PROBE,0.00,522.87,522.87,True,0,6.0,True,16,3,NONE
5831,1791484226852,RESTRICTIVE_NAT,RETENTION_PROBE,0.00,140.21,140.21,True,0,6.0,True,16,4,NONE
5832,1791484226852,RESTRICTIVE_NAT,RETENTION_PROBE,0.00,973.43,973.43,True,0,6.0,True,16,2,NONE
5833,1791484226852,RESTRICTIVE_NAT,RETENTION_PROBE,0.00,89.82,89.82,True,0,6.0,True,16,3,NONE
5834,1791484226852,RESTRICTIVE_NAT,RETENTION_PROBE,0.00,166.99,166.99,True,0,6.0,True,16,4,NONE
5835,1791484226852,RESTRICTIVE_NAT,RETENTION_PROBE,0.00,0.00,0.00,False,1,6.0,True,16,0,RETENTION_EXPIRED
5836,1791484226852,RESTRICTIVE_NAT,RETENTION_PROBE,0.00,345.06,345.06,True,0,6.0,True,16,3,NONE
5837,1791484226852,RESTRICTIVE_NAT,RETENTION_PROBE,0.00,479.89,479.89,True,0,6.0,True,16,3,NONE
5838,1791484226852,RESTRICTIVE_NAT,RETENTION_PROBE,0.00,172.00,172.00,True,0,6.0,True,16,1,NONE
5839,1791484226852,RESTRICTIVE_NAT,RETENTION_PROBE,0.00,93.14,93.14,True,0,6.0,True,16,2,NONE
5840,1791484226852,RESTRICTIVE_NAT,RETENTION_PROBE,0.00,478.31,478.31,True,0,6.0,True,16,2,NONE
5841,1791484226852,RESTRICTIVE_NAT,RETENTION_PROBE,0.00,83.93,83.93,True,0,6.0,True,16,1,NONE
5842,1791484226852,RESTRICTIVE_NAT,RETENTION_PROBE,0.00,318.85,318.85,True,0,6.0,True,16,2,NONE
5843,1791484226852,RESTRICTIVE_NAT,RETENTION_PROBE,0.00,0.00,0.00,False,1,6.0,True,16,0,RETENTION_EXPIRED
5844,1791484226852,RESTRICTIVE_NAT,RETENTION_PROBE,0.00,567.64,567.64,True,0,6.0,True,16,2,NONE
5845,1791484226852,RESTRICTIVE_NAT,RETENTION_PROBE,0.00,171.40,171.40,True,0,6.0,True,16,4,NONE
5846,1791484226852,RESTRICTIVE_NAT,RETENTION_PROBE,0.00,0.00,0.00,False,1,6.0,True,16,0,RETENTION_EXPIRED
5847,1791484226852,RESTRICTIVE_NAT,RETENTION_PROBE,0.00,73.15,73.15,True,0,6.0,True,16,3,NONE
5848,1791484226852,RESTRICTIVE_NAT,RETENTION_PROBE,0.00,569.87,569.87,True,0,6.0,True,16,2,NONE
5849,1791484226852,RESTRICTIVE_NAT,RETENTION_PROBE,0.00,259.56,259.56,True,0,6.0,True,16,2,NONE
5850,1791484226852,RESTRICTIVE_NAT,RETENTION_PROBE,0.00,114.55,114.55,True,0,6.0,True,16,3,NONE
5851,1791484226852,RESTRICTIVE_NAT,RETENTION_PROBE,0.00,520.92,520.92,True,0,6.0,True,16,4,NONE
5852,1791484226853,RESTRICTIVE_NAT,RETENTION_PROBE,0.00,57.78,57.78,True,0,6.0,True,16,4,NONE
5853,1791484226853,RESTRICTIVE_NAT,RETENTION_PROBE,0.00,142.81,142.81,True,0,6.0,True,16,2,NONE
5854,1791484226853,RESTRICTIVE_NAT,RETENTION_PROBE,0.00,636.69,636.69,True,0,6.0,True,16,0,NONE
5855,1791484226853,RESTRICTIVE_NAT,RETENTION_PROBE,0.00,626.78,626.78,True,0,6.0,True,16,3,NONE
5856,1791484226853,RESTRICTIVE_NAT,RETENTION_PROBE,0.00,95.96,95.96,True,0,6.0,True,16,3,NONE
5857,1791484226853,RESTRICTIVE_NAT,RETENTION_PROBE,0.00,169.05,169.05,True,0,6.0,True,16,3,NONE
5858,1791484226853,RESTRICTIVE_NAT,RETENTION_PROBE,0.00,120.67,120.67,True,0,6.0,True,16,2,NONE
5859,1791484226853,RESTRICTIVE_NAT,RETENTION_PROBE,0.00,603.46,603.46,True,0,6.0,True,16,1,NONE
5860,1791484226853,RESTRICTIVE_NAT,RETENTION_PROBE,0.00,418.01,418.01,True,0,6.0,True,16,3,NONE
5861,1791484226853,RESTRICTIVE_NAT,RETENTION_PROBE,0.00,923.22,923.22,True,0,6.0,True,16,1,NONE
5862,1791484226853,RESTRICTIVE_NAT,RETENTION_PROBE,0.00,136.86,136.86,True,0,6.0,True,16,3,NONE
5863,1791484226853,RESTRICTIVE_NAT,RETENTION_PROBE,0.00,85.55,85.55,True,0,6.0,True,16,2,NONE
5864,1791484226853,RESTRICTIVE_NAT,RETENTION_PROBE,0.00,568.22,568.22,True,0,6.0,True,16,4,NONE
5865,1791484226853,RESTRICTIVE_NAT,RETENTION_PROBE,0.00,95.52,95.52,True,0,6.0,True,16,1,NONE
5866,1791484226853,RESTRICTIVE_NAT,RETENTION_PROBE,0.00,154.04,154.04,True,0,6.0,True,16,4,NONE
5867,1791484226853,RESTRICTIVE_NAT,RETENTION_PROBE,0.00,145.69,145.69,True,0,6.0,True,16,2,NONE
5868,1791484226853,RESTRICTIVE_NAT,RETENTION_PROBE,0.00,172.17,172.17,True,0,6.0,True,16,3,NONE
5869,1791484226853,RESTRICTIVE_NAT,RETENTION_PROBE,0.00,85.99,85.99,True,0,6.0,True,16,2,NONE
5870,1791484226853,RESTRICTIVE_NAT,RETENTION_PROBE,0.00,0.00,0.00,False,1,6.0,True,16,0,RETENTION_EXPIRED
5871,1791484226853,RESTRICTIVE_NAT,RETENTION_PROBE,0.00,93.67,93.67,True,0,6.0,True,16,2,NONE
5872,1791484226853,RESTRICTIVE_NAT,RETENTION_PROBE,0.00,574.58,574.58,True,0,6.0,True,16,0,NONE
5873,1791484226853,RESTRICTIVE_NAT,RETENTION_PROBE,0.00,620.81,620.81,True,0,6.0,True,16,1,NONE
5874,1791484226853,RESTRICTIVE_NAT,RETENTION_PROBE,0.00,0.00,0.00,False,1,6.0,True,16,0,RETENTION_EXPIRED
5875,1791484226853,RESTRICTIVE_NAT,RETENTION_PROBE,0.00,144.48,144.48,True,0,6.0,True,16,2,NONE
5876,1791484226853,RESTRICTIVE_NAT,RETENTION_PROBE,0.00,0.00,0.00,False,1,6.0,True,16,0,RETENTION_EXPIRED
5877,1791484226853,RESTRICTIVE_NAT,RETENTION_PROBE,0.00,452.47,452.47,True,0,6.0,True,16,1,NONE
5878,1791484226853,RESTRICTIVE_NAT,RETENTION_PROBE,0.00,94.32,94.32,True,0,6.0,True,16,2,NONE
5879,1791484226853,RESTRICTIVE_NAT,RETENTION_PROBE,0.00,67.45,67.45,True,0,6.0,True,16,2,NONE
5880,1791484226853,RESTRICTIVE_NAT,RETENTION_PROBE,0.00,168.63,168.63,True,0,6.0,True,16,3,NONE
5881,1791484226853,RESTRICTIVE_NAT,RETENTION_PROBE,0.00,973.74,973.74,True,0,6.0,True,16,0,NONE
5882,1791484226853,RESTRICTIVE_NAT,RETENTION_PROBE,0.00,98.00,98.00,True,0,6.0,True,16,3,NONE
5883,1791484226853,RESTRICTIVE_NAT,RETENTION_PROBE,0.00,107.50,107.50,True,0,6.0,True,16,4,NONE
5884,1791484226853,RESTRICTIVE_NAT,RETENTION_PROBE,0.00,169.77,169.77,True,0,6.0,True,16,4,NONE
5885,1791484226853,RESTRICTIVE_NAT,RETENTION_PROBE,0.00,621.23,621.23,True,0,6.0,True,16,4,NONE
5886,1791484226853,RESTRICTIVE_NAT,RETENTION_PROBE,0.00,160.35,160.35,True,0,6.0,True,16,2,NONE
5887,1791484226853,RESTRICTIVE_NAT,RETENTION_PROBE,0.00,214.57,214.57,True,0,6.0,True,16,4,NONE
5888,1791484226853,RESTRICTIVE_NAT,RETENTION_PROBE,0.00,115.93,115.93,True,0,6.0,True,16,3,NONE
5889,1791484226853,RESTRICTIVE_NAT,RETENTION_PROBE,0.00,120.89,120.89,True,0,6.0,True,16,3,NONE
5890,1791484226853,RESTRICTIVE_NAT,RETENTION_PROBE,0.00,132.01,132.01,True,0,6.0,True,16,4,NONE
5891,1791484226853,RESTRICTIVE_NAT,RETENTION_PROBE,0.00,0.00,0.00,False,1,6.0,True,16,0,RETENTION_EXPIRED
5892,1791484226853,RESTRICTIVE_NAT,RETENTION_PROBE,0.00,131.48,131.48,True,0,6.0,True,16,2,NONE
5893,1791484226853,RESTRICTIVE_NAT,RETENTION_PROBE,0.00,147.23,147.23,True,0,6.0,True,16,2,NONE
5894,1791484226853,RESTRICTIVE_NAT,RETENTION_PROBE,0.00,261.02,261.02,True,0,6.0,True,16,3,NONE
5895,1791484226853,RESTRICTIVE_NAT,RETENTION_PROBE,0.00,103.31,103.31,True,0,6.0,True,16,2,NONE
5896,1791484226853,RESTRICTIVE_NAT,RETENTION_PROBE,0.00,91.45,91.45,True,0,6.0,True,16,1,NONE
5897,1791484226853,RESTRICTIVE_NAT,RETENTION_PROBE,0.00,145.88,145.88,True,0,6.0,True,16,4,NONE
5898,1791484226853,RESTRICTIVE_NAT,RETENTION_PROBE,0.00,93.84,93.84,True,0,6.0,True,16,2,NONE
5899,1791484226853,RESTRICTIVE_NAT,RETENTION_PROBE,0.00,0.00,0.00,False,1,6.0,True,16,0,RETENTION_EXPIRED
5900,1791484226853,RESTRICTIVE_NAT,RETENTION_PROBE,0.00,179.38,179.38,True,0,6.0,True,16,2,NONE
5901,1791484226853,RESTRICTIVE_NAT,RETENTION_PROBE,0.00,551.48,551.48,True,0,6.0,True,16,3,NONE
5902,1791484226853,RESTRICTIVE_NAT,RETENTION_PROBE,0.00,301.34,301.34,True,0,6.0,True,16,4,NONE
5903,1791484226853,RESTRICTIVE_NAT,RETENTION_PROBE,0.00,584.20,584.20,True,0,6.0,True,16,1,NONE
5904,1791484226853,RESTRICTIVE_NAT,RETENTION_PROBE,0.00,0.00,0.00,False,1,6.0,True,16,0,RETENTION_EXPIRED
5905,1791484226853,RESTRICTIVE_NAT,RETENTION_PROBE,0.00,52.55,52.55,True,0,6.0,True,16,3,NONE
5906,1791484226853,RESTRICTIVE_NAT,RETENTION_PROBE,0.00,132.54,132.54,True,0,6.0,True,16,4,NONE
5907,1791484226853,RESTRICTIVE_NAT,RETENTION_PROBE,0.00,167.62,167.62,True,0,6.0,True,16,1,NONE
5908,1791484226853,RESTRICTIVE_NAT,RETENTION_PROBE,0.00,118.99,118.99,True,0,6.0,True,16,3,NONE
5909,1791484226853,RESTRICTIVE_NAT,RETENTION_PROBE,0.00,0.00,0.00,False,1,6.0,True,16,0,RETENTION_EXPIRED
5910,1791484226853,RESTRICTIVE_NAT,RETENTION_PROBE,0.00,114.96,114.96,True,0,6.0,True,16,4,NONE
5911,1791484226853,RESTRICTIVE_NAT,RETENTION_PROBE,0.00,318.79,318.79,True,0,6.0,True,16,3,NONE
5912,1791484226853,RESTRICTIVE_NAT,RETENTION_PROBE,0.00,0.00,0.00,False,1,6.0,True,16,0,RETENTION_EXPIRED
5913,1791484226853,RESTRICTIVE_NAT,RETENTION_PROBE,0.00,334.51,334.51,True,0,6.0,True,16,1,NONE
5914,1791484226853,RESTRICTIVE_NAT,RETENTION_PROBE,0.00,112.05,112.05,True,0,6.0,True,16,4,NONE
5915,1791484226853,RESTRICTIVE_NAT,RETENTION_PROBE,0.00,116.13,116.13,True,0,6.0,True,16,1,NONE
5916,1791484226853,RESTRICTIVE_NAT,RETENTION_PROBE,0.00,82.83,82.83,True,0,6.0,True,16,1,NONE
5917,1791484226853,RESTRICTIVE_NAT,RETENTION_PROBE,0.00,100.87,100.87,True,0,6.0,True,16,4,NONE
5918,1791484226853,RESTRICTIVE_NAT,RETENTION_PROBE,0.00,57.54,57.54,True,0,6.0,True,16,3,NONE
5919,1791484226853,RESTRICTIVE_NAT,RETENTION_PROBE,0.00,93.85,93.85,True,0,6.0,True,16,1,NONE
5920,1791484226853,RESTRICTIVE_NAT,RETENTION_PROBE,0.00,167.84,167.84,True,0,6.0,True,16,1,NONE
5921,1791484226853,RESTRICTIVE_NAT,RETENTION_PROBE,0.00,0.00,0.00,False,1,6.0,True,16,0,RETENTION_EXPIRED
5922,1791484226853,RESTRICTIVE_NAT,RETENTION_PROBE,0.00,318.62,318.62,True,0,6.0,True,16,2,NONE
5923,1791484226853,RESTRICTIVE_NAT,RETENTION_PROBE,0.00,459.00,459.00,True,0,6.0,True,16,2,NONE
5924,1791484226853,RESTRICTIVE_NAT,RETENTION_PROBE,0.00,515.13,515.13,True,0,6.0,True,16,0,NONE
5925,1791484226853,RESTRICTIVE_NAT,RETENTION_PROBE,0.00,125.45,125.45,True,0,6.0,True,16,2,NONE
5926,1791484226853,RESTRICTIVE_NAT,RETENTION_PROBE,0.00,90.95,90.95,True,0,6.0,True,16,4,NONE
5927,1791484226853,RESTRICTIVE_NAT,RETENTION_PROBE,0.00,420.34,420.34,True,0,6.0,True,16,3,NONE
5928,1791484226853,RESTRICTIVE_NAT,RETENTION_PROBE,0.00,175.33,175.33,True,0,6.0,True,16,1,NONE
5929,1791484226853,RESTRICTIVE_NAT,RETENTION_PROBE,0.00,112.75,112.75,True,0,6.0,True,16,2,NONE
5930,1791484226853,RESTRICTIVE_NAT,RETENTION_PROBE,0.00,148.16,148.16,True,0,6.0,True,16,4,NONE
5931,1791484226853,RESTRICTIVE_NAT,RETENTION_PROBE,0.00,96.45,96.45,True,0,6.0,True,16,1,NONE
5932,1791484226853,RESTRICTIVE_NAT,RETENTION_PROBE,0.00,76.84,76.84,True,0,6.0,True,16,2,NONE
5933,1791484226853,RESTRICTIVE_NAT,RETENTION_PROBE,0.00,153.44,153.44,True,0,6.0,True,16,3,NONE
5934,1791484226853,RESTRICTIVE_NAT,RETENTION_PROBE,0.00,150.53,150.53,True,0,6.0,True,16,3,NONE
5935,1791484226853,RESTRICTIVE_NAT,RETENTION_PROBE,0.00,0.00,0.00,False,1,6.0,True,16,0,RETENTION_EXPIRED
5936,1791484226853,RESTRICTIVE_NAT,RETENTION_PROBE,0.00,66.16,66.16,True,0,6.0,True,16,1,NONE
5937,1791484226853,RESTRICTIVE_NAT,RETENTION_PROBE,0.00,0.00,0.00,False,1,6.0,True,16,0,RETENTION_EXPIRED
5938,1791484226853,RESTRICTIVE_NAT,RETENTION_PROBE,0.00,77.39,77.39,True,0,6.0,True,16,4,NONE
5939,1791484226853,RESTRICTIVE_NAT,RETENTION_PROBE,0.00,557.12,557.12,True,0,6.0,True,16,3,NONE
5940,1791484226853,RESTRICTIVE_NAT,RETENTION_PROBE,0.00,154.69,154.69,True,0,6.0,True,16,2,NONE
5941,1791484226853,RESTRICTIVE_NAT,RETENTION_PROBE,0.00,522.77,522.77,True,0,6.0,True,16,4,NONE
5942,1791484226853,RESTRICTIVE_NAT,RETENTION_PROBE,0.00,774.57,774.57,True,0,6.0,True,16,4,NONE
5943,1791484226853,RESTRICTIVE_NAT,RETENTION_PROBE,0.00,0.00,0.00,False,1,6.0,True,16,0,RETENTION_EXPIRED
5944,1791484226853,RESTRICTIVE_NAT,RETENTION_PROBE,0.00,60.51,60.51,True,0,6.0,True,16,2,NONE
5945,1791484226853,RESTRICTIVE_NAT,RETENTION_PROBE,0.00,152.04,152.04,True,0,6.0,True,16,4,NONE
5946,1791484226853,RESTRICTIVE_NAT,RETENTION_PROBE,0.00,760.57,760.57,True,0,6.0,True,16,0,NONE
5947,1791484226853,RESTRICTIVE_NAT,RETENTION_PROBE,0.00,0.00,0.00,False,1,6.0,True,16,0,RETENTION_EXPIRED
5948,1791484226853,RESTRICTIVE_NAT,RETENTION_PROBE,0.00,119.45,119.45,True,0,6.0,True,16,1,NONE
5949,1791484226853,RESTRICTIVE_NAT,RETENTION_PROBE,0.00,148.30,148.30,True,0,6.0,True,16,3,NONE
5950,1791484226853,RESTRICTIVE_NAT,RETENTION_PROBE,0.00,179.97,179.97,True,0,6.0,True,16,3,NONE
5951,1791484226853,RESTRICTIVE_NAT,RETENTION_PROBE,0.00,637.02,637.02,True,0,6.0,True,16,3,NONE
5952,1791484226853,RESTRICTIVE_NAT,RETENTION_PROBE,0.00,51.82,51.82,True,0,6.0,True,16,2,NONE
5953,1791484226853,RESTRICTIVE_NAT,RETENTION_PROBE,0.00,147.01,147.01,True,0,6.0,True,16,3,NONE
5954,1791484226853,RESTRICTIVE_NAT,RETENTION_PROBE,0.00,371.22,371.22,True,0,6.0,True,16,4,NONE
5955,1791484226853,RESTRICTIVE_NAT,RETENTION_PROBE,0.00,94.33,94.33,True,0,6.0,True,16,3,NONE
5956,1791484226853,RESTRICTIVE_NAT,RETENTION_PROBE,0.00,116.09,116.09,True,0,6.0,True,16,3,NONE
5957,1791484226853,RESTRICTIVE_NAT,RETENTION_PROBE,0.00,560.37,560.37,True,0,6.0,True,16,2,NONE
5958,1791484226853,RESTRICTIVE_NAT,RETENTION_PROBE,0.00,102.91,102.91,True,0,6.0,True,16,3,NONE
5959,1791484226853,RESTRICTIVE_NAT,RETENTION_PROBE,0.00,278.03,278.03,True,0,6.0,True,16,1,NONE
5960,1791484226853,RESTRICTIVE_NAT,RETENTION_PROBE,0.00,568.45,568.45,True,0,6.0,True,16,1,NONE
5961,1791484226853,RESTRICTIVE_NAT,RETENTION_PROBE,0.00,300.53,300.53,True,0,6.0,True,16,1,NONE
5962,1791484226853,RESTRICTIVE_NAT,RETENTION_PROBE,0.00,165.08,165.08,True,0,6.0,True,16,4,NONE
5963,1791484226853,RESTRICTIVE_NAT,RETENTION_PROBE,0.00,74.22,74.22,True,0,6.0,True,16,2,NONE
5964,1791484226853,RESTRICTIVE_NAT,RETENTION_PROBE,0.00,532.95,532.95,True,0,6.0,True,16,1,NONE
5965,1791484226853,RESTRICTIVE_NAT,RETENTION_PROBE,0.00,618.14,618.14,True,0,6.0,True,16,1,NONE
5966,1791484226853,RESTRICTIVE_NAT,RETENTION_PROBE,0.00,385.91,385.91,True,0,6.0,True,16,2,NONE
5967,1791484226853,RESTRICTIVE_NAT,RETENTION_PROBE,0.00,126.22,126.22,True,0,6.0,True,16,2,NONE
5968,1791484226853,RESTRICTIVE_NAT,RETENTION_PROBE,0.00,87.00,87.00,True,0,6.0,True,16,4,NONE
5969,1791484226853,RESTRICTIVE_NAT,RETENTION_PROBE,0.00,90.02,90.02,True,0,6.0,True,16,4,NONE
5970,1791484226853,RESTRICTIVE_NAT,RETENTION_PROBE,0.00,409.83,409.83,True,0,6.0,True,16,3,NONE
5971,1791484226853,RESTRICTIVE_NAT,RETENTION_PROBE,0.00,69.32,69.32,True,0,6.0,True,16,1,NONE
5972,1791484226853,RESTRICTIVE_NAT,RETENTION_PROBE,0.00,0.00,0.00,False,1,6.0,True,16,0,RETENTION_EXPIRED
5973,1791484226853,RESTRICTIVE_NAT,RETENTION_PROBE,0.00,552.92,552.92,True,0,6.0,True,16,1,NONE
5974,1791484226853,RESTRICTIVE_NAT,RETENTION_PROBE,0.00,98.48,98.48,True,0,6.0,True,16,1,NONE
5975,1791484226853,RESTRICTIVE_NAT,RETENTION_PROBE,0.00,96.52,96.52,True,0,6.0,True,16,4,NONE
5976,1791484226853,RESTRICTIVE_NAT,RETENTION_PROBE,0.00,71.65,71.65,True,0,6.0,True,16,1,NONE
5977,1791484226853,RESTRICTIVE_NAT,RETENTION_PROBE,0.00,174.68,174.68,True,0,6.0,True,16,1,NONE
5978,1791484226853,RESTRICTIVE_NAT,RETENTION_PROBE,0.00,119.25,119.25,True,0,6.0,True,16,1,NONE
5979,1791484226853,RESTRICTIVE_NAT,RETENTION_PROBE,0.00,293.68,293.68,True,0,6.0,True,16,3,NONE
5980,1791484226853,RESTRICTIVE_NAT,RETENTION_PROBE,0.00,56.96,56.96,True,0,6.0,True,16,3,NONE
5981,1791484226853,RESTRICTIVE_NAT,RETENTION_PROBE,0.00,353.73,353.73,True,0,6.0,True,16,1,NONE
5982,1791484226853,RESTRICTIVE_NAT,RETENTION_PROBE,0.00,563.14,563.14,True,0,6.0,True,16,4,NONE
5983,1791484226853,RESTRICTIVE_NAT,RETENTION_PROBE,0.00,111.70,111.70,True,0,6.0,True,16,2,NONE
5984,1791484226853,RESTRICTIVE_NAT,RETENTION_PROBE,0.00,153.10,153.10,True,0,6.0,True,16,2,NONE
5985,1791484226853,RESTRICTIVE_NAT,RETENTION_PROBE,0.00,168.56,168.56,True,0,6.0,True,16,4,NONE
5986,1791484226853,RESTRICTIVE_NAT,RETENTION_PROBE,0.00,566.61,566.61,True,0,6.0,True,16,1,NONE
5987,1791484226853,RESTRICTIVE_NAT,RETENTION_PROBE,0.00,485.66,485.66,True,0,6.0,True,16,2,NONE
5988,1791484226853,RESTRICTIVE_NAT,RETENTION_PROBE,0.00,0.00,0.00,False,1,6.0,True,16,0,RETENTION_EXPIRED
5989,1791484226853,WIFI,RETENTION_PROBE,0.00,0.00,0.00,False,1,24.0,False,16,0,RETENTION_EXPIRED
5990,1791484226853,WIFI,RETENTION_PROBE,0.00,0.00,0.00,False,1,24.0,False,16,0,RETENTION_EXPIRED
5991,1791484226853,WIFI,RETENTION_PROBE,0.00,0.00,0.00,False,1,24.0,False,16,0,RETENTION_EXPIRED
5992,1791484226853,WIFI,RETENTION_PROBE,0.00,0.00,0.00,False,1,24.0,False,16,0,RETENTION_EXPIRED
5993,1791484226853,WIFI,RETENTION_PROBE,0.00,0.00,0.00,False,1,24.0,False,16,0,RETENTION_EXPIRED
5994,1791484226853,WIFI,RETENTION_PROBE,0.00,0.00,0.00,False,1,24.0,False,16,0,RETENTION_EXPIRED
5995,1791484226853,WIFI,RETENTION_PROBE,0.00,0.00,0.00,False,1,24.0,False,16,0,RETENTION_EXPIRED
5996,1791484226853,WIFI,RETENTION_PROBE,0.00,0.00,0.00,False,1,24.0,False,16,0,RETENTION_EXPIRED
5997,1791484226853,WIFI,RETENTION_PROBE,0.00,0.00,0.00,False,1,24.0,False,16,0,RETENTION_EXPIRED
5998,1791484226853,WIFI,RETENTION_PROBE,0.00,0.00,0.00,False,1,24.0,False,16,0,RETENTION_EXPIRED
5999,1791484226853,WIFI,RETENTION_PROBE,0.00,0.00,0.00,False,1,24.0,False,16,0,RETENTION_EXPIRED
6000,1791484226853,WIFI,RETENTION_PROBE,0.00,0.00,0.00,False,1,24.0,False,16,0,RETENTION_EXPIRED
6001,1791484226853,WIFI,RETENTION_PROBE,0.00,0.00,0.00,False,1,24.0,False,16,0,RETENTION_EXPIRED
6002,1791484226853,WIFI,RETENTION_PROBE,0.00,0.00,0.00,False,1,24.0,False,16,0,RETENTION_EXPIRED
6003,1791484226853,WIFI,RETENTION_PROBE,0.00,0.00,0.00,False,1,24.0,False,16,0,RETENTION_EXPIRED
6004,1791484226853,WIFI,RETENTION_PROBE,0.00,0.00,0.00,False,1,24.0,False,16,0,RETENTION_EXPIRED
6005,1791484226853,WIFI,RETENTION_PROBE,0.00,0.00,0.00,False,1,24.0,False,16,0,RETENTION_EXPIRED
6006,1791484226853,WIFI,RETENTION_PROBE,0.00,0.00,0.00,False,1,24.0,False,16,0,RETENTION_EXPIRED
6007,1791484226853,WIFI,RETENTION_PROBE,0.00,0.00,0.00,False,1,24.0,False,16,0,RETENTION_EXPIRED
6008,1791484226853,WIFI,RETENTION_PROBE,0.00,0.00,0.00,False,1,24.0,False,16,0,RETENTION_EXPIRED
6009,1791484226853,WIFI,RETENTION_PROBE,0.00,0.00,0.00,False,1,24.0,False,16,0,RETENTION_EXPIRED
6010,1791484226853,WIFI,RETENTION_PROBE,0.00,0.00,0.00,False,1,24.0,False,16,0,RETENTION_EXPIRED
6011,1791484226853,WIFI,RETENTION_PROBE,0.00,0.00,0.00,False,1,24.0,False,16,0,RETENTION_EXPIRED
6012,1791484226853,WIFI,RETENTION_PROBE,0.00,0.00,0.00,False,1,24.0,False,16,0,RETENTION_EXPIRED
6013,1791484226853,WIFI,RETENTION_PROBE,0.00,0.00,0.00,False,1,24.0,False,16,0,RETENTION_EXPIRED
6014,1791484226853,WIFI,RETENTION_PROBE,0.00,0.00,0.00,False,1,24.0,False,16,0,RETENTION_EXPIRED
6015,1791484226853,WIFI,RETENTION_PROBE,0.00,0.00,0.00,False,1,24.0,False,16,0,RETENTION_EXPIRED
6016,1791484226853,WIFI,RETENTION_PROBE,0.00,0.00,0.00,False,1,24.0,False,16,0,RETENTION_EXPIRED
6017,1791484226853,WIFI,RETENTION_PROBE,0.00,0.00,0.00,False,1,24.0,False,16,0,RETENTION_EXPIRED
6018,1791484226853,WIFI,RETENTION_PROBE,0.00,0.00,0.00,False,1,24.0,False,16,0,RETENTION_EXPIRED
6019,1791484226853,WIFI,RETENTION_PROBE,0.00,0.00,0.00,False,1,24.0,False,16,0,RETENTION_EXPIRED
6020,1791484226853,WIFI,RETENTION_PROBE,0.00,0.00,0.00,False,1,24.0,False,16,0,RETENTION_EXPIRED
6021,1791484226853,WIFI,RETENTION_PROBE,0.00,0.00,0.00,False,1,24.0,False,16,0,RETENTION_EXPIRED
6022,1791484226853,WIFI,RETENTION_PROBE,0.00,0.00,0.00,False,1,24.0,False,16,0,RETENTION_EXPIRED
6023,1791484226853,WIFI,RETENTION_PROBE,0.00,0.00,0.00,False,1,24.0,False,16,0,RETENTION_EXPIRED
6024,1791484226853,WIFI,RETENTION_PROBE,0.00,0.00,0.00,False,1,24.0,False,16,0,RETENTION_EXPIRED
6025,1791484226853,WIFI,RETENTION_PROBE,0.00,0.00,0.00,False,1,24.0,False,16,0,RETENTION_EXPIRED
6026,1791484226853,WIFI,RETENTION_PROBE,0.00,0.00,0.00,False,1,24.0,False,16,0,RETENTION_EXPIRED
6027,1791484226853,WIFI,RETENTION_PROBE,0.00,0.00,0.00,False,1,24.0,False,16,0,RETENTION_EXPIRED
6028,1791484226853,WIFI,RETENTION_PROBE,0.00,0.00,0.00,False,1,24.0,False,16,0,RETENTION_EXPIRED
6029,1791484226853,WIFI,RETENTION_PROBE,0.00,0.00,0.00,False,1,24.0,False,16,0,RETENTION_EXPIRED
6030,1791484226853,WIFI,RETENTION_PROBE,0.00,0.00,0.00,False,1,24.0,False,16,0,RETENTION_EXPIRED
6031,1791484226853,WIFI,RETENTION_PROBE,0.00,0.00,0.00,False,1,24.0,False,16,0,RETENTION_EXPIRED
6032,1791484226853,WIFI,RETENTION_PROBE,0.00,0.00,0.00,False,1,24.0,False,16,0,RETENTION_EXPIRED
6033,1791484226853,WIFI,RETENTION_PROBE,0.00,0.00,0.00,False,1,24.0,False,16,0,RETENTION_EXPIRED
6034,1791484226853,WIFI,RETENTION_PROBE,0.00,0.00,0.00,False,1,24.0,False,16,0,RETENTION_EXPIRED
6035,1791484226853,WIFI,RETENTION_PROBE,0.00,0.00,0.00,False,1,24.0,False,16,0,RETENTION_EXPIRED
6036,1791484226853,WIFI,RETENTION_PROBE,0.00,0.00,0.00,False,1,24.0,False,16,0,RETENTION_EXPIRED
6037,1791484226853,WIFI,RETENTION_PROBE,0.00,0.00,0.00,False,1,24.0,False,16,0,RETENTION_EXPIRED
6038,1791484226853,WIFI,RETENTION_PROBE,0.00,0.00,0.00,False,1,24.0,False,16,0,RETENTION_EXPIRED
6039,1791484226853,WIFI,RETENTION_PROBE,0.00,0.00,0.00,False,1,24.0,False,16,0,RETENTION_EXPIRED
6040,1791484226853,WIFI,RETENTION_PROBE,0.00,0.00,0.00,False,1,24.0,False,16,0,RETENTION_EXPIRED
6041,1791484226853,WIFI,RETENTION_PROBE,0.00,0.00,0.00,False,1,24.0,False,16,0,RETENTION_EXPIRED
6042,1791484226853,WIFI,RETENTION_PROBE,0.00,0.00,0.00,False,1,24.0,False,16,0,RETENTION_EXPIRED
6043,1791484226853,WIFI,RETENTION_PROBE,0.00,0.00,0.00,False,1,24.0,False,16,0,RETENTION_EXPIRED
6044,1791484226853,WIFI,RETENTION_PROBE,0.00,0.00,0.00,False,1,24.0,False,16,0,RETENTION_EXPIRED
6045,1791484226853,WIFI,RETENTION_PROBE,0.00,0.00,0.00,False,1,24.0,False,16,0,RETENTION_EXPIRED
6046,1791484226853,WIFI,RETENTION_PROBE,0.00,0.00,0.00,False,1,24.0,False,16,0,RETENTION_EXPIRED
6047,1791484226853,WIFI,RETENTION_PROBE,0.00,0.00,0.00,False,1,24.0,False,16,0,RETENTION_EXPIRED
6048,1791484226853,WIFI,RETENTION_PROBE,0.00,0.00,0.00,False,1,24.0,False,16,0,RETENTION_EXPIRED
6049,1791484226853,WIFI,RETENTION_PROBE,0.00,0.00,0.00,False,1,24.0,False,16,0,RETENTION_EXPIRED
6050,1791484226853,WIFI,RETENTION_PROBE,0.00,0.00,0.00,False,1,24.0,False,16,0,RETENTION_EXPIRED
6051,1791484226853,WIFI,RETENTION_PROBE,0.00,0.00,0.00,False,1,24.0,False,16,0,RETENTION_EXPIRED
6052,1791484226853,WIFI,RETENTION_PROBE,0.00,0.00,0.00,False,1,24.0,False,16,0,RETENTION_EXPIRED
6053,1791484226853,WIFI,RETENTION_PROBE,0.00,0.00,0.00,False,1,24.0,False,16,0,RETENTION_EXPIRED
6054,1791484226853,WIFI,RETENTION_PROBE,0.00,0.00,0.00,False,1,24.0,False,16,0,RETENTION_EXPIRED
6055,1791484226853,WIFI,RETENTION_PROBE,0.00,0.00,0.00,False,1,24.0,False,16,0,RETENTION_EXPIRED
6056,1791484226853,WIFI,RETENTION_PROBE,0.00,0.00,0.00,False,1,24.0,False,16,0,RETENTION_EXPIRED
6057,1791484226853,WIFI,RETENTION_PROBE,0.00,0.00,0.00,False,1,24.0,False,16,0,RETENTION_EXPIRED
6058,1791484226853,WIFI,RETENTION_PROBE,0.00,0.00,0.00,False,1,24.0,False,16,0,RETENTION_EXPIRED
6059,1791484226853,WIFI,RETENTION_PROBE,0.00,0.00,0.00,False,1,24.0,False,16,0,RETENTION_EXPIRED
6060,1791484226853,WIFI,RETENTION_PROBE,0.00,0.00,0.00,False,1,24.0,False,16,0,RETENTION_EXPIRED
6061,1791484226853,WIFI,RETENTION_PROBE,0.00,0.00,0.00,False,1,24.0,False,16,0,RETENTION_EXPIRED
6062,1791484226853,WIFI,RETENTION_PROBE,0.00,0.00,0.00,False,1,24.0,False,16,0,RETENTION_EXPIRED
6063,1791484226853,WIFI,RETENTION_PROBE,0.00,0.00,0.00,False,1,24.0,False,16,0,RETENTION_EXPIRED
6064,1791484226853,WIFI,RETENTION_PROBE,0.00,0.00,0.00,False,1,24.0,False,16,0,RETENTION_EXPIRED
6065,1791484226853,WIFI,RETENTION_PROBE,0.00,0.00,0.00,False,1,24.0,False,16,0,RETENTION_EXPIRED
6066,1791484226853,WIFI,RETENTION_PROBE,0.00,0.00,0.00,False,1,24.0,False,16,0,RETENTION_EXPIRED
6067,1791484226853,WIFI,RETENTION_PROBE,0.00,0.00,0.00,False,1,24.0,False,16,0,RETENTION_EXPIRED
6068,1791484226853,WIFI,RETENTION_PROBE,0.00,0.00,0.00,False,1,24.0,False,16,0,RETENTION_EXPIRED
6069,1791484226853,WIFI,RETENTION_PROBE,0.00,0.00,0.00,False,1,24.0,False,16,0,RETENTION_EXPIRED
6070,1791484226853,WIFI,RETENTION_PROBE,0.00,0.00,0.00,False,1,24.0,False,16,0,RETENTION_EXPIRED
6071,1791484226853,WIFI,RETENTION_PROBE,0.00,0.00,0.00,False,1,24.0,False,16,0,RETENTION_EXPIRED
6072,1791484226853,WIFI,RETENTION_PROBE,0.00,0.00,0.00,False,1,24.0,False,16,0,RETENTION_EXPIRED
6073,1791484226853,WIFI,RETENTION_PROBE,0.00,0.00,0.00,False,1,24.0,False,16,0,RETENTION_EXPIRED
6074,1791484226853,WIFI,RETENTION_PROBE,0.00,0.00,0.00,False,1,24.0,False,16,0,RETENTION_EXPIRED
6075,1791484226853,WIFI,RETENTION_PROBE,0.00,0.00,0.00,False,1,24.0,False,16,0,RETENTION_EXPIRED
6076,1791484226853,WIFI,RETENTION_PROBE,0.00,0.00,0.00,False,1,24.0,False,16,0,RETENTION_EXPIRED
6077,1791484226853,WIFI,RETENTION_PROBE,0.00,0.00,0.00,False,1,24.0,False,16,0,RETENTION_EXPIRED
6078,1791484226853,WIFI,RETENTION_PROBE,0.00,0.00,0.00,False,1,24.0,False,16,0,RETENTION_EXPIRED
6079,1791484226853,WIFI,RETENTION_PROBE,0.00,0.00,0.00,False,1,24.0,False,16,0,RETENTION_EXPIRED
6080,1791484226853,WIFI,RETENTION_PROBE,0.00,0.00,0.00,False,1,24.0,False,16,0,RETENTION_EXPIRED
6081,1791484226853,WIFI,RETENTION_PROBE,0.00,0.00,0.00,False,1,24.0,False,16,0,RETENTION_EXPIRED
6082,1791484226853,WIFI,RETENTION_PROBE,0.00,0.00,0.00,False,1,24.0,False,16,0,RETENTION_EXPIRED
6083,1791484226853,WIFI,RETENTION_PROBE,0.00,0.00,0.00,False,1,24.0,False,16,0,RETENTION_EXPIRED
6084,1791484226853,WIFI,RETENTION_PROBE,0.00,0.00,0.00,False,1,24.0,False,16,0,RETENTION_EXPIRED
6085,1791484226853,WIFI,RETENTION_PROBE,0.00,0.00,0.00,False,1,24.0,False,16,0,RETENTION_EXPIRED
6086,1791484226853,WIFI,RETENTION_PROBE,0.00,0.00,0.00,False,1,24.0,False,16,0,RETENTION_EXPIRED
6087,1791484226853,WIFI,RETENTION_PROBE,0.00,0.00,0.00,False,1,24.0,False,16,0,RETENTION_EXPIRED
6088,1791484226853,WIFI,RETENTION_PROBE,0.00,0.00,0.00,False,1,24.0,False,16,0,RETENTION_EXPIRED
6089,1791484226853,WIFI,RETENTION_PROBE,0.00,0.00,0.00,False,1,24.0,False,16,0,RETENTION_EXPIRED
6090,1791484226853,WIFI,RETENTION_PROBE,0.00,0.00,0.00,False,1,24.0,False,16,0,RETENTION_EXPIRED
6091,1791484226853,WIFI,RETENTION_PROBE,0.00,0.00,0.00,False,1,24.0,False,16,0,RETENTION_EXPIRED
6092,1791484226853,WIFI,RETENTION_PROBE,0.00,0.00,0.00,False,1,24.0,False,16,0,RETENTION_EXPIRED
6093,1791484226853,WIFI,RETENTION_PROBE,0.00,0.00,0.00,False,1,24.0,False,16,0,RETENTION_EXPIRED
6094,1791484226853,WIFI,RETENTION_PROBE,0.00,0.00,0.00,False,1,24.0,False,16,0,RETENTION_EXPIRED
6095,1791484226853,WIFI,RETENTION_PROBE,0.00,0.00,0.00,False,1,24.0,False,16,0,RETENTION_EXPIRED
6096,1791484226853,WIFI,RETENTION_PROBE,0.00,0.00,0.00,False,1,24.0,False,16,0,RETENTION_EXPIRED
6097,1791484226853,WIFI,RETENTION_PROBE,0.00,0.00,0.00,False,1,24.0,False,16,0,RETENTION_EXPIRED
6098,1791484226853,WIFI,RETENTION_PROBE,0.00,0.00,0.00,False,1,24.0,False,16,0,RETENTION_EXPIRED
6099,1791484226853,WIFI,RETENTION_PROBE,0.00,0.00,0.00,False,1,24.0,False,16,0,RETENTION_EXPIRED
6100,1791484226853,WIFI,RETENTION_PROBE,0.00,0.00,0.00,False,1,24.0,False,16,0,RETENTION_EXPIRED
6101,1791484226853,WIFI,RETENTION_PROBE,0.00,0.00,0.00,False,1,24.0,False,16,0,RETENTION_EXPIRED
6102,1791484226853,WIFI,RETENTION_PROBE,0.00,0.00,0.00,False,1,24.0,False,16,0,RETENTION_EXPIRED
6103,1791484226853,WIFI,RETENTION_PROBE,0.00,0.00,0.00,False,1,24.0,False,16,0,RETENTION_EXPIRED
6104,1791484226853,WIFI,RETENTION_PROBE,0.00,0.00,0.00,False,1,24.0,False,16,0,RETENTION_EXPIRED
6105,1791484226853,WIFI,RETENTION_PROBE,0.00,0.00,0.00,False,1,24.0,False,16,0,RETENTION_EXPIRED
6106,1791484226853,WIFI,RETENTION_PROBE,0.00,0.00,0.00,False,1,24.0,False,16,0,RETENTION_EXPIRED
6107,1791484226853,WIFI,RETENTION_PROBE,0.00,0.00,0.00,False,1,24.0,False,16,0,RETENTION_EXPIRED
6108,1791484226853,WIFI,RETENTION_PROBE,0.00,0.00,0.00,False,1,24.0,False,16,0,RETENTION_EXPIRED
6109,1791484226853,WIFI,RETENTION_PROBE,0.00,0.00,0.00,False,1,24.0,False,16,0,RETENTION_EXPIRED
6110,1791484226853,WIFI,RETENTION_PROBE,0.00,0.00,0.00,False,1,24.0,False,16,0,RETENTION_EXPIRED
6111,1791484226853,WIFI,RETENTION_PROBE,0.00,0.00,0.00,False,1,24.0,False,16,0,RETENTION_EXPIRED
6112,1791484226853,WIFI,RETENTION_PROBE,0.00,0.00,0.00,False,1,24.0,False,16,0,RETENTION_EXPIRED
6113,1791484226853,WIFI,RETENTION_PROBE,0.00,0.00,0.00,False,1,24.0,False,16,0,RETENTION_EXPIRED
6114,1791484226853,WIFI,RETENTION_PROBE,0.00,0.00,0.00,False,1,24.0,False,16,0,RETENTION_EXPIRED
6115,1791484226853,WIFI,RETENTION_PROBE,0.00,0.00,0.00,False,1,24.0,False,16,0,RETENTION_EXPIRED
6116,1791484226853,WIFI,RETENTION_PROBE,0.00,0.00,0.00,False,1,24.0,False,16,0,RETENTION_EXPIRED
6117,1791484226853,WIFI,RETENTION_PROBE,0.00,0.00,0.00,False,1,24.0,False,16,0,RETENTION_EXPIRED
6118,1791484226853,WIFI,RETENTION_PROBE,0.00,0.00,0.00,False,1,24.0,False,16,0,RETENTION_EXPIRED
6119,1791484226853,WIFI,RETENTION_PROBE,0.00,0.00,0.00,False,1,24.0,False,16,0,RETENTION_EXPIRED
6120,1791484226853,WIFI,RETENTION_PROBE,0.00,0.00,0.00,False,1,24.0,False,16,0,RETENTION_EXPIRED
6121,1791484226853,WIFI,RETENTION_PROBE,0.00,0.00,0.00,False,1,24.0,False,16,0,RETENTION_EXPIRED
6122,1791484226853,WIFI,RETENTION_PROBE,0.00,0.00,0.00,False,1,24.0,False,16,0,RETENTION_EXPIRED
6123,1791484226853,WIFI,RETENTION_PROBE,0.00,0.00,0.00,False,1,24.0,False,16,0,RETENTION_EXPIRED
6124,1791484226853,WIFI,RETENTION_PROBE,0.00,0.00,0.00,False,1,24.0,False,16,0,RETENTION_EXPIRED
6125,1791484226853,WIFI,RETENTION_PROBE,0.00,0.00,0.00,False,1,24.0,False,16,0,RETENTION_EXPIRED
6126,1791484226853,WIFI,RETENTION_PROBE,0.00,0.00,0.00,False,1,24.0,False,16,0,RETENTION_EXPIRED
6127,1791484226853,WIFI,RETENTION_PROBE,0.00,0.00,0.00,False,1,24.0,False,16,0,RETENTION_EXPIRED
6128,1791484226853,WIFI,RETENTION_PROBE,0.00,0.00,0.00,False,1,24.0,False,16,0,RETENTION_EXPIRED
6129,1791484226853,WIFI,RETENTION_PROBE,0.00,0.00,0.00,False,1,24.0,False,16,0,RETENTION_EXPIRED
6130,1791484226853,WIFI,RETENTION_PROBE,0.00,0.00,0.00,False,1,24.0,False,16,0,RETENTION_EXPIRED
6131,1791484226853,WIFI,RETENTION_PROBE,0.00,0.00,0.00,False,1,24.0,False,16,0,RETENTION_EXPIRED
6132,1791484226853,WIFI,RETENTION_PROBE,0.00,0.00,0.00,False,1,24.0,False,16,0,RETENTION_EXPIRED
6133,1791484226853,WIFI,RETENTION_PROBE,0.00,0.00,0.00,False,1,24.0,False,16,0,RETENTION_EXPIRED
6134,1791484226853,WIFI,RETENTION_PROBE,0.00,0.00,0.00,False,1,24.0,False,16,0,RETENTION_EXPIRED
6135,1791484226853,WIFI,RETENTION_PROBE,0.00,0.00,0.00,False,1,24.0,False,16,0,RETENTION_EXPIRED
6136,1791484226853,WIFI,RETENTION_PROBE,0.00,0.00,0.00,False,1,24.0,False,16,0,RETENTION_EXPIRED
6137,1791484226853,WIFI,RETENTION_PROBE,0.00,0.00,0.00,False,1,24.0,False,16,0,RETENTION_EXPIRED
6138,1791484226853,WIFI,RETENTION_PROBE,0.00,0.00,0.00,False,1,24.0,False,16,0,RETENTION_EXPIRED
6139,1791484226853,WIFI,RETENTION_PROBE,0.00,0.00,0.00,False,1,24.0,False,16,0,RETENTION_EXPIRED
6140,1791484226853,WIFI,RETENTION_PROBE,0.00,0.00,0.00,False,1,24.0,False,16,0,RETENTION_EXPIRED
6141,1791484226853,WIFI,RETENTION_PROBE,0.00,0.00,0.00,False,1,24.0,False,16,0,RETENTION_EXPIRED
6142,1791484226853,WIFI,RETENTION_PROBE,0.00,0.00,0.00,False,1,24.0,False,16,0,RETENTION_EXPIRED
6143,1791484226853,WIFI,RETENTION_PROBE,0.00,0.00,0.00,False,1,24.0,False,16,0,RETENTION_EXPIRED
6144,1791484226853,WIFI,RETENTION_PROBE,0.00,0.00,0.00,False,1,24.0,False,16,0,RETENTION_EXPIRED
6145,1791484226853,WIFI,RETENTION_PROBE,0.00,0.00,0.00,False,1,24.0,False,16,0,RETENTION_EXPIRED
6146,1791484226853,WIFI,RETENTION_PROBE,0.00,0.00,0.00,False,1,24.0,False,16,0,RETENTION_EXPIRED
6147,1791484226853,WIFI,RETENTION_PROBE,0.00,0.00,0.00,False,1,24.0,False,16,0,RETENTION_EXPIRED
6148,1791484226853,WIFI,RETENTION_PROBE,0.00,0.00,0.00,False,1,24.0,False,16,0,RETENTION_EXPIRED
6149,1791484226853,WIFI,RETENTION_PROBE,0.00,0.00,0.00,False,1,24.0,False,16,0,RETENTION_EXPIRED
6150,1791484226853,WIFI,RETENTION_PROBE,0.00,0.00,0.00,False,1,24.0,False,16,0,RETENTION_EXPIRED
6151,1791484226853,WIFI,RETENTION_PROBE,0.00,0.00,0.00,False,1,24.0,False,16,0,RETENTION_EXPIRED
6152,1791484226853,WIFI,RETENTION_PROBE,0.00,0.00,0.00,False,1,24.0,False,16,0,RETENTION_EXPIRED
6153,1791484226853,WIFI,RETENTION_PROBE,0.00,0.00,0.00,False,1,24.0,False,16,0,RETENTION_EXPIRED
6154,1791484226853,WIFI,RETENTION_PROBE,0.00,0.00,0.00,False,1,24.0,False,16,0,RETENTION_EXPIRED
6155,1791484226853,LTE,RETENTION_PROBE,0.00,0.00,0.00,False,1,24.0,False,16,0,RETENTION_EXPIRED
6156,1791484226853,LTE,RETENTION_PROBE,0.00,0.00,0.00,False,1,24.0,False,16,0,RETENTION_EXPIRED
6157,1791484226853,LTE,RETENTION_PROBE,0.00,0.00,0.00,False,1,24.0,False,16,0,RETENTION_EXPIRED
6158,1791484226853,LTE,RETENTION_PROBE,0.00,0.00,0.00,False,1,24.0,False,16,0,RETENTION_EXPIRED
6159,1791484226853,LTE,RETENTION_PROBE,0.00,0.00,0.00,False,1,24.0,False,16,0,RETENTION_EXPIRED
6160,1791484226853,LTE,RETENTION_PROBE,0.00,0.00,0.00,False,1,24.0,False,16,0,RETENTION_EXPIRED
6161,1791484226853,LTE,RETENTION_PROBE,0.00,0.00,0.00,False,1,24.0,False,16,0,RETENTION_EXPIRED
6162,1791484226853,LTE,RETENTION_PROBE,0.00,0.00,0.00,False,1,24.0,False,16,0,RETENTION_EXPIRED
6163,1791484226853,LTE,RETENTION_PROBE,0.00,0.00,0.00,False,1,24.0,False,16,0,RETENTION_EXPIRED
6164,1791484226853,LTE,RETENTION_PROBE,0.00,0.00,0.00,False,1,24.0,False,16,0,RETENTION_EXPIRED
6165,1791484226853,LTE,RETENTION_PROBE,0.00,0.00,0.00,False,1,24.0,False,16,0,RETENTION_EXPIRED
6166,1791484226853,LTE,RETENTION_PROBE,0.00,0.00,0.00,False,1,24.0,False,16,0,RETENTION_EXPIRED
6167,1791484226853,LTE,RETENTION_PROBE,0.00,0.00,0.00,False,1,24.0,False,16,0,RETENTION_EXPIRED
6168,1791484226853,LTE,RETENTION_PROBE,0.00,0.00,0.00,False,1,24.0,False,16,0,RETENTION_EXPIRED
6169,1791484226853,LTE,RETENTION_PROBE,0.00,0.00,0.00,False,1,24.0,False,16,0,RETENTION_EXPIRED
6170,1791484226853,LTE,RETENTION_PROBE,0.00,0.00,0.00,False,1,24.0,False,16,0,RETENTION_EXPIRED
6171,1791484226853,LTE,RETENTION_PROBE,0.00,0.00,0.00,False,1,24.0,False,16,0,RETENTION_EXPIRED
6172,1791484226853,LTE,RETENTION_PROBE,0.00,0.00,0.00,False,1,24.0,False,16,0,RETENTION_EXPIRED
6173,1791484226853,LTE,RETENTION_PROBE,0.00,0.00,0.00,False,1,24.0,False,16,0,RETENTION_EXPIRED
6174,1791484226853,LTE,RETENTION_PROBE,0.00,0.00,0.00,False,1,24.0,False,16,0,RETENTION_EXPIRED
6175,1791484226853,LTE,RETENTION_PROBE,0.00,0.00,0.00,False,1,24.0,False,16,0,RETENTION_EXPIRED
6176,1791484226853,LTE,RETENTION_PROBE,0.00,0.00,0.00,False,1,24.0,False,16,0,RETENTION_EXPIRED
6177,1791484226853,LTE,RETENTION_PROBE,0.00,0.00,0.00,False,1,24.0,False,16,0,RETENTION_EXPIRED
6178,1791484226853,LTE,RETENTION_PROBE,0.00,0.00,0.00,False,1,24.0,False,16,0,RETENTION_EXPIRED
6179,1791484226853,LTE,RETENTION_PROBE,0.00,0.00,0.00,False,1,24.0,False,16,0,RETENTION_EXPIRED
6180,1791484226853,LTE,RETENTION_PROBE,0.00,0.00,0.00,False,1,24.0,False,16,0,RETENTION_EXPIRED
6181,1791484226853,LTE,RETENTION_PROBE,0.00,0.00,0.00,False,1,24.0,False,16,0,RETENTION_EXPIRED
6182,1791484226853,LTE,RETENTION_PROBE,0.00,0.00,0.00,False,1,24.0,False,16,0,RETENTION_EXPIRED
6183,1791484226853,LTE,RETENTION_PROBE,0.00,0.00,0.00,False,1,24.0,False,16,0,RETENTION_EXPIRED
6184,1791484226853,LTE,RETENTION_PROBE,0.00,0.00,0.00,False,1,24.0,False,16,0,RETENTION_EXPIRED
6185,1791484226853,LTE,RETENTION_PROBE,0.00,0.00,0.00,False,1,24.0,False,16,0,RETENTION_EXPIRED
6186,1791484226853,LTE,RETENTION_PROBE,0.00,0.00,0.00,False,1,24.0,False,16,0,RETENTION_EXPIRED
6187,1791484226853,LTE,RETENTION_PROBE,0.00,0.00,0.00,False,1,24.0,False,16,0,RETENTION_EXPIRED
6188,1791484226853,LTE,RETENTION_PROBE,0.00,0.00,0.00,False,1,24.0,False,16,0,RETENTION_EXPIRED
6189,1791484226853,LTE,RETENTION_PROBE,0.00,0.00,0.00,False,1,24.0,False,16,0,RETENTION_EXPIRED
6190,1791484226853,LTE,RETENTION_PROBE,0.00,0.00,0.00,False,1,24.0,False,16,0,RETENTION_EXPIRED
6191,1791484226853,LTE,RETENTION_PROBE,0.00,0.00,0.00,False,1,24.0,False,16,0,RETENTION_EXPIRED
6192,1791484226853,LTE,RETENTION_PROBE,0.00,0.00,0.00,False,1,24.0,False,16,0,RETENTION_EXPIRED
6193,1791484226853,LTE,RETENTION_PROBE,0.00,0.00,0.00,False,1,24.0,False,16,0,RETENTION_EXPIRED
6194,1791484226853,LTE,RETENTION_PROBE,0.00,0.00,0.00,False,1,24.0,False,16,0,RETENTION_EXPIRED
6195,1791484226853,LTE,RETENTION_PROBE,0.00,0.00,0.00,False,1,24.0,False,16,0,RETENTION_EXPIRED
6196,1791484226853,LTE,RETENTION_PROBE,0.00,0.00,0.00,False,1,24.0,False,16,0,RETENTION_EXPIRED
6197,1791484226853,LTE,RETENTION_PROBE,0.00,0.00,0.00,False,1,24.0,False,16,0,RETENTION_EXPIRED
6198,1791484226853,LTE,RETENTION_PROBE,0.00,0.00,0.00,False,1,24.0,False,16,0,RETENTION_EXPIRED
6199,1791484226853,LTE,RETENTION_PROBE,0.00,0.00,0.00,False,1,24.0,False,16,0,RETENTION_EXPIRED
6200,1791484226853,LTE,RETENTION_PROBE,0.00,0.00,0.00,False,1,24.0,False,16,0,RETENTION_EXPIRED
6201,1791484226853,LTE,RETENTION_PROBE,0.00,0.00,0.00,False,1,24.0,False,16,0,RETENTION_EXPIRED
6202,1791484226853,LTE,RETENTION_PROBE,0.00,0.00,0.00,False,1,24.0,False,16,0,RETENTION_EXPIRED
6203,1791484226853,LTE,RETENTION_PROBE,0.00,0.00,0.00,False,1,24.0,False,16,0,RETENTION_EXPIRED
6204,1791484226853,LTE,RETENTION_PROBE,0.00,0.00,0.00,False,1,24.0,False,16,0,RETENTION_EXPIRED
6205,1791484226853,LTE,RETENTION_PROBE,0.00,0.00,0.00,False,1,24.0,False,16,0,RETENTION_EXPIRED
6206,1791484226853,LTE,RETENTION_PROBE,0.00,0.00,0.00,False,1,24.0,False,16,0,RETENTION_EXPIRED
6207,1791484226853,LTE,RETENTION_PROBE,0.00,0.00,0.00,False,1,24.0,False,16,0,RETENTION_EXPIRED
6208,1791484226853,LTE,RETENTION_PROBE,0.00,0.00,0.00,False,1,24.0,False,16,0,RETENTION_EXPIRED
6209,1791484226853,LTE,RETENTION_PROBE,0.00,0.00,0.00,False,1,24.0,False,16,0,RETENTION_EXPIRED
6210,1791484226853,LTE,RETENTION_PROBE,0.00,0.00,0.00,False,1,24.0,False,16,0,RETENTION_EXPIRED
6211,1791484226853,LTE,RETENTION_PROBE,0.00,0.00,0.00,False,1,24.0,False,16,0,RETENTION_EXPIRED
6212,1791484226853,LTE,RETENTION_PROBE,0.00,0.00,0.00,False,1,24.0,False,16,0,RETENTION_EXPIRED
6213,1791484226853,LTE,RETENTION_PROBE,0.00,0.00,0.00,False,1,24.0,False,16,0,RETENTION_EXPIRED
6214,1791484226853,LTE,RETENTION_PROBE,0.00,0.00,0.00,False,1,24.0,False,16,0,RETENTION_EXPIRED
6215,1791484226853,LTE,RETENTION_PROBE,0.00,0.00,0.00,False,1,24.0,False,16,0,RETENTION_EXPIRED
6216,1791484226853,LTE,RETENTION_PROBE,0.00,0.00,0.00,False,1,24.0,False,16,0,RETENTION_EXPIRED
6217,1791484226853,LTE,RETENTION_PROBE,0.00,0.00,0.00,False,1,24.0,False,16,0,RETENTION_EXPIRED
6218,1791484226853,LTE,RETENTION_PROBE,0.00,0.00,0.00,False,1,24.0,False,16,0,RETENTION_EXPIRED
6219,1791484226853,LTE,RETENTION_PROBE,0.00,0.00,0.00,False,1,24.0,False,16,0,RETENTION_EXPIRED
6220,1791484226853,LTE,RETENTION_PROBE,0.00,0.00,0.00,False,1,24.0,False,16,0,RETENTION_EXPIRED
6221,1791484226853,LTE,RETENTION_PROBE,0.00,0.00,0.00,False,1,24.0,False,16,0,RETENTION_EXPIRED
6222,1791484226853,LTE,RETENTION_PROBE,0.00,0.00,0.00,False,1,24.0,False,16,0,RETENTION_EXPIRED
6223,1791484226853,LTE,RETENTION_PROBE,0.00,0.00,0.00,False,1,24.0,False,16,0,RETENTION_EXPIRED
6224,1791484226853,LTE,RETENTION_PROBE,0.00,0.00,0.00,False,1,24.0,False,16,0,RETENTION_EXPIRED
6225,1791484226853,LTE,RETENTION_PROBE,0.00,0.00,0.00,False,1,24.0,False,16,0,RETENTION_EXPIRED
6226,1791484226853,LTE,RETENTION_PROBE,0.00,0.00,0.00,False,1,24.0,False,16,0,RETENTION_EXPIRED
6227,1791484226853,LTE,RETENTION_PROBE,0.00,0.00,0.00,False,1,24.0,False,16,0,RETENTION_EXPIRED
6228,1791484226853,LTE,RETENTION_PROBE,0.00,0.00,0.00,False,1,24.0,False,16,0,RETENTION_EXPIRED
6229,1791484226853,LTE,RETENTION_PROBE,0.00,0.00,0.00,False,1,24.0,False,16,0,RETENTION_EXPIRED
6230,1791484226853,LTE,RETENTION_PROBE,0.00,0.00,0.00,False,1,24.0,False,16,0,RETENTION_EXPIRED
6231,1791484226853,LTE,RETENTION_PROBE,0.00,0.00,0.00,False,1,24.0,False,16,0,RETENTION_EXPIRED
6232,1791484226853,LTE,RETENTION_PROBE,0.00,0.00,0.00,False,1,24.0,False,16,0,RETENTION_EXPIRED
6233,1791484226853,LTE,RETENTION_PROBE,0.00,0.00,0.00,False,1,24.0,False,16,0,RETENTION_EXPIRED
6234,1791484226853,LTE,RETENTION_PROBE,0.00,0.00,0.00,False,1,24.0,False,16,0,RETENTION_EXPIRED
6235,1791484226853,LTE,RETENTION_PROBE,0.00,0.00,0.00,False,1,24.0,False,16,0,RETENTION_EXPIRED
6236,1791484226853,LTE,RETENTION_PROBE,0.00,0.00,0.00,False,1,24.0,False,16,0,RETENTION_EXPIRED
6237,1791484226853,LTE,RETENTION_PROBE,0.00,0.00,0.00,False,1,24.0,False,16,0,RETENTION_EXPIRED
6238,1791484226853,LTE,RETENTION_PROBE,0.00,0.00,0.00,False,1,24.0,False,16,0,RETENTION_EXPIRED
6239,1791484226853,LTE,RETENTION_PROBE,0.00,0.00,0.00,False,1,24.0,False,16,0,RETENTION_EXPIRED
6240,1791484226853,LTE,RETENTION_PROBE,0.00,0.00,0.00,False,1,24.0,False,16,0,RETENTION_EXPIRED
6241,1791484226853,LTE,RETENTION_PROBE,0.00,0.00,0.00,False,1,24.0,False,16,0,RETENTION_EXPIRED
6242,1791484226853,LTE,RETENTION_PROBE,0.00,0.00,0.00,False,1,24.0,False,16,0,RETENTION_EXPIRED
6243,1791484226853,LTE,RETENTION_PROBE,0.00,0.00,0.00,False,1,24.0,False,16,0,RETENTION_EXPIRED
6244,1791484226853,LTE,RETENTION_PROBE,0.00,0.00,0.00,False,1,24.0,False,16,0,RETENTION_EXPIRED
6245,1791484226853,LTE,RETENTION_PROBE,0.00,0.00,0.00,False,1,24.0,False,16,0,RETENTION_EXPIRED
6246,1791484226853,LTE,RETENTION_PROBE,0.00,0.00,0.00,False,1,24.0,False,16,0,RETENTION_EXPIRED
6247,1791484226853,LTE,RETENTION_PROBE,0.00,0.00,0.00,False,1,24.0,False,16,0,RETENTION_EXPIRED
6248,1791484226853,LTE,RETENTION_PROBE,0.00,0.00,0.00,False,1,24.0,False,16,0,RETENTION_EXPIRED
6249,1791484226853,LTE,RETENTION_PROBE,0.00,0.00,0.00,False,1,24.0,False,16,0,RETENTION_EXPIRED
6250,1791484226853,LTE,RETENTION_PROBE,0.00,0.00,0.00,False,1,24.0,False,16,0,RETENTION_EXPIRED
6251,1791484226853,LTE,RETENTION_PROBE,0.00,0.00,0.00,False,1,24.0,False,16,0,RETENTION_EXPIRED
6252,1791484226853,LTE,RETENTION_PROBE,0.00,0.00,0.00,False,1,24.0,False,16,0,RETENTION_EXPIRED
6253,1791484226853,LTE,RETENTION_PROBE,0.00,0.00,0.00,False,1,24.0,False,16,0,RETENTION_EXPIRED
6254,1791484226853,LTE,RETENTION_PROBE,0.00,0.00,0.00,False,1,24.0,False,16,0,RETENTION_EXPIRED
6255,1791484226853,LTE,RETENTION_PROBE,0.00,0.00,0.00,False,1,24.0,False,16,0,RETENTION_EXPIRED
6256,1791484226853,LTE,RETENTION_PROBE,0.00,0.00,0.00,False,1,24.0,False,16,0,RETENTION_EXPIRED
6257,1791484226853,LTE,RETENTION_PROBE,0.00,0.00,0.00,False,1,24.0,False,16,0,RETENTION_EXPIRED
6258,1791484226853,LTE,RETENTION_PROBE,0.00,0.00,0.00,False,1,24.0,False,16,0,RETENTION_EXPIRED
6259,1791484226853,LTE,RETENTION_PROBE,0.00,0.00,0.00,False,1,24.0,False,16,0,RETENTION_EXPIRED
6260,1791484226853,LTE,RETENTION_PROBE,0.00,0.00,0.00,False,1,24.0,False,16,0,RETENTION_EXPIRED
6261,1791484226853,LTE,RETENTION_PROBE,0.00,0.00,0.00,False,1,24.0,False,16,0,RETENTION_EXPIRED
6262,1791484226853,LTE,RETENTION_PROBE,0.00,0.00,0.00,False,1,24.0,False,16,0,RETENTION_EXPIRED
6263,1791484226853,LTE,RETENTION_PROBE,0.00,0.00,0.00,False,1,24.0,False,16,0,RETENTION_EXPIRED
6264,1791484226853,LTE,RETENTION_PROBE,0.00,0.00,0.00,False,1,24.0,False,16,0,RETENTION_EXPIRED
6265,1791484226853,LTE,RETENTION_PROBE,0.00,0.00,0.00,False,1,24.0,False,16,0,RETENTION_EXPIRED
6266,1791484226853,LTE,RETENTION_PROBE,0.00,0.00,0.00,False,1,24.0,False,16,0,RETENTION_EXPIRED
6267,1791484226853,LTE,RETENTION_PROBE,0.00,0.00,0.00,False,1,24.0,False,16,0,RETENTION_EXPIRED
6268,1791484226853,LTE,RETENTION_PROBE,0.00,0.00,0.00,False,1,24.0,False,16,0,RETENTION_EXPIRED
6269,1791484226853,LTE,RETENTION_PROBE,0.00,0.00,0.00,False,1,24.0,False,16,0,RETENTION_EXPIRED
6270,1791484226853,LTE,RETENTION_PROBE,0.00,0.00,0.00,False,1,24.0,False,16,0,RETENTION_EXPIRED
6271,1791484226853,LTE,RETENTION_PROBE,0.00,0.00,0.00,False,1,24.0,False,16,0,RETENTION_EXPIRED
6272,1791484226853,LTE,RETENTION_PROBE,0.00,0.00,0.00,False,1,24.0,False,16,0,RETENTION_EXPIRED
6273,1791484226853,LTE,RETENTION_PROBE,0.00,0.00,0.00,False,1,24.0,False,16,0,RETENTION_EXPIRED
6274,1791484226853,LTE,RETENTION_PROBE,0.00,0.00,0.00,False,1,24.0,False,16,0,RETENTION_EXPIRED
6275,1791484226853,LTE,RETENTION_PROBE,0.00,0.00,0.00,False,1,24.0,False,16,0,RETENTION_EXPIRED
6276,1791484226853,LTE,RETENTION_PROBE,0.00,0.00,0.00,False,1,24.0,False,16,0,RETENTION_EXPIRED
6277,1791484226853,LTE,RETENTION_PROBE,0.00,0.00,0.00,False,1,24.0,False,16,0,RETENTION_EXPIRED
6278,1791484226853,LTE,RETENTION_PROBE,0.00,0.00,0.00,False,1,24.0,False,16,0,RETENTION_EXPIRED
6279,1791484226853,LTE,RETENTION_PROBE,0.00,0.00,0.00,False,1,24.0,False,16,0,RETENTION_EXPIRED
6280,1791484226853,LTE,RETENTION_PROBE,0.00,0.00,0.00,False,1,24.0,False,16,0,RETENTION_EXPIRED
6281,1791484226853,LTE,RETENTION_PROBE,0.00,0.00,0.00,False,1,24.0,False,16,0,RETENTION_EXPIRED
6282,1791484226853,LTE,RETENTION_PROBE,0.00,0.00,0.00,False,1,24.0,False,16,0,RETENTION_EXPIRED
6283,1791484226853,LTE,RETENTION_PROBE,0.00,0.00,0.00,False,1,24.0,False,16,0,RETENTION_EXPIRED
6284,1791484226853,LTE,RETENTION_PROBE,0.00,0.00,0.00,False,1,24.0,False,16,0,RETENTION_EXPIRED
6285,1791484226854,LTE,RETENTION_PROBE,0.00,0.00,0.00,False,1,24.0,False,16,0,RETENTION_EXPIRED
6286,1791484226854,LTE,RETENTION_PROBE,0.00,0.00,0.00,False,1,24.0,False,16,0,RETENTION_EXPIRED
6287,1791484226854,LTE,RETENTION_PROBE,0.00,0.00,0.00,False,1,24.0,False,16,0,RETENTION_EXPIRED
6288,1791484226854,LTE,RETENTION_PROBE,0.00,0.00,0.00,False,1,24.0,False,16,0,RETENTION_EXPIRED
6289,1791484226854,LTE,RETENTION_PROBE,0.00,0.00,0.00,False,1,24.0,False,16,0,RETENTION_EXPIRED
6290,1791484226854,LTE,RETENTION_PROBE,0.00,0.00,0.00,False,1,24.0,False,16,0,RETENTION_EXPIRED
6291,1791484226854,LTE,RETENTION_PROBE,0.00,0.00,0.00,False,1,24.0,False,16,0,RETENTION_EXPIRED
6292,1791484226854,LTE,RETENTION_PROBE,0.00,0.00,0.00,False,1,24.0,False,16,0,RETENTION_EXPIRED
6293,1791484226854,LTE,RETENTION_PROBE,0.00,0.00,0.00,False,1,24.0,False,16,0,RETENTION_EXPIRED
6294,1791484226854,LTE,RETENTION_PROBE,0.00,0.00,0.00,False,1,24.0,False,16,0,RETENTION_EXPIRED
6295,1791484226854,LTE,RETENTION_PROBE,0.00,0.00,0.00,False,1,24.0,False,16,0,RETENTION_EXPIRED
6296,1791484226854,LTE,RETENTION_PROBE,0.00,0.00,0.00,False,1,24.0,False,16,0,RETENTION_EXPIRED
6297,1791484226854,LTE,RETENTION_PROBE,0.00,0.00,0.00,False,1,24.0,False,16,0,RETENTION_EXPIRED
6298,1791484226854,LTE,RETENTION_PROBE,0.00,0.00,0.00,False,1,24.0,False,16,0,RETENTION_EXPIRED
6299,1791484226854,LTE,RETENTION_PROBE,0.00,0.00,0.00,False,1,24.0,False,16,0,RETENTION_EXPIRED
6300,1791484226854,LTE,RETENTION_PROBE,0.00,0.00,0.00,False,1,24.0,False,16,0,RETENTION_EXPIRED
6301,1791484226854,LTE,RETENTION_PROBE,0.00,0.00,0.00,False,1,24.0,False,16,0,RETENTION_EXPIRED
6302,1791484226854,LTE,RETENTION_PROBE,0.00,0.00,0.00,False,1,24.0,False,16,0,RETENTION_EXPIRED
6303,1791484226854,LTE,RETENTION_PROBE,0.00,0.00,0.00,False,1,24.0,False,16,0,RETENTION_EXPIRED
6304,1791484226854,LTE,RETENTION_PROBE,0.00,0.00,0.00,False,1,24.0,False,16,0,RETENTION_EXPIRED
6305,1791484226854,LTE,RETENTION_PROBE,0.00,0.00,0.00,False,1,24.0,False,16,0,RETENTION_EXPIRED
6306,1791484226854,LTE,RETENTION_PROBE,0.00,0.00,0.00,False,1,24.0,False,16,0,RETENTION_EXPIRED
6307,1791484226854,LTE,RETENTION_PROBE,0.00,0.00,0.00,False,1,24.0,False,16,0,RETENTION_EXPIRED
6308,1791484226854,LTE,RETENTION_PROBE,0.00,0.00,0.00,False,1,24.0,False,16,0,RETENTION_EXPIRED
6309,1791484226854,LTE,RETENTION_PROBE,0.00,0.00,0.00,False,1,24.0,False,16,0,RETENTION_EXPIRED
6310,1791484226854,LTE,RETENTION_PROBE,0.00,0.00,0.00,False,1,24.0,False,16,0,RETENTION_EXPIRED
6311,1791484226854,LTE,RETENTION_PROBE,0.00,0.00,0.00,False,1,24.0,False,16,0,RETENTION_EXPIRED
6312,1791484226854,LTE,RETENTION_PROBE,0.00,0.00,0.00,False,1,24.0,False,16,0,RETENTION_EXPIRED
6313,1791484226854,LTE,RETENTION_PROBE,0.00,0.00,0.00,False,1,24.0,False,16,0,RETENTION_EXPIRED
6314,1791484226854,LTE,RETENTION_PROBE,0.00,0.00,0.00,False,1,24.0,False,16,0,RETENTION_EXPIRED
6315,1791484226854,LTE,RETENTION_PROBE,0.00,0.00,0.00,False,1,24.0,False,16,0,RETENTION_EXPIRED
6316,1791484226854,LTE,RETENTION_PROBE,0.00,0.00,0.00,False,1,24.0,False,16,0,RETENTION_EXPIRED
6317,1791484226854,LTE,RETENTION_PROBE,0.00,0.00,0.00,False,1,24.0,False,16,0,RETENTION_EXPIRED
6318,1791484226854,LTE,RETENTION_PROBE,0.00,0.00,0.00,False,1,24.0,False,16,0,RETENTION_EXPIRED
6319,1791484226854,LTE,RETENTION_PROBE,0.00,0.00,0.00,False,1,24.0,False,16,0,RETENTION_EXPIRED
6320,1791484226854,LTE,RETENTION_PROBE,0.00,0.00,0.00,False,1,24.0,False,16,0,RETENTION_EXPIRED
6321,1791484226854,RESTRICTIVE_NAT,RETENTION_PROBE,0.00,0.00,0.00,False,1,24.0,False,16,0,RETENTION_EXPIRED
6322,1791484226854,RESTRICTIVE_NAT,RETENTION_PROBE,0.00,0.00,0.00,False,1,24.0,False,16,0,RETENTION_EXPIRED
6323,1791484226854,RESTRICTIVE_NAT,RETENTION_PROBE,0.00,0.00,0.00,False,1,24.0,False,16,0,RETENTION_EXPIRED
6324,1791484226854,RESTRICTIVE_NAT,RETENTION_PROBE,0.00,0.00,0.00,False,1,24.0,False,16,0,RETENTION_EXPIRED
6325,1791484226854,RESTRICTIVE_NAT,RETENTION_PROBE,0.00,0.00,0.00,False,1,24.0,False,16,0,RETENTION_EXPIRED
6326,1791484226854,RESTRICTIVE_NAT,RETENTION_PROBE,0.00,0.00,0.00,False,1,24.0,False,16,0,RETENTION_EXPIRED
6327,1791484226854,RESTRICTIVE_NAT,RETENTION_PROBE,0.00,0.00,0.00,False,1,24.0,False,16,0,RETENTION_EXPIRED
6328,1791484226854,RESTRICTIVE_NAT,RETENTION_PROBE,0.00,0.00,0.00,False,1,24.0,False,16,0,RETENTION_EXPIRED
6329,1791484226854,RESTRICTIVE_NAT,RETENTION_PROBE,0.00,0.00,0.00,False,1,24.0,False,16,0,RETENTION_EXPIRED
6330,1791484226854,RESTRICTIVE_NAT,RETENTION_PROBE,0.00,0.00,0.00,False,1,24.0,False,16,0,RETENTION_EXPIRED
6331,1791484226854,RESTRICTIVE_NAT,RETENTION_PROBE,0.00,0.00,0.00,False,1,24.0,False,16,0,RETENTION_EXPIRED
6332,1791484226854,RESTRICTIVE_NAT,RETENTION_PROBE,0.00,0.00,0.00,False,1,24.0,False,16,0,RETENTION_EXPIRED
6333,1791484226854,RESTRICTIVE_NAT,RETENTION_PROBE,0.00,0.00,0.00,False,1,24.0,False,16,0,RETENTION_EXPIRED
6334,1791484226854,RESTRICTIVE_NAT,RETENTION_PROBE,0.00,0.00,0.00,False,1,24.0,False,16,0,RETENTION_EXPIRED
6335,1791484226854,RESTRICTIVE_NAT,RETENTION_PROBE,0.00,0.00,0.00,False,1,24.0,False,16,0,RETENTION_EXPIRED
6336,1791484226854,RESTRICTIVE_NAT,RETENTION_PROBE,0.00,0.00,0.00,False,1,24.0,False,16,0,RETENTION_EXPIRED
6337,1791484226854,RESTRICTIVE_NAT,RETENTION_PROBE,0.00,0.00,0.00,False,1,24.0,False,16,0,RETENTION_EXPIRED
6338,1791484226854,RESTRICTIVE_NAT,RETENTION_PROBE,0.00,0.00,0.00,False,1,24.0,False,16,0,RETENTION_EXPIRED
6339,1791484226854,RESTRICTIVE_NAT,RETENTION_PROBE,0.00,0.00,0.00,False,1,24.0,False,16,0,RETENTION_EXPIRED
6340,1791484226854,RESTRICTIVE_NAT,RETENTION_PROBE,0.00,0.00,0.00,False,1,24.0,False,16,0,RETENTION_EXPIRED
6341,1791484226854,RESTRICTIVE_NAT,RETENTION_PROBE,0.00,0.00,0.00,False,1,24.0,False,16,0,RETENTION_EXPIRED
6342,1791484226854,RESTRICTIVE_NAT,RETENTION_PROBE,0.00,0.00,0.00,False,1,24.0,False,16,0,RETENTION_EXPIRED
6343,1791484226854,RESTRICTIVE_NAT,RETENTION_PROBE,0.00,0.00,0.00,False,1,24.0,False,16,0,RETENTION_EXPIRED
6344,1791484226854,RESTRICTIVE_NAT,RETENTION_PROBE,0.00,0.00,0.00,False,1,24.0,False,16,0,RETENTION_EXPIRED
6345,1791484226854,RESTRICTIVE_NAT,RETENTION_PROBE,0.00,0.00,0.00,False,1,24.0,False,16,0,RETENTION_EXPIRED
6346,1791484226854,RESTRICTIVE_NAT,RETENTION_PROBE,0.00,0.00,0.00,False,1,24.0,False,16,0,RETENTION_EXPIRED
6347,1791484226854,RESTRICTIVE_NAT,RETENTION_PROBE,0.00,0.00,0.00,False,1,24.0,False,16,0,RETENTION_EXPIRED
6348,1791484226854,RESTRICTIVE_NAT,RETENTION_PROBE,0.00,0.00,0.00,False,1,24.0,False,16,0,RETENTION_EXPIRED
6349,1791484226854,RESTRICTIVE_NAT,RETENTION_PROBE,0.00,0.00,0.00,False,1,24.0,False,16,0,RETENTION_EXPIRED
6350,1791484226854,RESTRICTIVE_NAT,RETENTION_PROBE,0.00,0.00,0.00,False,1,24.0,False,16,0,RETENTION_EXPIRED
6351,1791484226854,RESTRICTIVE_NAT,RETENTION_PROBE,0.00,0.00,0.00,False,1,24.0,False,16,0,RETENTION_EXPIRED
6352,1791484226854,RESTRICTIVE_NAT,RETENTION_PROBE,0.00,0.00,0.00,False,1,24.0,False,16,0,RETENTION_EXPIRED
6353,1791484226854,RESTRICTIVE_NAT,RETENTION_PROBE,0.00,0.00,0.00,False,1,24.0,False,16,0,RETENTION_EXPIRED
6354,1791484226854,RESTRICTIVE_NAT,RETENTION_PROBE,0.00,0.00,0.00,False,1,24.0,False,16,0,RETENTION_EXPIRED
6355,1791484226854,RESTRICTIVE_NAT,RETENTION_PROBE,0.00,0.00,0.00,False,1,24.0,False,16,0,RETENTION_EXPIRED
6356,1791484226854,RESTRICTIVE_NAT,RETENTION_PROBE,0.00,0.00,0.00,False,1,24.0,False,16,0,RETENTION_EXPIRED
6357,1791484226854,RESTRICTIVE_NAT,RETENTION_PROBE,0.00,0.00,0.00,False,1,24.0,False,16,0,RETENTION_EXPIRED
6358,1791484226854,RESTRICTIVE_NAT,RETENTION_PROBE,0.00,0.00,0.00,False,1,24.0,False,16,0,RETENTION_EXPIRED
6359,1791484226854,RESTRICTIVE_NAT,RETENTION_PROBE,0.00,0.00,0.00,False,1,24.0,False,16,0,RETENTION_EXPIRED
6360,1791484226854,RESTRICTIVE_NAT,RETENTION_PROBE,0.00,0.00,0.00,False,1,24.0,False,16,0,RETENTION_EXPIRED
6361,1791484226854,RESTRICTIVE_NAT,RETENTION_PROBE,0.00,0.00,0.00,False,1,24.0,False,16,0,RETENTION_EXPIRED
6362,1791484226854,RESTRICTIVE_NAT,RETENTION_PROBE,0.00,0.00,0.00,False,1,24.0,False,16,0,RETENTION_EXPIRED
6363,1791484226854,RESTRICTIVE_NAT,RETENTION_PROBE,0.00,0.00,0.00,False,1,24.0,False,16,0,RETENTION_EXPIRED
6364,1791484226854,RESTRICTIVE_NAT,RETENTION_PROBE,0.00,0.00,0.00,False,1,24.0,False,16,0,RETENTION_EXPIRED
6365,1791484226854,RESTRICTIVE_NAT,RETENTION_PROBE,0.00,0.00,0.00,False,1,24.0,False,16,0,RETENTION_EXPIRED
6366,1791484226854,RESTRICTIVE_NAT,RETENTION_PROBE,0.00,0.00,0.00,False,1,24.0,False,16,0,RETENTION_EXPIRED
6367,1791484226854,RESTRICTIVE_NAT,RETENTION_PROBE,0.00,0.00,0.00,False,1,24.0,False,16,0,RETENTION_EXPIRED
6368,1791484226854,RESTRICTIVE_NAT,RETENTION_PROBE,0.00,0.00,0.00,False,1,24.0,False,16,0,RETENTION_EXPIRED
6369,1791484226854,RESTRICTIVE_NAT,RETENTION_PROBE,0.00,0.00,0.00,False,1,24.0,False,16,0,RETENTION_EXPIRED
6370,1791484226854,RESTRICTIVE_NAT,RETENTION_PROBE,0.00,0.00,0.00,False,1,24.0,False,16,0,RETENTION_EXPIRED
6371,1791484226854,RESTRICTIVE_NAT,RETENTION_PROBE,0.00,0.00,0.00,False,1,24.0,False,16,0,RETENTION_EXPIRED
6372,1791484226854,RESTRICTIVE_NAT,RETENTION_PROBE,0.00,0.00,0.00,False,1,24.0,False,16,0,RETENTION_EXPIRED
6373,1791484226854,RESTRICTIVE_NAT,RETENTION_PROBE,0.00,0.00,0.00,False,1,24.0,False,16,0,RETENTION_EXPIRED
6374,1791484226854,RESTRICTIVE_NAT,RETENTION_PROBE,0.00,0.00,0.00,False,1,24.0,False,16,0,RETENTION_EXPIRED
6375,1791484226854,RESTRICTIVE_NAT,RETENTION_PROBE,0.00,0.00,0.00,False,1,24.0,False,16,0,RETENTION_EXPIRED
6376,1791484226854,RESTRICTIVE_NAT,RETENTION_PROBE,0.00,0.00,0.00,False,1,24.0,False,16,0,RETENTION_EXPIRED
6377,1791484226854,RESTRICTIVE_NAT,RETENTION_PROBE,0.00,0.00,0.00,False,1,24.0,False,16,0,RETENTION_EXPIRED
6378,1791484226854,RESTRICTIVE_NAT,RETENTION_PROBE,0.00,0.00,0.00,False,1,24.0,False,16,0,RETENTION_EXPIRED
6379,1791484226854,RESTRICTIVE_NAT,RETENTION_PROBE,0.00,0.00,0.00,False,1,24.0,False,16,0,RETENTION_EXPIRED
6380,1791484226854,RESTRICTIVE_NAT,RETENTION_PROBE,0.00,0.00,0.00,False,1,24.0,False,16,0,RETENTION_EXPIRED
6381,1791484226854,RESTRICTIVE_NAT,RETENTION_PROBE,0.00,0.00,0.00,False,1,24.0,False,16,0,RETENTION_EXPIRED
6382,1791484226854,RESTRICTIVE_NAT,RETENTION_PROBE,0.00,0.00,0.00,False,1,24.0,False,16,0,RETENTION_EXPIRED
6383,1791484226854,RESTRICTIVE_NAT,RETENTION_PROBE,0.00,0.00,0.00,False,1,24.0,False,16,0,RETENTION_EXPIRED
6384,1791484226854,RESTRICTIVE_NAT,RETENTION_PROBE,0.00,0.00,0.00,False,1,24.0,False,16,0,RETENTION_EXPIRED
6385,1791484226854,RESTRICTIVE_NAT,RETENTION_PROBE,0.00,0.00,0.00,False,1,24.0,False,16,0,RETENTION_EXPIRED
6386,1791484226854,RESTRICTIVE_NAT,RETENTION_PROBE,0.00,0.00,0.00,False,1,24.0,False,16,0,RETENTION_EXPIRED
6387,1791484226854,RESTRICTIVE_NAT,RETENTION_PROBE,0.00,0.00,0.00,False,1,24.0,False,16,0,RETENTION_EXPIRED
6388,1791484226854,RESTRICTIVE_NAT,RETENTION_PROBE,0.00,0.00,0.00,False,1,24.0,False,16,0,RETENTION_EXPIRED
6389,1791484226854,RESTRICTIVE_NAT,RETENTION_PROBE,0.00,0.00,0.00,False,1,24.0,False,16,0,RETENTION_EXPIRED
6390,1791484226854,RESTRICTIVE_NAT,RETENTION_PROBE,0.00,0.00,0.00,False,1,24.0,False,16,0,RETENTION_EXPIRED
6391,1791484226854,RESTRICTIVE_NAT,RETENTION_PROBE,0.00,0.00,0.00,False,1,24.0,False,16,0,RETENTION_EXPIRED
6392,1791484226854,RESTRICTIVE_NAT,RETENTION_PROBE,0.00,0.00,0.00,False,1,24.0,False,16,0,RETENTION_EXPIRED
6393,1791484226854,RESTRICTIVE_NAT,RETENTION_PROBE,0.00,0.00,0.00,False,1,24.0,False,16,0,RETENTION_EXPIRED
6394,1791484226854,RESTRICTIVE_NAT,RETENTION_PROBE,0.00,0.00,0.00,False,1,24.0,False,16,0,RETENTION_EXPIRED
6395,1791484226854,RESTRICTIVE_NAT,RETENTION_PROBE,0.00,0.00,0.00,False,1,24.0,False,16,0,RETENTION_EXPIRED
6396,1791484226854,RESTRICTIVE_NAT,RETENTION_PROBE,0.00,0.00,0.00,False,1,24.0,False,16,0,RETENTION_EXPIRED
6397,1791484226854,RESTRICTIVE_NAT,RETENTION_PROBE,0.00,0.00,0.00,False,1,24.0,False,16,0,RETENTION_EXPIRED
6398,1791484226854,RESTRICTIVE_NAT,RETENTION_PROBE,0.00,0.00,0.00,False,1,24.0,False,16,0,RETENTION_EXPIRED
6399,1791484226854,RESTRICTIVE_NAT,RETENTION_PROBE,0.00,0.00,0.00,False,1,24.0,False,16,0,RETENTION_EXPIRED
6400,1791484226854,RESTRICTIVE_NAT,RETENTION_PROBE,0.00,0.00,0.00,False,1,24.0,False,16,0,RETENTION_EXPIRED
6401,1791484226854,RESTRICTIVE_NAT,RETENTION_PROBE,0.00,0.00,0.00,False,1,24.0,False,16,0,RETENTION_EXPIRED
6402,1791484226854,RESTRICTIVE_NAT,RETENTION_PROBE,0.00,0.00,0.00,False,1,24.0,False,16,0,RETENTION_EXPIRED
6403,1791484226854,RESTRICTIVE_NAT,RETENTION_PROBE,0.00,0.00,0.00,False,1,24.0,False,16,0,RETENTION_EXPIRED
6404,1791484226854,RESTRICTIVE_NAT,RETENTION_PROBE,0.00,0.00,0.00,False,1,24.0,False,16,0,RETENTION_EXPIRED
6405,1791484226854,RESTRICTIVE_NAT,RETENTION_PROBE,0.00,0.00,0.00,False,1,24.0,False,16,0,RETENTION_EXPIRED
6406,1791484226854,RESTRICTIVE_NAT,RETENTION_PROBE,0.00,0.00,0.00,False,1,24.0,False,16,0,RETENTION_EXPIRED
6407,1791484226854,RESTRICTIVE_NAT,RETENTION_PROBE,0.00,0.00,0.00,False,1,24.0,False,16,0,RETENTION_EXPIRED
6408,1791484226854,RESTRICTIVE_NAT,RETENTION_PROBE,0.00,0.00,0.00,False,1,24.0,False,16,0,RETENTION_EXPIRED
6409,1791484226854,RESTRICTIVE_NAT,RETENTION_PROBE,0.00,0.00,0.00,False,1,24.0,False,16,0,RETENTION_EXPIRED
6410,1791484226854,RESTRICTIVE_NAT,RETENTION_PROBE,0.00,0.00,0.00,False,1,24.0,False,16,0,RETENTION_EXPIRED
6411,1791484226854,RESTRICTIVE_NAT,RETENTION_PROBE,0.00,0.00,0.00,False,1,24.0,False,16,0,RETENTION_EXPIRED
6412,1791484226854,RESTRICTIVE_NAT,RETENTION_PROBE,0.00,0.00,0.00,False,1,24.0,False,16,0,RETENTION_EXPIRED
6413,1791484226854,RESTRICTIVE_NAT,RETENTION_PROBE,0.00,0.00,0.00,False,1,24.0,False,16,0,RETENTION_EXPIRED
6414,1791484226854,RESTRICTIVE_NAT,RETENTION_PROBE,0.00,0.00,0.00,False,1,24.0,False,16,0,RETENTION_EXPIRED
6415,1791484226854,RESTRICTIVE_NAT,RETENTION_PROBE,0.00,0.00,0.00,False,1,24.0,False,16,0,RETENTION_EXPIRED
6416,1791484226854,RESTRICTIVE_NAT,RETENTION_PROBE,0.00,0.00,0.00,False,1,24.0,False,16,0,RETENTION_EXPIRED
6417,1791484226854,RESTRICTIVE_NAT,RETENTION_PROBE,0.00,0.00,0.00,False,1,24.0,False,16,0,RETENTION_EXPIRED
6418,1791484226854,RESTRICTIVE_NAT,RETENTION_PROBE,0.00,0.00,0.00,False,1,24.0,False,16,0,RETENTION_EXPIRED
6419,1791484226854,RESTRICTIVE_NAT,RETENTION_PROBE,0.00,0.00,0.00,False,1,24.0,False,16,0,RETENTION_EXPIRED
6420,1791484226854,RESTRICTIVE_NAT,RETENTION_PROBE,0.00,0.00,0.00,False,1,24.0,False,16,0,RETENTION_EXPIRED
6421,1791484226854,RESTRICTIVE_NAT,RETENTION_PROBE,0.00,0.00,0.00,False,1,24.0,False,16,0,RETENTION_EXPIRED
6422,1791484226854,RESTRICTIVE_NAT,RETENTION_PROBE,0.00,0.00,0.00,False,1,24.0,False,16,0,RETENTION_EXPIRED
6423,1791484226854,RESTRICTIVE_NAT,RETENTION_PROBE,0.00,0.00,0.00,False,1,24.0,False,16,0,RETENTION_EXPIRED
6424,1791484226854,RESTRICTIVE_NAT,RETENTION_PROBE,0.00,0.00,0.00,False,1,24.0,False,16,0,RETENTION_EXPIRED
6425,1791484226854,RESTRICTIVE_NAT,RETENTION_PROBE,0.00,0.00,0.00,False,1,24.0,False,16,0,RETENTION_EXPIRED
6426,1791484226854,RESTRICTIVE_NAT,RETENTION_PROBE,0.00,0.00,0.00,False,1,24.0,False,16,0,RETENTION_EXPIRED
6427,1791484226854,RESTRICTIVE_NAT,RETENTION_PROBE,0.00,0.00,0.00,False,1,24.0,False,16,0,RETENTION_EXPIRED
6428,1791484226854,RESTRICTIVE_NAT,RETENTION_PROBE,0.00,0.00,0.00,False,1,24.0,False,16,0,RETENTION_EXPIRED
6429,1791484226854,RESTRICTIVE_NAT,RETENTION_PROBE,0.00,0.00,0.00,False,1,24.0,False,16,0,RETENTION_EXPIRED
6430,1791484226854,RESTRICTIVE_NAT,RETENTION_PROBE,0.00,0.00,0.00,False,1,24.0,False,16,0,RETENTION_EXPIRED
6431,1791484226854,RESTRICTIVE_NAT,RETENTION_PROBE,0.00,0.00,0.00,False,1,24.0,False,16,0,RETENTION_EXPIRED
6432,1791484226854,RESTRICTIVE_NAT,RETENTION_PROBE,0.00,0.00,0.00,False,1,24.0,False,16,0,RETENTION_EXPIRED
6433,1791484226854,RESTRICTIVE_NAT,RETENTION_PROBE,0.00,0.00,0.00,False,1,24.0,False,16,0,RETENTION_EXPIRED
6434,1791484226854,RESTRICTIVE_NAT,RETENTION_PROBE,0.00,0.00,0.00,False,1,24.0,False,16,0,RETENTION_EXPIRED
6435,1791484226854,RESTRICTIVE_NAT,RETENTION_PROBE,0.00,0.00,0.00,False,1,24.0,False,16,0,RETENTION_EXPIRED
6436,1791484226854,RESTRICTIVE_NAT,RETENTION_PROBE,0.00,0.00,0.00,False,1,24.0,False,16,0,RETENTION_EXPIRED
6437,1791484226854,RESTRICTIVE_NAT,RETENTION_PROBE,0.00,0.00,0.00,False,1,24.0,False,16,0,RETENTION_EXPIRED
6438,1791484226854,RESTRICTIVE_NAT,RETENTION_PROBE,0.00,0.00,0.00,False,1,24.0,False,16,0,RETENTION_EXPIRED
6439,1791484226854,RESTRICTIVE_NAT,RETENTION_PROBE,0.00,0.00,0.00,False,1,24.0,False,16,0,RETENTION_EXPIRED
6440,1791484226854,RESTRICTIVE_NAT,RETENTION_PROBE,0.00,0.00,0.00,False,1,24.0,False,16,0,RETENTION_EXPIRED
6441,1791484226854,RESTRICTIVE_NAT,RETENTION_PROBE,0.00,0.00,0.00,False,1,24.0,False,16,0,RETENTION_EXPIRED
6442,1791484226854,RESTRICTIVE_NAT,RETENTION_PROBE,0.00,0.00,0.00,False,1,24.0,False,16,0,RETENTION_EXPIRED
6443,1791484226854,RESTRICTIVE_NAT,RETENTION_PROBE,0.00,0.00,0.00,False,1,24.0,False,16,0,RETENTION_EXPIRED
6444,1791484226854,RESTRICTIVE_NAT,RETENTION_PROBE,0.00,0.00,0.00,False,1,24.0,False,16,0,RETENTION_EXPIRED
6445,1791484226854,RESTRICTIVE_NAT,RETENTION_PROBE,0.00,0.00,0.00,False,1,24.0,False,16,0,RETENTION_EXPIRED
6446,1791484226854,RESTRICTIVE_NAT,RETENTION_PROBE,0.00,0.00,0.00,False,1,24.0,False,16,0,RETENTION_EXPIRED
6447,1791484226854,RESTRICTIVE_NAT,RETENTION_PROBE,0.00,0.00,0.00,False,1,24.0,False,16,0,RETENTION_EXPIRED
6448,1791484226854,RESTRICTIVE_NAT,RETENTION_PROBE,0.00,0.00,0.00,False,1,24.0,False,16,0,RETENTION_EXPIRED
6449,1791484226854,RESTRICTIVE_NAT,RETENTION_PROBE,0.00,0.00,0.00,False,1,24.0,False,16,0,RETENTION_EXPIRED
6450,1791484226854,RESTRICTIVE_NAT,RETENTION_PROBE,0.00,0.00,0.00,False,1,24.0,False,16,0,RETENTION_EXPIRED
6451,1791484226854,RESTRICTIVE_NAT,RETENTION_PROBE,0.00,0.00,0.00,False,1,24.0,False,16,0,RETENTION_EXPIRED
6452,1791484226854,RESTRICTIVE_NAT,RETENTION_PROBE,0.00,0.00,0.00,False,1,24.0,False,16,0,RETENTION_EXPIRED
6453,1791484226854,RESTRICTIVE_NAT,RETENTION_PROBE,0.00,0.00,0.00,False,1,24.0,False,16,0,RETENTION_EXPIRED
6454,1791484226854,RESTRICTIVE_NAT,RETENTION_PROBE,0.00,0.00,0.00,False,1,24.0,False,16,0,RETENTION_EXPIRED
6455,1791484226854,RESTRICTIVE_NAT,RETENTION_PROBE,0.00,0.00,0.00,False,1,24.0,False,16,0,RETENTION_EXPIRED
6456,1791484226854,RESTRICTIVE_NAT,RETENTION_PROBE,0.00,0.00,0.00,False,1,24.0,False,16,0,RETENTION_EXPIRED
6457,1791484226854,RESTRICTIVE_NAT,RETENTION_PROBE,0.00,0.00,0.00,False,1,24.0,False,16,0,RETENTION_EXPIRED
6458,1791484226854,RESTRICTIVE_NAT,RETENTION_PROBE,0.00,0.00,0.00,False,1,24.0,False,16,0,RETENTION_EXPIRED
6459,1791484226854,RESTRICTIVE_NAT,RETENTION_PROBE,0.00,0.00,0.00,False,1,24.0,False,16,0,RETENTION_EXPIRED
6460,1791484226854,RESTRICTIVE_NAT,RETENTION_PROBE,0.00,0.00,0.00,False,1,24.0,False,16,0,RETENTION_EXPIRED
6461,1791484226854,RESTRICTIVE_NAT,RETENTION_PROBE,0.00,0.00,0.00,False,1,24.0,False,16,0,RETENTION_EXPIRED
6462,1791484226854,RESTRICTIVE_NAT,RETENTION_PROBE,0.00,0.00,0.00,False,1,24.0,False,16,0,RETENTION_EXPIRED
6463,1791484226854,RESTRICTIVE_NAT,RETENTION_PROBE,0.00,0.00,0.00,False,1,24.0,False,16,0,RETENTION_EXPIRED
6464,1791484226854,RESTRICTIVE_NAT,RETENTION_PROBE,0.00,0.00,0.00,False,1,24.0,False,16,0,RETENTION_EXPIRED
6465,1791484226854,RESTRICTIVE_NAT,RETENTION_PROBE,0.00,0.00,0.00,False,1,24.0,False,16,0,RETENTION_EXPIRED
6466,1791484226854,RESTRICTIVE_NAT,RETENTION_PROBE,0.00,0.00,0.00,False,1,24.0,False,16,0,RETENTION_EXPIRED
6467,1791484226854,RESTRICTIVE_NAT,RETENTION_PROBE,0.00,0.00,0.00,False,1,24.0,False,16,0,RETENTION_EXPIRED
6468,1791484226854,RESTRICTIVE_NAT,RETENTION_PROBE,0.00,0.00,0.00,False,1,24.0,False,16,0,RETENTION_EXPIRED
6469,1791484226854,RESTRICTIVE_NAT,RETENTION_PROBE,0.00,0.00,0.00,False,1,24.0,False,16,0,RETENTION_EXPIRED
6470,1791484226854,RESTRICTIVE_NAT,RETENTION_PROBE,0.00,0.00,0.00,False,1,24.0,False,16,0,RETENTION_EXPIRED
6471,1791484226854,RESTRICTIVE_NAT,RETENTION_PROBE,0.00,0.00,0.00,False,1,24.0,False,16,0,RETENTION_EXPIRED
6472,1791484226854,RESTRICTIVE_NAT,RETENTION_PROBE,0.00,0.00,0.00,False,1,24.0,False,16,0,RETENTION_EXPIRED
6473,1791484226854,RESTRICTIVE_NAT,RETENTION_PROBE,0.00,0.00,0.00,False,1,24.0,False,16,0,RETENTION_EXPIRED
6474,1791484226854,RESTRICTIVE_NAT,RETENTION_PROBE,0.00,0.00,0.00,False,1,24.0,False,16,0,RETENTION_EXPIRED
6475,1791484226854,RESTRICTIVE_NAT,RETENTION_PROBE,0.00,0.00,0.00,False,1,24.0,False,16,0,RETENTION_EXPIRED
6476,1791484226854,RESTRICTIVE_NAT,RETENTION_PROBE,0.00,0.00,0.00,False,1,24.0,False,16,0,RETENTION_EXPIRED
6477,1791484226854,RESTRICTIVE_NAT,RETENTION_PROBE,0.00,0.00,0.00,False,1,24.0,False,16,0,RETENTION_EXPIRED
6478,1791484226854,RESTRICTIVE_NAT,RETENTION_PROBE,0.00,0.00,0.00,False,1,24.0,False,16,0,RETENTION_EXPIRED
6479,1791484226854,RESTRICTIVE_NAT,RETENTION_PROBE,0.00,0.00,0.00,False,1,24.0,False,16,0,RETENTION_EXPIRED
6480,1791484226854,RESTRICTIVE_NAT,RETENTION_PROBE,0.00,0.00,0.00,False,1,24.0,False,16,0,RETENTION_EXPIRED
6481,1791484226854,RESTRICTIVE_NAT,RETENTION_PROBE,0.00,0.00,0.00,False,1,24.0,False,16,0,RETENTION_EXPIRED
6482,1791484226854,RESTRICTIVE_NAT,RETENTION_PROBE,0.00,0.00,0.00,False,1,24.0,False,16,0,RETENTION_EXPIRED
6483,1791484226854,RESTRICTIVE_NAT,RETENTION_PROBE,0.00,0.00,0.00,False,1,24.0,False,16,0,RETENTION_EXPIRED
6484,1791484226854,RESTRICTIVE_NAT,RETENTION_PROBE,0.00,0.00,0.00,False,1,24.0,False,16,0,RETENTION_EXPIRED
6485,1791484226854,RESTRICTIVE_NAT,RETENTION_PROBE,0.00,0.00,0.00,False,1,24.0,False,16,0,RETENTION_EXPIRED
6486,1791484226854,RESTRICTIVE_NAT,RETENTION_PROBE,0.00,0.00,0.00,False,1,24.0,False,16,0,RETENTION_EXPIRED
6487,1791484226854,WIFI,RETENTION_PROBE,0.00,17.11,17.11,True,0,24.0,True,16,4,NONE
6488,1791484226854,WIFI,RETENTION_PROBE,0.00,31.23,31.23,True,0,24.0,True,16,4,NONE
6489,1791484226854,WIFI,RETENTION_PROBE,0.00,29.55,29.55,True,0,24.0,True,16,4,NONE
6490,1791484226854,WIFI,RETENTION_PROBE,0.00,18.60,18.60,True,0,24.0,True,16,3,NONE
6491,1791484226854,WIFI,RETENTION_PROBE,0.00,23.38,23.38,True,0,24.0,True,16,1,NONE
6492,1791484226854,WIFI,RETENTION_PROBE,0.00,21.46,21.46,True,0,24.0,True,16,4,NONE
6493,1791484226854,WIFI,RETENTION_PROBE,0.00,39.96,39.96,True,0,24.0,True,16,2,NONE
6494,1791484226854,WIFI,RETENTION_PROBE,0.00,16.61,16.61,True,0,24.0,True,16,3,NONE
6495,1791484226854,WIFI,RETENTION_PROBE,0.00,24.36,24.36,True,0,24.0,True,16,1,NONE
6496,1791484226854,WIFI,RETENTION_PROBE,0.00,33.13,33.13,True,0,24.0,True,16,3,NONE
6497,1791484226854,WIFI,RETENTION_PROBE,0.00,34.94,34.94,True,0,24.0,True,16,4,NONE
6498,1791484226854,WIFI,RETENTION_PROBE,0.00,30.17,30.17,True,0,24.0,True,16,4,NONE
6499,1791484226854,WIFI,RETENTION_PROBE,0.00,32.60,32.60,True,0,24.0,True,16,2,NONE
6500,1791484226854,WIFI,RETENTION_PROBE,0.00,26.04,26.04,True,0,24.0,True,16,1,NONE
6501,1791484226854,WIFI,RETENTION_PROBE,0.00,29.57,29.57,True,0,24.0,True,16,4,NONE
6502,1791484226854,WIFI,RETENTION_PROBE,0.00,36.98,36.98,True,0,24.0,True,16,3,NONE
6503,1791484226854,WIFI,RETENTION_PROBE,0.00,38.51,38.51,True,0,24.0,True,16,2,NONE
6504,1791484226854,WIFI,RETENTION_PROBE,0.00,33.58,33.58,True,0,24.0,True,16,2,NONE
6505,1791484226854,WIFI,RETENTION_PROBE,0.00,18.71,18.71,True,0,24.0,True,16,3,NONE
6506,1791484226854,WIFI,RETENTION_PROBE,0.00,39.13,39.13,True,0,24.0,True,16,2,NONE
6507,1791484226854,WIFI,RETENTION_PROBE,0.00,17.32,17.32,True,0,24.0,True,16,1,NONE
6508,1791484226854,WIFI,RETENTION_PROBE,0.00,0.00,0.00,False,1,24.0,True,16,0,RETENTION_EXPIRED
6509,1791484226854,WIFI,RETENTION_PROBE,0.00,37.54,37.54,True,0,24.0,True,16,2,NONE
6510,1791484226854,WIFI,RETENTION_PROBE,0.00,26.39,26.39,True,0,24.0,True,16,4,NONE
6511,1791484226854,WIFI,RETENTION_PROBE,0.00,25.99,25.99,True,0,24.0,True,16,3,NONE
6512,1791484226854,WIFI,RETENTION_PROBE,0.00,23.88,23.88,True,0,24.0,True,16,1,NONE
6513,1791484226854,WIFI,RETENTION_PROBE,0.00,35.81,35.81,True,0,24.0,True,16,1,NONE
6514,1791484226854,WIFI,RETENTION_PROBE,0.00,30.49,30.49,True,0,24.0,True,16,1,NONE
6515,1791484226854,WIFI,RETENTION_PROBE,0.00,31.58,31.58,True,0,24.0,True,16,4,NONE
6516,1791484226854,WIFI,RETENTION_PROBE,0.00,24.20,24.20,True,0,24.0,True,16,3,NONE
6517,1791484226854,WIFI,RETENTION_PROBE,0.00,0.00,0.00,False,1,24.0,True,16,0,RETENTION_EXPIRED
6518,1791484226854,WIFI,RETENTION_PROBE,0.00,36.04,36.04,True,0,24.0,True,16,3,NONE
6519,1791484226854,WIFI,RETENTION_PROBE,0.00,21.24,21.24,True,0,24.0,True,16,2,NONE
6520,1791484226854,WIFI,RETENTION_PROBE,0.00,18.96,18.96,True,0,24.0,True,16,2,NONE
6521,1791484226854,WIFI,RETENTION_PROBE,0.00,34.57,34.57,True,0,24.0,True,16,2,NONE
6522,1791484226854,WIFI,RETENTION_PROBE,0.00,32.00,32.00,True,0,24.0,True,16,4,NONE
6523,1791484226854,WIFI,RETENTION_PROBE,0.00,29.29,29.29,True,0,24.0,True,16,3,NONE
6524,1791484226854,WIFI,RETENTION_PROBE,0.00,33.99,33.99,True,0,24.0,True,16,2,NONE
6525,1791484226854,WIFI,RETENTION_PROBE,0.00,39.56,39.56,True,0,24.0,True,16,3,NONE
6526,1791484226854,WIFI,RETENTION_PROBE,0.00,18.93,18.93,True,0,24.0,True,16,3,NONE
6527,1791484226854,WIFI,RETENTION_PROBE,0.00,38.81,38.81,True,0,24.0,True,16,3,NONE
6528,1791484226854,WIFI,RETENTION_PROBE,0.00,25.14,25.14,True,0,24.0,True,16,1,NONE
6529,1791484226854,WIFI,RETENTION_PROBE,0.00,17.86,17.86,True,0,24.0,True,16,3,NONE
6530,1791484226854,WIFI,RETENTION_PROBE,0.00,27.87,27.87,True,0,24.0,True,16,3,NONE
6531,1791484226854,WIFI,RETENTION_PROBE,0.00,35.93,35.93,True,0,24.0,True,16,1,NONE
6532,1791484226854,WIFI,RETENTION_PROBE,0.00,32.44,32.44,True,0,24.0,True,16,4,NONE
6533,1791484226854,WIFI,RETENTION_PROBE,0.00,20.78,20.78,True,0,24.0,True,16,3,NONE
6534,1791484226854,WIFI,RETENTION_PROBE,0.00,27.16,27.16,True,0,24.0,True,16,1,NONE
6535,1791484226854,WIFI,RETENTION_PROBE,0.00,0.00,0.00,False,1,24.0,True,16,0,RETENTION_EXPIRED
6536,1791484226854,WIFI,RETENTION_PROBE,0.00,18.00,18.00,True,0,24.0,True,16,2,NONE
6537,1791484226854,WIFI,RETENTION_PROBE,0.00,17.82,17.82,True,0,24.0,True,16,4,NONE
6538,1791484226854,WIFI,RETENTION_PROBE,0.00,38.95,38.95,True,0,24.0,True,16,2,NONE
6539,1791484226854,WIFI,RETENTION_PROBE,0.00,35.71,35.71,True,0,24.0,True,16,4,NONE
6540,1791484226854,WIFI,RETENTION_PROBE,0.00,39.51,39.51,True,0,24.0,True,16,1,NONE
6541,1791484226854,WIFI,RETENTION_PROBE,0.00,23.39,23.39,True,0,24.0,True,16,2,NONE
6542,1791484226854,WIFI,RETENTION_PROBE,0.00,37.91,37.91,True,0,24.0,True,16,2,NONE
6543,1791484226854,WIFI,RETENTION_PROBE,0.00,20.68,20.68,True,0,24.0,True,16,2,NONE
6544,1791484226854,WIFI,RETENTION_PROBE,0.00,27.87,27.87,True,0,24.0,True,16,4,NONE
6545,1791484226854,WIFI,RETENTION_PROBE,0.00,23.59,23.59,True,0,24.0,True,16,2,NONE
6546,1791484226854,WIFI,RETENTION_PROBE,0.00,33.16,33.16,True,0,24.0,True,16,4,NONE
6547,1791484226854,WIFI,RETENTION_PROBE,0.00,29.50,29.50,True,0,24.0,True,16,4,NONE
6548,1791484226854,WIFI,RETENTION_PROBE,0.00,31.52,31.52,True,0,24.0,True,16,3,NONE
6549,1791484226854,WIFI,RETENTION_PROBE,0.00,37.63,37.63,True,0,24.0,True,16,1,NONE
6550,1791484226854,WIFI,RETENTION_PROBE,0.00,30.96,30.96,True,0,24.0,True,16,2,NONE
6551,1791484226854,WIFI,RETENTION_PROBE,0.00,27.57,27.57,True,0,24.0,True,16,4,NONE
6552,1791484226854,WIFI,RETENTION_PROBE,0.00,22.48,22.48,True,0,24.0,True,16,4,NONE
6553,1791484226854,WIFI,RETENTION_PROBE,0.00,21.96,21.96,True,0,24.0,True,16,1,NONE
6554,1791484226854,WIFI,RETENTION_PROBE,0.00,0.00,0.00,False,1,24.0,True,16,0,RETENTION_EXPIRED
6555,1791484226854,WIFI,RETENTION_PROBE,0.00,20.30,20.30,True,0,24.0,True,16,4,NONE
6556,1791484226854,WIFI,RETENTION_PROBE,0.00,38.55,38.55,True,0,24.0,True,16,1,NONE
6557,1791484226854,WIFI,RETENTION_PROBE,0.00,31.93,31.93,True,0,24.0,True,16,4,NONE
6558,1791484226854,WIFI,RETENTION_PROBE,0.00,22.73,22.73,True,0,24.0,True,16,4,NONE
6559,1791484226854,WIFI,RETENTION_PROBE,0.00,30.34,30.34,True,0,24.0,True,16,3,NONE
6560,1791484226854,WIFI,RETENTION_PROBE,0.00,24.35,24.35,True,0,24.0,True,16,4,NONE
6561,1791484226854,WIFI,RETENTION_PROBE,0.00,31.21,31.21,True,0,24.0,True,16,3,NONE
6562,1791484226854,WIFI,RETENTION_PROBE,0.00,20.15,20.15,True,0,24.0,True,16,4,NONE
6563,1791484226854,WIFI,RETENTION_PROBE,0.00,16.22,16.22,True,0,24.0,True,16,1,NONE
6564,1791484226854,WIFI,RETENTION_PROBE,0.00,18.29,18.29,True,0,24.0,True,16,4,NONE
6565,1791484226854,WIFI,RETENTION_PROBE,0.00,27.07,27.07,True,0,24.0,True,16,1,NONE
6566,1791484226854,WIFI,RETENTION_PROBE,0.00,35.80,35.80,True,0,24.0,True,16,3,NONE
6567,1791484226854,WIFI,RETENTION_PROBE,0.00,39.42,39.42,True,0,24.0,True,16,4,NONE
6568,1791484226854,WIFI,RETENTION_PROBE,0.00,22.31,22.31,True,0,24.0,True,16,4,NONE
6569,1791484226854,WIFI,RETENTION_PROBE,0.00,25.41,25.41,True,0,24.0,True,16,4,NONE
6570,1791484226854,WIFI,RETENTION_PROBE,0.00,20.05,20.05,True,0,24.0,True,16,3,NONE
6571,1791484226854,WIFI,RETENTION_PROBE,0.00,21.03,21.03,True,0,24.0,True,16,1,NONE
6572,1791484226854,WIFI,RETENTION_PROBE,0.00,23.48,23.48,True,0,24.0,True,16,3,NONE
6573,1791484226854,WIFI,RETENTION_PROBE,0.00,19.99,19.99,True,0,24.0,True,16,4,NONE
6574,1791484226854,WIFI,RETENTION_PROBE,0.00,39.87,39.87,True,0,24.0,True,16,1,NONE
6575,1791484226854,WIFI,RETENTION_PROBE,0.00,31.56,31.56,True,0,24.0,True,16,2,NONE
6576,1791484226854,WIFI,RETENTION_PROBE,0.00,31.05,31.05,True,0,24.0,True,16,4,NONE
6577,1791484226854,WIFI,RETENTION_PROBE,0.00,38.31,38.31,True,0,24.0,True,16,4,NONE
6578,1791484226854,WIFI,RETENTION_PROBE,0.00,27.94,27.94,True,0,24.0,True,16,2,NONE
6579,1791484226854,WIFI,RETENTION_PROBE,0.00,35.40,35.40,True,0,24.0,True,16,2,NONE
6580,1791484226854,WIFI,RETENTION_PROBE,0.00,35.77,35.77,True,0,24.0,True,16,2,NONE
6581,1791484226854,WIFI,RETENTION_PROBE,0.00,31.95,31.95,True,0,24.0,True,16,3,NONE
6582,1791484226854,WIFI,RETENTION_PROBE,0.00,29.09,29.09,True,0,24.0,True,16,3,NONE
6583,1791484226854,WIFI,RETENTION_PROBE,0.00,19.54,19.54,True,0,24.0,True,16,1,NONE
6584,1791484226854,WIFI,RETENTION_PROBE,0.00,0.00,0.00,False,1,24.0,True,16,0,RETENTION_EXPIRED
6585,1791484226854,WIFI,RETENTION_PROBE,0.00,34.10,34.10,True,0,24.0,True,16,2,NONE
6586,1791484226854,WIFI,RETENTION_PROBE,0.00,20.70,20.70,True,0,24.0,True,16,4,NONE
6587,1791484226854,WIFI,RETENTION_PROBE,0.00,30.78,30.78,True,0,24.0,True,16,2,NONE
6588,1791484226854,WIFI,RETENTION_PROBE,0.00,35.61,35.61,True,0,24.0,True,16,2,NONE
6589,1791484226854,WIFI,RETENTION_PROBE,0.00,26.79,26.79,True,0,24.0,True,16,2,NONE
6590,1791484226854,WIFI,RETENTION_PROBE,0.00,19.82,19.82,True,0,24.0,True,16,2,NONE
6591,1791484226854,WIFI,RETENTION_PROBE,0.00,32.16,32.16,True,0,24.0,True,16,3,NONE
6592,1791484226854,WIFI,RETENTION_PROBE,0.00,38.88,38.88,True,0,24.0,True,16,2,NONE
6593,1791484226854,WIFI,RETENTION_PROBE,0.00,39.77,39.77,True,0,24.0,True,16,2,NONE
6594,1791484226854,WIFI,RETENTION_PROBE,0.00,17.69,17.69,True,0,24.0,True,16,4,NONE
6595,1791484226854,WIFI,RETENTION_PROBE,0.00,27.53,27.53,True,0,24.0,True,16,3,NONE
6596,1791484226854,WIFI,RETENTION_PROBE,0.00,25.96,25.96,True,0,24.0,True,16,2,NONE
6597,1791484226854,WIFI,RETENTION_PROBE,0.00,30.81,30.81,True,0,24.0,True,16,4,NONE
6598,1791484226854,WIFI,RETENTION_PROBE,0.00,18.80,18.80,True,0,24.0,True,16,1,NONE
6599,1791484226854,WIFI,RETENTION_PROBE,0.00,17.77,17.77,True,0,24.0,True,16,1,NONE
6600,1791484226854,WIFI,RETENTION_PROBE,0.00,34.64,34.64,True,0,24.0,True,16,3,NONE
6601,1791484226854,WIFI,RETENTION_PROBE,0.00,21.93,21.93,True,0,24.0,True,16,2,NONE
6602,1791484226854,WIFI,RETENTION_PROBE,0.00,37.81,37.81,True,0,24.0,True,16,3,NONE
6603,1791484226854,WIFI,RETENTION_PROBE,0.00,39.88,39.88,True,0,24.0,True,16,2,NONE
6604,1791484226854,WIFI,RETENTION_PROBE,0.00,29.30,29.30,True,0,24.0,True,16,4,NONE
6605,1791484226854,WIFI,RETENTION_PROBE,0.00,33.43,33.43,True,0,24.0,True,16,4,NONE
6606,1791484226854,WIFI,RETENTION_PROBE,0.00,29.56,29.56,True,0,24.0,True,16,2,NONE
6607,1791484226854,WIFI,RETENTION_PROBE,0.00,16.94,16.94,True,0,24.0,True,16,4,NONE
6608,1791484226854,WIFI,RETENTION_PROBE,0.00,20.56,20.56,True,0,24.0,True,16,2,NONE
6609,1791484226854,WIFI,RETENTION_PROBE,0.00,0.00,0.00,False,1,24.0,True,16,0,RETENTION_EXPIRED
6610,1791484226854,WIFI,RETENTION_PROBE,0.00,22.44,22.44,True,0,24.0,True,16,3,NONE
6611,1791484226854,WIFI,RETENTION_PROBE,0.00,36.66,36.66,True,0,24.0,True,16,4,NONE
6612,1791484226854,WIFI,RETENTION_PROBE,0.00,22.75,22.75,True,0,24.0,True,16,1,NONE
6613,1791484226854,WIFI,RETENTION_PROBE,0.00,23.62,23.62,True,0,24.0,True,16,1,NONE
6614,1791484226854,WIFI,RETENTION_PROBE,0.00,21.07,21.07,True,0,24.0,True,16,2,NONE
6615,1791484226854,WIFI,RETENTION_PROBE,0.00,24.70,24.70,True,0,24.0,True,16,4,NONE
6616,1791484226854,WIFI,RETENTION_PROBE,0.00,32.37,32.37,True,0,24.0,True,16,3,NONE
6617,1791484226854,WIFI,RETENTION_PROBE,0.00,25.11,25.11,True,0,24.0,True,16,4,NONE
6618,1791484226854,WIFI,RETENTION_PROBE,0.00,22.11,22.11,True,0,24.0,True,16,2,NONE
6619,1791484226854,WIFI,RETENTION_PROBE,0.00,0.00,0.00,False,1,24.0,True,16,0,RETENTION_EXPIRED
6620,1791484226854,WIFI,RETENTION_PROBE,0.00,35.77,35.77,True,0,24.0,True,16,2,NONE
6621,1791484226854,WIFI,RETENTION_PROBE,0.00,35.60,35.60,True,0,24.0,True,16,4,NONE
6622,1791484226854,WIFI,RETENTION_PROBE,0.00,22.64,22.64,True,0,24.0,True,16,3,NONE
6623,1791484226854,WIFI,RETENTION_PROBE,0.00,26.15,26.15,True,0,24.0,True,16,4,NONE
6624,1791484226854,WIFI,RETENTION_PROBE,0.00,20.15,20.15,True,0,24.0,True,16,2,NONE
6625,1791484226854,WIFI,RETENTION_PROBE,0.00,17.48,17.48,True,0,24.0,True,16,4,NONE
6626,1791484226854,WIFI,RETENTION_PROBE,0.00,26.44,26.44,True,0,24.0,True,16,3,NONE
6627,1791484226854,WIFI,RETENTION_PROBE,0.00,36.57,36.57,True,0,24.0,True,16,2,NONE
6628,1791484226854,WIFI,RETENTION_PROBE,0.00,33.34,33.34,True,0,24.0,True,16,3,NONE
6629,1791484226854,WIFI,RETENTION_PROBE,0.00,29.13,29.13,True,0,24.0,True,16,2,NONE
6630,1791484226854,WIFI,RETENTION_PROBE,0.00,20.33,20.33,True,0,24.0,True,16,4,NONE
6631,1791484226854,WIFI,RETENTION_PROBE,0.00,23.04,23.04,True,0,24.0,True,16,2,NONE
6632,1791484226854,WIFI,RETENTION_PROBE,0.00,28.52,28.52,True,0,24.0,True,16,3,NONE
6633,1791484226854,WIFI,RETENTION_PROBE,0.00,38.57,38.57,True,0,24.0,True,16,2,NONE
6634,1791484226854,WIFI,RETENTION_PROBE,0.00,25.50,25.50,True,0,24.0,True,16,4,NONE
6635,1791484226854,WIFI,RETENTION_PROBE,0.00,0.00,0.00,False,1,24.0,True,16,0,RETENTION_EXPIRED
6636,1791484226854,WIFI,RETENTION_PROBE,0.00,26.73,26.73,True,0,24.0,True,16,1,NONE
6637,1791484226854,WIFI,RETENTION_PROBE,0.00,34.10,34.10,True,0,24.0,True,16,1,NONE
6638,1791484226854,WIFI,RETENTION_PROBE,0.00,24.61,24.61,True,0,24.0,True,16,2,NONE
6639,1791484226854,WIFI,RETENTION_PROBE,0.00,0.00,0.00,False,1,24.0,True,16,0,RETENTION_EXPIRED
6640,1791484226854,WIFI,RETENTION_PROBE,0.00,18.79,18.79,True,0,24.0,True,16,1,NONE
6641,1791484226854,WIFI,RETENTION_PROBE,0.00,36.92,36.92,True,0,24.0,True,16,4,NONE
6642,1791484226854,WIFI,RETENTION_PROBE,0.00,33.17,33.17,True,0,24.0,True,16,3,NONE
6643,1791484226854,WIFI,RETENTION_PROBE,0.00,37.75,37.75,True,0,24.0,True,16,3,NONE
6644,1791484226854,WIFI,RETENTION_PROBE,0.00,30.98,30.98,True,0,24.0,True,16,3,NONE
6645,1791484226854,WIFI,RETENTION_PROBE,0.00,27.53,27.53,True,0,24.0,True,16,1,NONE
6646,1791484226854,WIFI,RETENTION_PROBE,0.00,24.08,24.08,True,0,24.0,True,16,1,NONE
6647,1791484226854,WIFI,RETENTION_PROBE,0.00,21.54,21.54,True,0,24.0,True,16,1,NONE
6648,1791484226854,WIFI,RETENTION_PROBE,0.00,31.91,31.91,True,0,24.0,True,16,1,NONE
6649,1791484226854,WIFI,RETENTION_PROBE,0.00,35.33,35.33,True,0,24.0,True,16,3,NONE
6650,1791484226854,WIFI,RETENTION_PROBE,0.00,30.26,30.26,True,0,24.0,True,16,1,NONE
6651,1791484226854,WIFI,RETENTION_PROBE,0.00,21.44,21.44,True,0,24.0,True,16,1,NONE
6652,1791484226854,WIFI,RETENTION_PROBE,0.00,22.36,22.36,True,0,24.0,True,16,3,NONE
6653,1791484226854,LTE,RETENTION_PROBE,0.00,100.29,100.29,True,0,24.0,True,16,4,NONE
6654,1791484226854,LTE,RETENTION_PROBE,0.00,0.00,0.00,False,1,24.0,True,16,0,RETENTION_EXPIRED
6655,1791484226854,LTE,RETENTION_PROBE,0.00,0.00,0.00,False,1,24.0,True,16,0,RETENTION_EXPIRED
6656,1791484226854,LTE,RETENTION_PROBE,0.00,97.26,97.26,True,0,24.0,True,16,1,NONE
6657,1791484226854,LTE,RETENTION_PROBE,0.00,0.00,0.00,False,1,24.0,True,16,0,RETENTION_EXPIRED
6658,1791484226854,LTE,RETENTION_PROBE,0.00,80.95,80.95,True,0,24.0,True,16,4,NONE
6659,1791484226854,LTE,RETENTION_PROBE,0.00,91.56,91.56,True,0,24.0,True,16,2,NONE
6660,1791484226854,LTE,RETENTION_PROBE,0.00,40.10,40.10,True,0,24.0,True,16,1,NONE
6661,1791484226854,LTE,RETENTION_PROBE,0.00,73.78,73.78,True,0,24.0,True,16,1,NONE
6662,1791484226854,LTE,RETENTION_PROBE,0.00,657.25,657.25,True,0,24.0,True,16,3,NONE
6663,1791484226854,LTE,RETENTION_PROBE,0.00,41.23,41.23,True,0,24.0,True,16,2,NONE
6664,1791484226854,LTE,RETENTION_PROBE,0.00,69.84,69.84,True,0,24.0,True,16,3,NONE
6665,1791484226854,LTE,RETENTION_PROBE,0.00,0.00,0.00,False,1,24.0,True,16,0,RETENTION_EXPIRED
6666,1791484226854,LTE,RETENTION_PROBE,0.00,225.23,225.23,True,0,24.0,True,16,2,NONE
6667,1791484226854,LTE,RETENTION_PROBE,0.00,87.06,87.06,True,0,24.0,True,16,1,NONE
6668,1791484226854,LTE,RETENTION_PROBE,0.00,0.00,0.00,False,1,24.0,True,16,0,RETENTION_EXPIRED
6669,1791484226854,LTE,RETENTION_PROBE,0.00,98.83,98.83,True,0,24.0,True,16,1,NONE
6670,1791484226854,LTE,RETENTION_PROBE,0.00,85.91,85.91,True,0,24.0,True,16,3,NONE
6671,1791484226854,LTE,RETENTION_PROBE,0.00,0.00,0.00,False,1,24.0,True,16,0,RETENTION_EXPIRED
6672,1791484226854,LTE,RETENTION_PROBE,0.00,71.15,71.15,True,0,24.0,True,16,1,NONE
6673,1791484226854,LTE,RETENTION_PROBE,0.00,47.36,47.36,True,0,24.0,True,16,4,NONE
6674,1791484226854,LTE,RETENTION_PROBE,0.00,43.21,43.21,True,0,24.0,True,16,3,NONE
6675,1791484226854,LTE,RETENTION_PROBE,0.00,62.50,62.50,True,0,24.0,True,16,4,NONE
6676,1791484226854,LTE,RETENTION_PROBE,0.00,60.33,60.33,True,0,24.0,True,16,4,NONE
6677,1791484226854,LTE,RETENTION_PROBE,0.00,252.47,252.47,True,0,24.0,True,16,4,NONE
6678,1791484226854,LTE,RETENTION_PROBE,0.00,0.00,0.00,False,1,24.0,True,16,0,RETENTION_EXPIRED
6679,1791484226854,LTE,RETENTION_PROBE,0.00,354.94,354.94,True,0,24.0,True,16,3,NONE
6680,1791484226855,LTE,RETENTION_PROBE,0.00,0.00,0.00,False,1,24.0,True,16,0,RETENTION_EXPIRED
6681,1791484226855,LTE,RETENTION_PROBE,0.00,451.48,451.48,True,0,24.0,True,16,3,NONE
6682,1791484226855,LTE,RETENTION_PROBE,0.00,81.65,81.65,True,0,24.0,True,16,2,NONE
6683,1791484226855,LTE,RETENTION_PROBE,0.00,463.39,463.39,True,0,24.0,True,16,2,NONE
6684,1791484226855,LTE,RETENTION_PROBE,0.00,0.00,0.00,False,1,24.0,True,16,0,RETENTION_EXPIRED
6685,1791484226855,LTE,RETENTION_PROBE,0.00,84.37,84.37,True,0,24.0,True,16,2,NONE
6686,1791484226855,LTE,RETENTION_PROBE,0.00,102.32,102.32,True,0,24.0,True,16,1,NONE
6687,1791484226855,LTE,RETENTION_PROBE,0.00,300.86,300.86,True,0,24.0,True,16,4,NONE
6688,1791484226855,LTE,RETENTION_PROBE,0.00,94.92,94.92,True,0,24.0,True,16,2,NONE
6689,1791484226855,LTE,RETENTION_PROBE,0.00,42.88,42.88,True,0,24.0,True,16,4,NONE
6690,1791484226855,LTE,RETENTION_PROBE,0.00,86.74,86.74,True,0,24.0,True,16,4,NONE
6691,1791484226855,LTE,RETENTION_PROBE,0.00,0.00,0.00,False,1,24.0,True,16,0,RETENTION_EXPIRED
6692,1791484226855,LTE,RETENTION_PROBE,0.00,102.44,102.44,True,0,24.0,True,16,2,NONE
6693,1791484226855,LTE,RETENTION_PROBE,0.00,89.79,89.79,True,0,24.0,True,16,3,NONE
6694,1791484226855,LTE,RETENTION_PROBE,0.00,90.31,90.31,True,0,24.0,True,16,2,NONE
6695,1791484226855,LTE,RETENTION_PROBE,0.00,86.45,86.45,True,0,24.0,True,16,1,NONE
6696,1791484226855,LTE,RETENTION_PROBE,0.00,183.01,183.01,True,0,24.0,True,16,4,NONE
6697,1791484226855,LTE,RETENTION_PROBE,0.00,68.18,68.18,True,0,24.0,True,16,3,NONE
6698,1791484226855,LTE,RETENTION_PROBE,0.00,44.75,44.75,True,0,24.0,True,16,1,NONE
6699,1791484226855,LTE,RETENTION_PROBE,0.00,61.66,61.66,True,0,24.0,True,16,1,NONE
6700,1791484226855,LTE,RETENTION_PROBE,0.00,456.30,456.30,True,0,24.0,True,16,4,NONE
6701,1791484226855,LTE,RETENTION_PROBE,0.00,87.13,87.13,True,0,24.0,True,16,4,NONE
6702,1791484226855,LTE,RETENTION_PROBE,0.00,261.19,261.19,True,0,24.0,True,16,4,NONE
6703,1791484226855,LTE,RETENTION_PROBE,0.00,80.11,80.11,True,0,24.0,True,16,3,NONE
6704,1791484226855,LTE,RETENTION_PROBE,0.00,47.27,47.27,True,0,24.0,True,16,2,NONE
6705,1791484226855,LTE,RETENTION_PROBE,0.00,101.99,101.99,True,0,24.0,True,16,1,NONE
6706,1791484226855,LTE,RETENTION_PROBE,0.00,33.16,33.16,True,0,24.0,True,16,4,NONE
6707,1791484226855,LTE,RETENTION_PROBE,0.00,0.00,0.00,False,1,24.0,True,16,0,RETENTION_EXPIRED
6708,1791484226855,LTE,RETENTION_PROBE,0.00,71.54,71.54,True,0,24.0,True,16,1,NONE
6709,1791484226855,LTE,RETENTION_PROBE,0.00,101.73,101.73,True,0,24.0,True,16,1,NONE
6710,1791484226855,LTE,RETENTION_PROBE,0.00,87.83,87.83,True,0,24.0,True,16,1,NONE
6711,1791484226855,LTE,RETENTION_PROBE,0.00,50.39,50.39,True,0,24.0,True,16,1,NONE
6712,1791484226855,LTE,RETENTION_PROBE,0.00,39.19,39.19,True,0,24.0,True,16,3,NONE
6713,1791484226855,LTE,RETENTION_PROBE,0.00,36.49,36.49,True,0,24.0,True,16,2,NONE
6714,1791484226855,LTE,RETENTION_PROBE,0.00,41.11,41.11,True,0,24.0,True,16,3,NONE
6715,1791484226855,LTE,RETENTION_PROBE,0.00,92.42,92.42,True,0,24.0,True,16,3,NONE
6716,1791484226855,LTE,RETENTION_PROBE,0.00,78.51,78.51,True,0,24.0,True,16,2,NONE
6717,1791484226855,LTE,RETENTION_PROBE,0.00,0.00,0.00,False,1,24.0,True,16,0,RETENTION_EXPIRED
6718,1791484226855,LTE,RETENTION_PROBE,0.00,58.09,58.09,True,0,24.0,True,16,1,NONE
6719,1791484226855,LTE,RETENTION_PROBE,0.00,100.85,100.85,True,0,24.0,True,16,4,NONE
6720,1791484226855,LTE,RETENTION_PROBE,0.00,41.00,41.00,True,0,24.0,True,16,2,NONE
6721,1791484226855,LTE,RETENTION_PROBE,0.00,52.52,52.52,True,0,24.0,True,16,1,NONE
6722,1791484226855,LTE,RETENTION_PROBE,0.00,40.35,40.35,True,0,24.0,True,16,2,NONE
6723,1791484226855,LTE,RETENTION_PROBE,0.00,60.53,60.53,True,0,24.0,True,16,3,NONE
6724,1791484226855,LTE,RETENTION_PROBE,0.00,41.23,41.23,True,0,24.0,True,16,1,NONE
6725,1791484226855,LTE,RETENTION_PROBE,0.00,52.81,52.81,True,0,24.0,True,16,2,NONE
6726,1791484226855,LTE,RETENTION_PROBE,0.00,249.16,249.16,True,0,24.0,True,16,1,NONE
6727,1791484226855,LTE,RETENTION_PROBE,0.00,0.00,0.00,False,1,24.0,True,16,0,RETENTION_EXPIRED
6728,1791484226855,LTE,RETENTION_PROBE,0.00,86.76,86.76,True,0,24.0,True,16,3,NONE
6729,1791484226855,LTE,RETENTION_PROBE,0.00,57.67,57.67,True,0,24.0,True,16,2,NONE
6730,1791484226855,LTE,RETENTION_PROBE,0.00,92.78,92.78,True,0,24.0,True,16,2,NONE
6731,1791484226855,LTE,RETENTION_PROBE,0.00,100.77,100.77,True,0,24.0,True,16,4,NONE
6732,1791484226855,LTE,RETENTION_PROBE,0.00,637.67,637.67,True,0,24.0,True,16,2,NONE
6733,1791484226855,LTE,RETENTION_PROBE,0.00,62.28,62.28,True,0,24.0,True,16,1,NONE
6734,1791484226855,LTE,RETENTION_PROBE,0.00,42.31,42.31,True,0,24.0,True,16,3,NONE
6735,1791484226855,LTE,RETENTION_PROBE,0.00,0.00,0.00,False,1,24.0,True,16,0,RETENTION_EXPIRED
6736,1791484226855,LTE,RETENTION_PROBE,0.00,0.00,0.00,False,1,24.0,True,16,0,RETENTION_EXPIRED
6737,1791484226855,LTE,RETENTION_PROBE,0.00,46.59,46.59,True,0,24.0,True,16,3,NONE
6738,1791484226855,LTE,RETENTION_PROBE,0.00,259.97,259.97,True,0,24.0,True,16,1,NONE
6739,1791484226855,LTE,RETENTION_PROBE,0.00,52.39,52.39,True,0,24.0,True,16,2,NONE
6740,1791484226855,LTE,RETENTION_PROBE,0.00,319.78,319.78,True,0,24.0,True,16,3,NONE
6741,1791484226855,LTE,RETENTION_PROBE,0.00,71.69,71.69,True,0,24.0,True,16,2,NONE
6742,1791484226855,LTE,RETENTION_PROBE,0.00,328.02,328.02,True,0,24.0,True,16,4,NONE
6743,1791484226855,LTE,RETENTION_PROBE,0.00,74.17,74.17,True,0,24.0,True,16,1,NONE
6744,1791484226855,LTE,RETENTION_PROBE,0.00,61.85,61.85,True,0,24.0,True,16,1,NONE
6745,1791484226855,LTE,RETENTION_PROBE,0.00,0.00,0.00,False,1,24.0,True,16,0,RETENTION_EXPIRED
6746,1791484226855,LTE,RETENTION_PROBE,0.00,89.27,89.27,True,0,24.0,True,16,3,NONE
6747,1791484226855,LTE,RETENTION_PROBE,0.00,0.00,0.00,False,1,24.0,True,16,0,RETENTION_EXPIRED
6748,1791484226855,LTE,RETENTION_PROBE,0.00,51.56,51.56,True,0,24.0,True,16,4,NONE
6749,1791484226855,LTE,RETENTION_PROBE,0.00,310.20,310.20,True,0,24.0,True,16,3,NONE
6750,1791484226855,LTE,RETENTION_PROBE,0.00,34.18,34.18,True,0,24.0,True,16,3,NONE
6751,1791484226855,LTE,RETENTION_PROBE,0.00,63.91,63.91,True,0,24.0,True,16,4,NONE
6752,1791484226855,LTE,RETENTION_PROBE,0.00,48.17,48.17,True,0,24.0,True,16,2,NONE
6753,1791484226855,LTE,RETENTION_PROBE,0.00,77.79,77.79,True,0,24.0,True,16,3,NONE
6754,1791484226855,LTE,RETENTION_PROBE,0.00,56.38,56.38,True,0,24.0,True,16,1,NONE
6755,1791484226855,LTE,RETENTION_PROBE,0.00,42.15,42.15,True,0,24.0,True,16,2,NONE
6756,1791484226855,LTE,RETENTION_PROBE,0.00,59.18,59.18,True,0,24.0,True,16,3,NONE
6757,1791484226855,LTE,RETENTION_PROBE,0.00,0.00,0.00,False,1,24.0,True,16,0,RETENTION_EXPIRED
6758,1791484226855,LTE,RETENTION_PROBE,0.00,87.20,87.20,True,0,24.0,True,16,4,NONE
6759,1791484226855,LTE,RETENTION_PROBE,0.00,450.03,450.03,True,0,24.0,True,16,1,NONE
6760,1791484226855,LTE,RETENTION_PROBE,0.00,53.24,53.24,True,0,24.0,True,16,4,NONE
6761,1791484226855,LTE,RETENTION_PROBE,0.00,75.15,75.15,True,0,24.0,True,16,1,NONE
6762,1791484226855,LTE,RETENTION_PROBE,0.00,72.31,72.31,True,0,24.0,True,16,4,NONE
6763,1791484226855,LTE,RETENTION_PROBE,0.00,55.24,55.24,True,0,24.0,True,16,3,NONE
6764,1791484226855,LTE,RETENTION_PROBE,0.00,93.14,93.14,True,0,24.0,True,16,3,NONE
6765,1791484226855,LTE,RETENTION_PROBE,0.00,100.89,100.89,True,0,24.0,True,16,2,NONE
6766,1791484226855,LTE,RETENTION_PROBE,0.00,0.00,0.00,False,1,24.0,True,16,0,RETENTION_EXPIRED
6767,1791484226855,LTE,RETENTION_PROBE,0.00,0.00,0.00,False,1,24.0,True,16,0,RETENTION_EXPIRED
6768,1791484226855,LTE,RETENTION_PROBE,0.00,84.12,84.12,True,0,24.0,True,16,2,NONE
6769,1791484226855,LTE,RETENTION_PROBE,0.00,0.00,0.00,False,1,24.0,True,16,0,RETENTION_EXPIRED
6770,1791484226855,LTE,RETENTION_PROBE,0.00,267.98,267.98,True,0,24.0,True,16,3,NONE
6771,1791484226855,LTE,RETENTION_PROBE,0.00,219.78,219.78,True,0,24.0,True,16,2,NONE
6772,1791484226855,LTE,RETENTION_PROBE,0.00,42.34,42.34,True,0,24.0,True,16,1,NONE
6773,1791484226855,LTE,RETENTION_PROBE,0.00,43.49,43.49,True,0,24.0,True,16,1,NONE
6774,1791484226855,LTE,RETENTION_PROBE,0.00,67.43,67.43,True,0,24.0,True,16,3,NONE
6775,1791484226855,LTE,RETENTION_PROBE,0.00,38.70,38.70,True,0,24.0,True,16,1,NONE
6776,1791484226855,LTE,RETENTION_PROBE,0.00,70.53,70.53,True,0,24.0,True,16,1,NONE
6777,1791484226855,LTE,RETENTION_PROBE,0.00,89.05,89.05,True,0,24.0,True,16,1,NONE
6778,1791484226855,LTE,RETENTION_PROBE,0.00,93.37,93.37,True,0,24.0,True,16,4,NONE
6779,1791484226855,LTE,RETENTION_PROBE,0.00,0.00,0.00,False,1,24.0,True,16,0,RETENTION_EXPIRED
6780,1791484226855,LTE,RETENTION_PROBE,0.00,72.94,72.94,True,0,24.0,True,16,4,NONE
6781,1791484226855,LTE,RETENTION_PROBE,0.00,49.60,49.60,True,0,24.0,True,16,3,NONE
6782,1791484226855,LTE,RETENTION_PROBE,0.00,0.00,0.00,False,1,24.0,True,16,0,RETENTION_EXPIRED
6783,1791484226855,LTE,RETENTION_PROBE,0.00,73.71,73.71,True,0,24.0,True,16,1,NONE
6784,1791484226855,LTE,RETENTION_PROBE,0.00,485.40,485.40,True,0,24.0,True,16,1,NONE
6785,1791484226855,LTE,RETENTION_PROBE,0.00,46.44,46.44,True,0,24.0,True,16,2,NONE
6786,1791484226855,LTE,RETENTION_PROBE,0.00,51.51,51.51,True,0,24.0,True,16,2,NONE
6787,1791484226855,LTE,RETENTION_PROBE,0.00,0.00,0.00,False,1,24.0,True,16,0,RETENTION_EXPIRED
6788,1791484226855,LTE,RETENTION_PROBE,0.00,91.26,91.26,True,0,24.0,True,16,1,NONE
6789,1791484226855,LTE,RETENTION_PROBE,0.00,308.49,308.49,True,0,24.0,True,16,3,NONE
6790,1791484226855,LTE,RETENTION_PROBE,0.00,441.28,441.28,True,0,24.0,True,16,3,NONE
6791,1791484226855,LTE,RETENTION_PROBE,0.00,102.51,102.51,True,0,24.0,True,16,4,NONE
6792,1791484226855,LTE,RETENTION_PROBE,0.00,43.89,43.89,True,0,24.0,True,16,3,NONE
6793,1791484226855,LTE,RETENTION_PROBE,0.00,51.45,51.45,True,0,24.0,True,16,2,NONE
6794,1791484226855,LTE,RETENTION_PROBE,0.00,34.69,34.69,True,0,24.0,True,16,1,NONE
6795,1791484226855,LTE,RETENTION_PROBE,0.00,50.37,50.37,True,0,24.0,True,16,2,NONE
6796,1791484226855,LTE,RETENTION_PROBE,0.00,50.87,50.87,True,0,24.0,True,16,4,NONE
6797,1791484226855,LTE,RETENTION_PROBE,0.00,61.79,61.79,True,0,24.0,True,16,1,NONE
6798,1791484226855,LTE,RETENTION_PROBE,0.00,179.46,179.46,True,0,24.0,True,16,2,NONE
6799,1791484226855,LTE,RETENTION_PROBE,0.00,35.82,35.82,True,0,24.0,True,16,2,NONE
6800,1791484226855,LTE,RETENTION_PROBE,0.00,87.22,87.22,True,0,24.0,True,16,4,NONE
6801,1791484226855,LTE,RETENTION_PROBE,0.00,89.41,89.41,True,0,24.0,True,16,1,NONE
6802,1791484226855,LTE,RETENTION_PROBE,0.00,0.00,0.00,False,1,24.0,True,16,0,RETENTION_EXPIRED
6803,1791484226855,LTE,RETENTION_PROBE,0.00,56.28,56.28,True,0,24.0,True,16,3,NONE
6804,1791484226855,LTE,RETENTION_PROBE,0.00,85.84,85.84,True,0,24.0,True,16,1,NONE
6805,1791484226855,LTE,RETENTION_PROBE,0.00,60.88,60.88,True,0,24.0,True,16,2,NONE
6806,1791484226855,LTE,RETENTION_PROBE,0.00,70.61,70.61,True,0,24.0,True,16,1,NONE
6807,1791484226855,LTE,RETENTION_PROBE,0.00,196.03,196.03,True,0,24.0,True,16,3,NONE
6808,1791484226855,LTE,RETENTION_PROBE,0.00,0.00,0.00,False,1,24.0,True,16,0,RETENTION_EXPIRED
6809,1791484226855,LTE,RETENTION_PROBE,0.00,63.08,63.08,True,0,24.0,True,16,1,NONE
6810,1791484226855,LTE,RETENTION_PROBE,0.00,46.16,46.16,True,0,24.0,True,16,3,NONE
6811,1791484226855,LTE,RETENTION_PROBE,0.00,41.49,41.49,True,0,24.0,True,16,2,NONE
6812,1791484226855,LTE,RETENTION_PROBE,0.00,98.48,98.48,True,0,24.0,True,16,2,NONE
6813,1791484226855,LTE,RETENTION_PROBE,0.00,52.01,52.01,True,0,24.0,True,16,1,NONE
6814,1791484226855,LTE,RETENTION_PROBE,0.00,0.00,0.00,False,1,24.0,True,16,0,RETENTION_EXPIRED
6815,1791484226855,LTE,RETENTION_PROBE,0.00,61.66,61.66,True,0,24.0,True,16,4,NONE
6816,1791484226855,LTE,RETENTION_PROBE,0.00,41.21,41.21,True,0,24.0,True,16,1,NONE
6817,1791484226855,LTE,RETENTION_PROBE,0.00,62.64,62.64,True,0,24.0,True,16,1,NONE
6818,1791484226855,LTE,RETENTION_PROBE,0.00,73.10,73.10,True,0,24.0,True,16,4,NONE
6819,1791484226855,RESTRICTIVE_NAT,RETENTION_PROBE,0.00,130.98,130.98,True,0,24.0,True,16,1,NONE
6820,1791484226855,RESTRICTIVE_NAT,RETENTION_PROBE,0.00,443.85,443.85,True,0,24.0,True,16,3,NONE
6821,1791484226855,RESTRICTIVE_NAT,RETENTION_PROBE,0.00,118.93,118.93,True,0,24.0,True,16,1,NONE
6822,1791484226855,RESTRICTIVE_NAT,RETENTION_PROBE,0.00,140.22,140.22,True,0,24.0,True,16,4,NONE
6823,1791484226855,RESTRICTIVE_NAT,RETENTION_PROBE,0.00,579.03,579.03,True,0,24.0,True,16,0,NONE
6824,1791484226855,RESTRICTIVE_NAT,RETENTION_PROBE,0.00,361.07,361.07,True,0,24.0,True,16,2,NONE
6825,1791484226855,RESTRICTIVE_NAT,RETENTION_PROBE,0.00,85.96,85.96,True,0,24.0,True,16,4,NONE
6826,1791484226855,RESTRICTIVE_NAT,RETENTION_PROBE,0.00,114.29,114.29,True,0,24.0,True,16,3,NONE
6827,1791484226855,RESTRICTIVE_NAT,RETENTION_PROBE,0.00,170.56,170.56,True,0,24.0,True,16,4,NONE
6828,1791484226855,RESTRICTIVE_NAT,RETENTION_PROBE,0.00,165.92,165.92,True,0,24.0,True,16,3,NONE
6829,1791484226855,RESTRICTIVE_NAT,RETENTION_PROBE,0.00,59.02,59.02,True,0,24.0,True,16,4,NONE
6830,1791484226855,RESTRICTIVE_NAT,RETENTION_PROBE,0.00,159.50,159.50,True,0,24.0,True,16,1,NONE
6831,1791484226855,RESTRICTIVE_NAT,RETENTION_PROBE,0.00,113.71,113.71,True,0,24.0,True,16,4,NONE
6832,1791484226855,RESTRICTIVE_NAT,RETENTION_PROBE,0.00,117.95,117.95,True,0,24.0,True,16,2,NONE
6833,1791484226855,RESTRICTIVE_NAT,RETENTION_PROBE,0.00,533.59,533.59,True,0,24.0,True,16,3,NONE
6834,1791484226855,RESTRICTIVE_NAT,RETENTION_PROBE,0.00,73.65,73.65,True,0,24.0,True,16,2,NONE
6835,1791484226855,RESTRICTIVE_NAT,RETENTION_PROBE,0.00,81.42,81.42,True,0,24.0,True,16,3,NONE
6836,1791484226855,RESTRICTIVE_NAT,RETENTION_PROBE,0.00,111.99,111.99,True,0,24.0,True,16,2,NONE
6837,1791484226855,RESTRICTIVE_NAT,RETENTION_PROBE,0.00,0.00,0.00,False,1,24.0,True,16,0,RETENTION_EXPIRED
6838,1791484226855,RESTRICTIVE_NAT,RETENTION_PROBE,0.00,176.76,176.76,True,0,24.0,True,16,4,NONE
6839,1791484226855,RESTRICTIVE_NAT,RETENTION_PROBE,0.00,74.32,74.32,True,0,24.0,True,16,2,NONE
6840,1791484226855,RESTRICTIVE_NAT,RETENTION_PROBE,0.00,124.79,124.79,True,0,24.0,True,16,1,NONE
6841,1791484226855,RESTRICTIVE_NAT,RETENTION_PROBE,0.00,50.44,50.44,True,0,24.0,True,16,4,NONE
6842,1791484226855,RESTRICTIVE_NAT,RETENTION_PROBE,0.00,75.37,75.37,True,0,24.0,True,16,4,NONE
6843,1791484226855,RESTRICTIVE_NAT,RETENTION_PROBE,0.00,170.59,170.59,True,0,24.0,True,16,4,NONE
6844,1791484226855,RESTRICTIVE_NAT,RETENTION_PROBE,0.00,590.09,590.09,True,0,24.0,True,16,3,NONE
6845,1791484226855,RESTRICTIVE_NAT,RETENTION_PROBE,0.00,91.02,91.02,True,0,24.0,True,16,2,NONE
6846,1791484226855,RESTRICTIVE_NAT,RETENTION_PROBE,0.00,50.51,50.51,True,0,24.0,True,16,4,NONE
6847,1791484226855,RESTRICTIVE_NAT,RETENTION_PROBE,0.00,117.48,117.48,True,0,24.0,True,16,4,NONE
6848,1791484226855,RESTRICTIVE_NAT,RETENTION_PROBE,0.00,550.62,550.62,True,0,24.0,True,16,3,NONE
6849,1791484226855,RESTRICTIVE_NAT,RETENTION_PROBE,0.00,179.66,179.66,True,0,24.0,True,16,4,NONE
6850,1791484226855,RESTRICTIVE_NAT,RETENTION_PROBE,0.00,549.90,549.90,True,0,24.0,True,16,4,NONE
6851,1791484226855,RESTRICTIVE_NAT,RETENTION_PROBE,0.00,0.00,0.00,False,1,24.0,True,16,0,RETENTION_EXPIRED
6852,1791484226855,RESTRICTIVE_NAT,RETENTION_PROBE,0.00,926.26,926.26,True,0,24.0,True,16,3,NONE
6853,1791484226855,RESTRICTIVE_NAT,RETENTION_PROBE,0.00,171.36,171.36,True,0,24.0,True,16,3,NONE
6854,1791484226855,RESTRICTIVE_NAT,RETENTION_PROBE,0.00,139.62,139.62,True,0,24.0,True,16,3,NONE
6855,1791484226855,RESTRICTIVE_NAT,RETENTION_PROBE,0.00,858.08,858.08,True,0,24.0,True,16,4,NONE
6856,1791484226855,RESTRICTIVE_NAT,RETENTION_PROBE,0.00,117.04,117.04,True,0,24.0,True,16,2,NONE
6857,1791484226855,RESTRICTIVE_NAT,RETENTION_PROBE,0.00,85.27,85.27,True,0,24.0,True,16,2,NONE
6858,1791484226855,RESTRICTIVE_NAT,RETENTION_PROBE,0.00,405.94,405.94,True,0,24.0,True,16,4,NONE
6859,1791484226855,RESTRICTIVE_NAT,RETENTION_PROBE,0.00,83.81,83.81,True,0,24.0,True,16,1,NONE
6860,1791484226855,RESTRICTIVE_NAT,RETENTION_PROBE,0.00,76.12,76.12,True,0,24.0,True,16,4,NONE
6861,1791484226855,RESTRICTIVE_NAT,RETENTION_PROBE,0.00,170.95,170.95,True,0,24.0,True,16,4,NONE
6862,1791484226855,RESTRICTIVE_NAT,RETENTION_PROBE,0.00,0.00,0.00,False,1,24.0,True,16,0,RETENTION_EXPIRED
6863,1791484226855,RESTRICTIVE_NAT,RETENTION_PROBE,0.00,171.57,171.57,True,0,24.0,True,16,1,NONE
6864,1791484226855,RESTRICTIVE_NAT,RETENTION_PROBE,0.00,86.36,86.36,True,0,24.0,True,16,2,NONE
6865,1791484226855,RESTRICTIVE_NAT,RETENTION_PROBE,0.00,121.69,121.69,True,0,24.0,True,16,4,NONE
6866,1791484226855,RESTRICTIVE_NAT,RETENTION_PROBE,0.00,521.97,521.97,True,0,24.0,True,16,4,NONE
6867,1791484226855,RESTRICTIVE_NAT,RETENTION_PROBE,0.00,167.54,167.54,True,0,24.0,True,16,3,NONE
6868,1791484226855,RESTRICTIVE_NAT,RETENTION_PROBE,0.00,375.49,375.49,True,0,24.0,True,16,4,NONE
6869,1791484226855,RESTRICTIVE_NAT,RETENTION_PROBE,0.00,0.00,0.00,False,1,24.0,True,16,0,RETENTION_EXPIRED
6870,1791484226855,RESTRICTIVE_NAT,RETENTION_PROBE,0.00,0.00,0.00,False,1,24.0,True,16,0,RETENTION_EXPIRED
6871,1791484226855,RESTRICTIVE_NAT,RETENTION_PROBE,0.00,322.21,322.21,True,0,24.0,True,16,1,NONE
6872,1791484226855,RESTRICTIVE_NAT,RETENTION_PROBE,0.00,105.25,105.25,True,0,24.0,True,16,2,NONE
6873,1791484226855,RESTRICTIVE_NAT,RETENTION_PROBE,0.00,159.51,159.51,True,0,24.0,True,16,1,NONE
6874,1791484226855,RESTRICTIVE_NAT,RETENTION_PROBE,0.00,0.00,0.00,False,1,24.0,True,16,0,RETENTION_EXPIRED
6875,1791484226855,RESTRICTIVE_NAT,RETENTION_PROBE,0.00,140.63,140.63,True,0,24.0,True,16,2,NONE
6876,1791484226855,RESTRICTIVE_NAT,RETENTION_PROBE,0.00,778.11,778.11,True,0,24.0,True,16,2,NONE
6877,1791484226855,RESTRICTIVE_NAT,RETENTION_PROBE,0.00,79.94,79.94,True,0,24.0,True,16,1,NONE
6878,1791484226855,RESTRICTIVE_NAT,RETENTION_PROBE,0.00,313.85,313.85,True,0,24.0,True,16,2,NONE
6879,1791484226855,RESTRICTIVE_NAT,RETENTION_PROBE,0.00,104.90,104.90,True,0,24.0,True,16,3,NONE
6880,1791484226855,RESTRICTIVE_NAT,RETENTION_PROBE,0.00,78.07,78.07,True,0,24.0,True,16,4,NONE
6881,1791484226855,RESTRICTIVE_NAT,RETENTION_PROBE,0.00,50.70,50.70,True,0,24.0,True,16,4,NONE
6882,1791484226855,RESTRICTIVE_NAT,RETENTION_PROBE,0.00,285.32,285.32,True,0,24.0,True,16,1,NONE
6883,1791484226855,RESTRICTIVE_NAT,RETENTION_PROBE,0.00,155.56,155.56,True,0,24.0,True,16,4,NONE
6884,1791484226855,RESTRICTIVE_NAT,RETENTION_PROBE,0.00,65.65,65.65,True,0,24.0,True,16,3,NONE
6885,1791484226855,RESTRICTIVE_NAT,RETENTION_PROBE,0.00,406.62,406.62,True,0,24.0,True,16,1,NONE
6886,1791484226855,RESTRICTIVE_NAT,RETENTION_PROBE,0.00,128.14,128.14,True,0,24.0,True,16,2,NONE
6887,1791484226855,RESTRICTIVE_NAT,RETENTION_PROBE,0.00,69.57,69.57,True,0,24.0,True,16,1,NONE
6888,1791484226855,RESTRICTIVE_NAT,RETENTION_PROBE,0.00,85.92,85.92,True,0,24.0,True,16,1,NONE
6889,1791484226855,RESTRICTIVE_NAT,RETENTION_PROBE,0.00,0.00,0.00,False,1,24.0,True,16,0,RETENTION_EXPIRED
6890,1791484226855,RESTRICTIVE_NAT,RETENTION_PROBE,0.00,131.47,131.47,True,0,24.0,True,16,1,NONE
6891,1791484226855,RESTRICTIVE_NAT,RETENTION_PROBE,0.00,0.00,0.00,False,1,24.0,True,16,0,RETENTION_EXPIRED
6892,1791484226855,RESTRICTIVE_NAT,RETENTION_PROBE,0.00,60.63,60.63,True,0,24.0,True,16,3,NONE
6893,1791484226855,RESTRICTIVE_NAT,RETENTION_PROBE,0.00,107.04,107.04,True,0,24.0,True,16,4,NONE
6894,1791484226855,RESTRICTIVE_NAT,RETENTION_PROBE,0.00,875.41,875.41,True,0,24.0,True,16,2,NONE
6895,1791484226855,RESTRICTIVE_NAT,RETENTION_PROBE,0.00,73.88,73.88,True,0,24.0,True,16,1,NONE
6896,1791484226855,RESTRICTIVE_NAT,RETENTION_PROBE,0.00,152.64,152.64,True,0,24.0,True,16,1,NONE
6897,1791484226855,RESTRICTIVE_NAT,RETENTION_PROBE,0.00,528.96,528.96,True,0,24.0,True,16,2,NONE
6898,1791484226855,RESTRICTIVE_NAT,RETENTION_PROBE,0.00,256.45,256.45,True,0,24.0,True,16,4,NONE
6899,1791484226855,RESTRICTIVE_NAT,RETENTION_PROBE,0.00,66.20,66.20,True,0,24.0,True,16,3,NONE
6900,1791484226855,RESTRICTIVE_NAT,RETENTION_PROBE,0.00,0.00,0.00,False,1,24.0,True,16,0,RETENTION_EXPIRED
6901,1791484226855,RESTRICTIVE_NAT,RETENTION_PROBE,0.00,0.00,0.00,False,1,24.0,True,16,0,RETENTION_EXPIRED
6902,1791484226855,RESTRICTIVE_NAT,RETENTION_PROBE,0.00,121.52,121.52,True,0,24.0,True,16,3,NONE
6903,1791484226855,RESTRICTIVE_NAT,RETENTION_PROBE,0.00,506.89,506.89,True,0,24.0,True,16,3,NONE
6904,1791484226855,RESTRICTIVE_NAT,RETENTION_PROBE,0.00,0.00,0.00,False,1,24.0,True,16,0,RETENTION_EXPIRED
6905,1791484226855,RESTRICTIVE_NAT,RETENTION_PROBE,0.00,140.43,140.43,True,0,24.0,True,16,2,NONE
6906,1791484226855,RESTRICTIVE_NAT,RETENTION_PROBE,0.00,50.24,50.24,True,0,24.0,True,16,1,NONE
6907,1791484226855,RESTRICTIVE_NAT,RETENTION_PROBE,0.00,434.04,434.04,True,0,24.0,True,16,3,NONE
6908,1791484226855,RESTRICTIVE_NAT,RETENTION_PROBE,0.00,176.49,176.49,True,0,24.0,True,16,4,NONE
6909,1791484226855,RESTRICTIVE_NAT,RETENTION_PROBE,0.00,177.07,177.07,True,0,24.0,True,16,2,NONE
6910,1791484226855,RESTRICTIVE_NAT,RETENTION_PROBE,0.00,60.95,60.95,True,0,24.0,True,16,4,NONE
6911,1791484226855,RESTRICTIVE_NAT,RETENTION_PROBE,0.00,0.00,0.00,False,1,24.0,True,16,0,RETENTION_EXPIRED
6912,1791484226855,RESTRICTIVE_NAT,RETENTION_PROBE,0.00,86.73,86.73,True,0,24.0,True,16,3,NONE
6913,1791484226855,RESTRICTIVE_NAT,RETENTION_PROBE,0.00,134.29,134.29,True,0,24.0,True,16,2,NONE
6914,1791484226855,RESTRICTIVE_NAT,RETENTION_PROBE,0.00,113.33,113.33,True,0,24.0,True,16,2,NONE
6915,1791484226855,RESTRICTIVE_NAT,RETENTION_PROBE,0.00,526.40,526.40,True,0,24.0,True,16,4,NONE
6916,1791484226855,RESTRICTIVE_NAT,RETENTION_PROBE,0.00,605.02,605.02,True,0,24.0,True,16,3,NONE
6917,1791484226855,RESTRICTIVE_NAT,RETENTION_PROBE,0.00,113.24,113.24,True,0,24.0,True,16,3,NONE
6918,1791484226855,RESTRICTIVE_NAT,RETENTION_PROBE,0.00,129.71,129.71,True,0,24.0,True,16,3,NONE
6919,1791484226855,RESTRICTIVE_NAT,RETENTION_PROBE,0.00,163.50,163.50,True,0,24.0,True,16,4,NONE
6920,1791484226855,RESTRICTIVE_NAT,RETENTION_PROBE,0.00,166.62,166.62,True,0,24.0,True,16,2,NONE
6921,1791484226855,RESTRICTIVE_NAT,RETENTION_PROBE,0.00,0.00,0.00,False,1,24.0,True,16,0,RETENTION_EXPIRED
6922,1791484226855,RESTRICTIVE_NAT,RETENTION_PROBE,0.00,395.91,395.91,True,0,24.0,True,16,3,NONE
6923,1791484226855,RESTRICTIVE_NAT,RETENTION_PROBE,0.00,174.36,174.36,True,0,24.0,True,16,3,NONE
6924,1791484226855,RESTRICTIVE_NAT,RETENTION_PROBE,0.00,51.03,51.03,True,0,24.0,True,16,2,NONE
6925,1791484226855,RESTRICTIVE_NAT,RETENTION_PROBE,0.00,68.61,68.61,True,0,24.0,True,16,3,NONE
6926,1791484226855,RESTRICTIVE_NAT,RETENTION_PROBE,0.00,301.57,301.57,True,0,24.0,True,16,3,NONE
6927,1791484226855,RESTRICTIVE_NAT,RETENTION_PROBE,0.00,164.92,164.92,True,0,24.0,True,16,1,NONE
6928,1791484226855,RESTRICTIVE_NAT,RETENTION_PROBE,0.00,0.00,0.00,False,1,24.0,True,16,0,RETENTION_EXPIRED
6929,1791484226855,RESTRICTIVE_NAT,RETENTION_PROBE,0.00,0.00,0.00,False,1,24.0,True,16,0,RETENTION_EXPIRED
6930,1791484226855,RESTRICTIVE_NAT,RETENTION_PROBE,0.00,118.97,118.97,True,0,24.0,True,16,2,NONE
6931,1791484226855,RESTRICTIVE_NAT,RETENTION_PROBE,0.00,533.59,533.59,True,0,24.0,True,16,3,NONE
6932,1791484226855,RESTRICTIVE_NAT,RETENTION_PROBE,0.00,137.37,137.37,True,0,24.0,True,16,2,NONE
6933,1791484226855,RESTRICTIVE_NAT,RETENTION_PROBE,0.00,115.24,115.24,True,0,24.0,True,16,3,NONE
6934,1791484226855,RESTRICTIVE_NAT,RETENTION_PROBE,0.00,560.69,560.69,True,0,24.0,True,16,1,NONE
6935,1791484226855,RESTRICTIVE_NAT,RETENTION_PROBE,0.00,111.63,111.63,True,0,24.0,True,16,2,NONE
6936,1791484226855,RESTRICTIVE_NAT,RETENTION_PROBE,0.00,132.78,132.78,True,0,24.0,True,16,4,NONE
6937,1791484226855,RESTRICTIVE_NAT,RETENTION_PROBE,0.00,0.00,0.00,False,1,24.0,True,16,0,RETENTION_EXPIRED
6938,1791484226855,RESTRICTIVE_NAT,RETENTION_PROBE,0.00,178.80,178.80,True,0,24.0,True,16,3,NONE
6939,1791484226855,RESTRICTIVE_NAT,RETENTION_PROBE,0.00,58.33,58.33,True,0,24.0,True,16,4,NONE
6940,1791484226855,RESTRICTIVE_NAT,RETENTION_PROBE,0.00,143.22,143.22,True,0,24.0,True,16,4,NONE
6941,1791484226855,RESTRICTIVE_NAT,RETENTION_PROBE,0.00,99.69,99.69,True,0,24.0,True,16,4,NONE
6942,1791484226855,RESTRICTIVE_NAT,RETENTION_PROBE,0.00,53.29,53.29,True,0,24.0,True,16,2,NONE
6943,1791484226855,RESTRICTIVE_NAT,RETENTION_PROBE,0.00,177.07,177.07,True,0,24.0,True,16,1,NONE
6944,1791484226855,RESTRICTIVE_NAT,RETENTION_PROBE,0.00,135.94,135.94,True,0,24.0,True,16,3,NONE
6945,1791484226855,RESTRICTIVE_NAT,RETENTION_PROBE,0.00,820.32,820.32,True,0,24.0,True,16,0,NONE
6946,1791484226855,RESTRICTIVE_NAT,RETENTION_PROBE,0.00,145.68,145.68,True,0,24.0,True,16,3,NONE
6947,1791484226855,RESTRICTIVE_NAT,RETENTION_PROBE,0.00,145.19,145.19,True,0,24.0,True,16,4,NONE
6948,1791484226855,RESTRICTIVE_NAT,RETENTION_PROBE,0.00,147.98,147.98,True,0,24.0,True,16,2,NONE
6949,1791484226855,RESTRICTIVE_NAT,RETENTION_PROBE,0.00,336.48,336.48,True,0,24.0,True,16,1,NONE
6950,1791484226855,RESTRICTIVE_NAT,RETENTION_PROBE,0.00,113.79,113.79,True,0,24.0,True,16,4,NONE
6951,1791484226855,RESTRICTIVE_NAT,RETENTION_PROBE,0.00,0.00,0.00,False,1,24.0,True,16,0,RETENTION_EXPIRED
6952,1791484226855,RESTRICTIVE_NAT,RETENTION_PROBE,0.00,0.00,0.00,False,1,24.0,True,16,0,RETENTION_EXPIRED
6953,1791484226855,RESTRICTIVE_NAT,RETENTION_PROBE,0.00,0.00,0.00,False,1,24.0,True,16,0,RETENTION_EXPIRED
6954,1791484226855,RESTRICTIVE_NAT,RETENTION_PROBE,0.00,556.84,556.84,True,0,24.0,True,16,2,NONE
6955,1791484226855,RESTRICTIVE_NAT,RETENTION_PROBE,0.00,70.52,70.52,True,0,24.0,True,16,1,NONE
6956,1791484226855,RESTRICTIVE_NAT,RETENTION_PROBE,0.00,120.76,120.76,True,0,24.0,True,16,3,NONE
6957,1791484226855,RESTRICTIVE_NAT,RETENTION_PROBE,0.00,129.91,129.91,True,0,24.0,True,16,4,NONE
6958,1791484226855,RESTRICTIVE_NAT,RETENTION_PROBE,0.00,588.90,588.90,True,0,24.0,True,16,0,NONE
6959,1791484226855,RESTRICTIVE_NAT,RETENTION_PROBE,0.00,118.32,118.32,True,0,24.0,True,16,4,NONE
6960,1791484226855,RESTRICTIVE_NAT,RETENTION_PROBE,0.00,0.00,0.00,False,1,24.0,True,16,0,RETENTION_EXPIRED
6961,1791484226855,RESTRICTIVE_NAT,RETENTION_PROBE,0.00,162.61,162.61,True,0,24.0,True,16,4,NONE
6962,1791484226855,RESTRICTIVE_NAT,RETENTION_PROBE,0.00,141.11,141.11,True,0,24.0,True,16,4,NONE
6963,1791484226855,RESTRICTIVE_NAT,RETENTION_PROBE,0.00,137.92,137.92,True,0,24.0,True,16,4,NONE
6964,1791484226855,RESTRICTIVE_NAT,RETENTION_PROBE,0.00,176.73,176.73,True,0,24.0,True,16,1,NONE
6965,1791484226855,RESTRICTIVE_NAT,RETENTION_PROBE,0.00,0.00,0.00,False,1,24.0,True,16,0,RETENTION_EXPIRED
6966,1791484226855,RESTRICTIVE_NAT,RETENTION_PROBE,0.00,0.00,0.00,False,1,24.0,True,16,0,RETENTION_EXPIRED
6967,1791484226855,RESTRICTIVE_NAT,RETENTION_PROBE,0.00,151.97,151.97,True,0,24.0,True,16,1,NONE
6968,1791484226855,RESTRICTIVE_NAT,RETENTION_PROBE,0.00,62.55,62.55,True,0,24.0,True,16,1,NONE
6969,1791484226855,RESTRICTIVE_NAT,RETENTION_PROBE,0.00,482.55,482.55,True,0,24.0,True,16,4,NONE
6970,1791484226855,RESTRICTIVE_NAT,RETENTION_PROBE,0.00,485.46,485.46,True,0,24.0,True,16,4,NONE
6971,1791484226855,RESTRICTIVE_NAT,RETENTION_PROBE,0.00,102.28,102.28,True,0,24.0,True,16,3,NONE
6972,1791484226855,RESTRICTIVE_NAT,RETENTION_PROBE,0.00,615.76,615.76,True,0,24.0,True,16,3,NONE
6973,1791484226855,RESTRICTIVE_NAT,RETENTION_PROBE,0.00,118.35,118.35,True,0,24.0,True,16,4,NONE
6974,1791484226855,RESTRICTIVE_NAT,RETENTION_PROBE,0.00,58.99,58.99,True,0,24.0,True,16,2,NONE
6975,1791484226855,RESTRICTIVE_NAT,RETENTION_PROBE,0.00,52.12,52.12,True,0,24.0,True,16,2,NONE
6976,1791484226855,RESTRICTIVE_NAT,RETENTION_PROBE,0.00,621.72,621.72,True,0,24.0,True,16,1,NONE
6977,1791484226855,RESTRICTIVE_NAT,RETENTION_PROBE,0.00,408.76,408.76,True,0,24.0,True,16,3,NONE
6978,1791484226855,RESTRICTIVE_NAT,RETENTION_PROBE,0.00,175.17,175.17,True,0,24.0,True,16,1,NONE
6979,1791484226855,RESTRICTIVE_NAT,RETENTION_PROBE,0.00,0.00,0.00,False,1,24.0,True,16,0,RETENTION_EXPIRED
6980,1791484226855,RESTRICTIVE_NAT,RETENTION_PROBE,0.00,162.78,162.78,True,0,24.0,True,16,4,NONE
6981,1791484226855,RESTRICTIVE_NAT,RETENTION_PROBE,0.00,53.28,53.28,True,0,24.0,True,16,1,NONE
6982,1791484226855,RESTRICTIVE_NAT,RETENTION_PROBE,0.00,167.74,167.74,True,0,24.0,True,16,1,NONE
6983,1791484226855,RESTRICTIVE_NAT,RETENTION_PROBE,0.00,127.30,127.30,True,0,24.0,True,16,3,NONE
6984,1791484226855,RESTRICTIVE_NAT,RETENTION_PROBE,0.00,120.91,120.91,True,0,24.0,True,16,3,NONE
